{"type": "FeatureCollection", "features": [{"type": "Feature", "properties": {"name": "Levada dos Tornos", "length_km": 36.48, "hasTunnel": true}, "geometry": {"type": "MultiLineString", "coordinates": [[[-16.987153, 32.775925], [-16.986776, 32.775927], [-16.986533, 32.775691], [-16.986585, 32.775544], [-16.986566, 32.775509], [-16.986474, 32.775471], [-16.986223, 32.775747], [-16.985861, 32.775939], [-16.985493, 32.775793], [-16.985684, 32.77545], [-16.985965, 32.775211], [-16.985913, 32.775172], [-16.985848, 32.77516], [-16.985614, 32.775264], [-16.985346, 32.775281], [-16.985138, 32.775381], [-16.984975, 32.775532], [-16.984887, 32.77555], [-16.984783, 32.775434], [-16.984795, 32.775247], [-16.985164, 32.774962], [-16.985408, 32.774811], [-16.985465, 32.774656], [-16.985342, 32.774596], [-16.984895, 32.774759], [-16.984609, 32.774793], [-16.984399, 32.774727], [-16.984357, 32.774597], [-16.984488, 32.774173], [-16.984136, 32.774033], [-16.983965, 32.773611], [-16.983573, 32.773275], [-16.983386, 32.773171], [-16.983242, 32.773293], [-16.983083, 32.773236], [-16.982798, 32.772876], [-16.982527, 32.772487], [-16.98246, 32.772504], [-16.982404, 32.772524], [-16.982472, 32.77272], [-16.982684, 32.773103], [-16.982728, 32.773291], [-16.982865, 32.77359], [-16.983385, 32.77377], [-16.983369, 32.774049], [-16.983155, 32.774242], [-16.983241, 32.774819], [-16.983844, 32.775239], [-16.983579, 32.775598], [-16.983629, 32.775839], [-16.983412, 32.77604], [-16.983339, 32.776182], [-16.98334, 32.776584], [-16.98338, 32.776975], [-16.98329, 32.777063], [-16.983169, 32.777083], [-16.983031, 32.777031], [-16.982809, 32.776825], [-16.98223, 32.776962], [-16.982082, 32.777129], [-16.981922, 32.777223], [-16.981728, 32.777199], [-16.981562, 32.777274], [-16.981417, 32.777316], [-16.981202, 32.777265], [-16.981046, 32.777405], [-16.980722, 32.777372], [-16.980604, 32.777598], [-16.980412, 32.777618], [-16.979828, 32.778331], [-16.979397, 32.778399], [-16.979018, 32.778448], [-16.978949, 32.778376], [-16.978787, 32.777818], [-16.978474, 32.777294], [-16.97837, 32.776744], [-16.978194, 32.776526], [-16.978085, 32.776513], [-16.977992, 32.776667], [-16.978105, 32.777425], [-16.977473, 32.778164], [-16.977098, 32.778506], [-16.976752, 32.778783], [-16.976696, 32.779174], [-16.976752, 32.779342], [-16.97679, 32.779363], [-16.97682, 32.77941], [-16.976806, 32.779433], [-16.976786, 32.779446], [-16.976753, 32.779445], [-16.976493, 32.779391], [-16.97633, 32.779411], [-16.976236, 32.779523], [-16.976157, 32.779551], [-16.975938, 32.779505], [-16.97581, 32.779343], [-16.975781, 32.779153], [-16.975905, 32.778898], [-16.97554, 32.778362], [-16.975374, 32.777751], [-16.975221, 32.777533], [-16.975134, 32.777392], [-16.975187, 32.776729], [-16.975149, 32.776548], [-16.974866, 32.776507], [-16.974504, 32.776725], [-16.974264, 32.776698], [-16.97409, 32.776578], [-16.973975, 32.776509], [-16.973138, 32.775588], [-16.972894, 32.775219], [-16.97281, 32.775151], [-16.972753, 32.775082], [-16.972545, 32.774983], [-16.972109, 32.774876], [-16.972017, 32.774807], [-16.971811, 32.774301], [-16.971116, 32.774054], [-16.971076, 32.773992], [-16.971128, 32.773878], [-16.971221, 32.773735], [-16.971256, 32.773679], [-16.971253, 32.773621], [-16.971153, 32.773584], [-16.971029, 32.773522], [-16.970764, 32.773505], [-16.970681, 32.773426], [-16.97071, 32.773267], [-16.970702, 32.773245], [-16.97066, 32.773233], [-16.970374, 32.773363], [-16.970299, 32.773352], [-16.970117, 32.773169], [-16.969662, 32.773066], [-16.969556, 32.772894], [-16.969474, 32.772852], [-16.969177, 32.772929], [-16.969135, 32.772921], [-16.968998, 32.772752], [-16.968842, 32.77274], [-16.968543, 32.772837], [-16.967907, 32.772613], [-16.967024, 32.772439], [-16.966255, 32.771896], [-16.966053, 32.771784], [-16.966009, 32.771823], [-16.965953, 32.771873], [-16.966079, 32.772121], [-16.966062, 32.772444], [-16.966096, 32.772498], [-16.966134, 32.772588], [-16.96623, 32.7727], [-16.966287, 32.77274], [-16.966313, 32.772784], [-16.966341, 32.772785], [-16.966639, 32.773007], [-16.967113, 32.773118], [-16.967169, 32.773267], [-16.967082, 32.773488], [-16.967186, 32.773558], [-16.967381, 32.773519], [-16.967653, 32.773527], [-16.967813, 32.773726], [-16.96807, 32.773909], [-16.968164, 32.774046], [-16.968419, 32.77424], [-16.968525, 32.774385], [-16.968549, 32.774579], [-16.968574, 32.774681], [-16.968712, 32.774877], [-16.968745, 32.775016], [-16.96869, 32.775271], [-16.968531, 32.775483], [-16.968499, 32.775621], [-16.968591, 32.775984], [-16.968804, 32.776468], [-16.969309, 32.77672], [-16.969781, 32.777307], [-16.970025, 32.777829], [-16.970092, 32.778131], [-16.970165, 32.778209], [-16.970331, 32.778279], [-16.970481, 32.778571], [-16.970516, 32.778908], [-16.970621, 32.779081], [-16.970651, 32.779273], [-16.970593, 32.779364], [-16.969623, 32.779658], [-16.969097, 32.779582], [-16.968925, 32.779643], [-16.969071, 32.779961], [-16.969331, 32.78031], [-16.969445, 32.780868], [-16.969341, 32.781048], [-16.96912, 32.781173], [-16.968796, 32.781269], [-16.968253, 32.781269], [-16.968016, 32.781448], [-16.967933, 32.781459], [-16.967757, 32.781406], [-16.967184, 32.780698], [-16.967138, 32.780495], [-16.966999, 32.78054], [-16.966984, 32.78071], [-16.966883, 32.78107], [-16.966976, 32.781376], [-16.96681, 32.781484], [-16.966652, 32.78147], [-16.966528, 32.781492], [-16.966381, 32.781597], [-16.965853, 32.781797], [-16.965321, 32.782006], [-16.964987, 32.782271], [-16.964944, 32.782351], [-16.965348, 32.78274], [-16.965657, 32.782754], [-16.965809, 32.783057], [-16.965943, 32.783283], [-16.965927, 32.78357], [-16.965991, 32.783612], [-16.966154, 32.783609], [-16.966687, 32.783998], [-16.966879, 32.78426], [-16.967108, 32.784414], [-16.967139, 32.784621], [-16.966963, 32.784828], [-16.96662, 32.785224], [-16.966483, 32.78552], [-16.966623, 32.785681], [-16.966776, 32.785739], [-16.967086, 32.785849], [-16.967348, 32.785902], [-16.967367, 32.785973], [-16.967204, 32.786318], [-16.96682, 32.786622], [-16.966593, 32.78718], [-16.966651, 32.787659], [-16.966815, 32.787786], [-16.966811, 32.787941], [-16.967082, 32.788263], [-16.967226, 32.788688], [-16.967357, 32.788829], [-16.967517, 32.789148], [-16.967503, 32.78921], [-16.967445, 32.789239], [-16.966964, 32.789468], [-16.966789, 32.789492], [-16.96661, 32.78949], [-16.966107, 32.789223], [-16.965591, 32.789088], [-16.965534, 32.789075], [-16.965371, 32.789035], [-16.965087, 32.78934], [-16.96483, 32.789441], [-16.964673, 32.789367], [-16.964653, 32.78931], [-16.964634, 32.789304], [-16.964534, 32.789332], [-16.964468, 32.789317], [-16.964029, 32.78918], [-16.963687, 32.789195], [-16.963533, 32.789261], [-16.963534, 32.789303], [-16.963537, 32.789329], [-16.9637, 32.789419], [-16.963924, 32.789637], [-16.96401, 32.789712], [-16.96411, 32.789749], [-16.964256, 32.789975], [-16.964464, 32.790103], [-16.964653, 32.790122], [-16.964832, 32.790127], [-16.964956, 32.790182], [-16.96501, 32.790206], [-16.965122, 32.790211], [-16.965197, 32.790241], [-16.965349, 32.79026], [-16.965382, 32.790283], [-16.965432, 32.790395], [-16.965395, 32.790438], [-16.965221, 32.790529], [-16.965203, 32.790652], [-16.965382, 32.790918], [-16.965441, 32.791164], [-16.965715, 32.791534], [-16.965742, 32.791794], [-16.965736, 32.792037], [-16.965394, 32.792163], [-16.965177, 32.792349], [-16.965078, 32.79238], [-16.964767, 32.792329], [-16.964618, 32.792301], [-16.96452, 32.792245], [-16.964424, 32.792274], [-16.964221, 32.792415], [-16.964199, 32.792585], [-16.964162, 32.792644], [-16.964035, 32.792638], [-16.96391, 32.792507], [-16.963734, 32.792502], [-16.963474, 32.792501], [-16.963311, 32.792483], [-16.963124, 32.792613], [-16.962785, 32.792676], [-16.962747, 32.792721], [-16.962757, 32.792834], [-16.962659, 32.792978], [-16.962543, 32.793013], [-16.962496, 32.793014], [-16.962437, 32.792979], [-16.962222, 32.792639], [-16.961772, 32.792301], [-16.961003, 32.79222], [-16.96064, 32.792256], [-16.960427, 32.792434], [-16.959997, 32.792285], [-16.959888, 32.792204]], [[-16.958824, 32.791854], [-16.958768, 32.791766], [-16.958708, 32.791728], [-16.958533, 32.791731], [-16.958411, 32.791796], [-16.958289, 32.791849], [-16.958189, 32.791849], [-16.958041, 32.791743], [-16.957997, 32.791711], [-16.950152, 32.787207], [-16.936304, 32.78015], [-16.936215, 32.780109], [-16.936126, 32.780068], [-16.936111, 32.780024], [-16.936299, 32.779742], [-16.936262, 32.779685], [-16.936177, 32.779636], [-16.936096, 32.779679], [-16.936071, 32.779679], [-16.935815, 32.779652], [-16.935609, 32.779842]], [[-16.916331, 32.694035], [-16.916365, 32.693982], [-16.916261, 32.693709], [-16.91625, 32.693485], [-16.916274, 32.693111], [-16.916224, 32.693047], [-16.916228, 32.692692], [-16.916286, 32.692454], [-16.916284, 32.69241], [-16.916335, 32.692256], [-16.91629, 32.692174], [-16.916263, 32.692114], [-16.916195, 32.691958], [-16.916167, 32.69184], [-16.916126, 32.691803], [-16.91603, 32.69176], [-16.916003, 32.691736], [-16.916, 32.69172], [-16.916053, 32.691582], [-16.916069, 32.691515], [-16.916065, 32.691478], [-16.916045, 32.691396], [-16.916001, 32.691304], [-16.915947, 32.691222], [-16.915919, 32.691159], [-16.915915, 32.691109], [-16.915926, 32.69107], [-16.916157, 32.690696], [-16.91617, 32.690648], [-16.916164, 32.69062], [-16.91615, 32.690591], [-16.916063, 32.690522], [-16.916028, 32.690478], [-16.915973, 32.690403], [-16.915925, 32.690362], [-16.915896, 32.690349], [-16.915774, 32.6903], [-16.915747, 32.690272], [-16.91574, 32.690243], [-16.915743, 32.690218], [-16.915766, 32.690203], [-16.916116, 32.690096], [-16.916142, 32.690064], [-16.916145, 32.690027], [-16.916176, 32.689707], [-16.916179, 32.689616], [-16.91615, 32.689496], [-16.916137, 32.689355], [-16.916122, 32.689304], [-16.916097, 32.689276], [-16.916029, 32.689239], [-16.915962, 32.689199], [-16.915935, 32.689165], [-16.915871, 32.689073], [-16.915826, 32.689034], [-16.915773, 32.689009], [-16.915681, 32.688984], [-16.91554, 32.688983], [-16.915504, 32.688975], [-16.915481, 32.688955], [-16.915438, 32.688925], [-16.915348, 32.688871], [-16.914953, 32.688744], [-16.914795, 32.688713], [-16.914761, 32.688716], [-16.914609, 32.688748], [-16.914596, 32.688746], [-16.914584, 32.688739], [-16.914572, 32.688723], [-16.914557, 32.688662], [-16.914543, 32.688561], [-16.914516, 32.68851], [-16.914444, 32.688407], [-16.914368, 32.688332], [-16.914221, 32.688242], [-16.913987, 32.688164], [-16.913924, 32.688157], [-16.913884, 32.688164], [-16.913735, 32.68821], [-16.913693, 32.688212], [-16.91366, 32.688204], [-16.913594, 32.688183], [-16.913536, 32.688177], [-16.913382, 32.688162], [-16.913262, 32.688153], [-16.913099, 32.688159], [-16.912905, 32.688197], [-16.912841, 32.688224], [-16.912783, 32.688259], [-16.912754, 32.688259], [-16.912605, 32.688251], [-16.912565, 32.688253], [-16.912526, 32.688261], [-16.912489, 32.688276], [-16.912452, 32.688299], [-16.912422, 32.688329], [-16.9124, 32.688362], [-16.912359, 32.688444], [-16.912342, 32.688517], [-16.912325, 32.688571], [-16.91228, 32.688628], [-16.912211, 32.688668], [-16.912075, 32.688747], [-16.912039, 32.688763], [-16.911912, 32.688733], [-16.911859, 32.688732], [-16.911796, 32.688748], [-16.911712, 32.688792], [-16.911647, 32.688853], [-16.911599, 32.688916], [-16.911542, 32.688987], [-16.911514, 32.689002], [-16.911465, 32.689008], [-16.911329, 32.688992], [-16.911268, 32.688999], [-16.911222, 32.689017], [-16.91119, 32.689041], [-16.911167, 32.689077], [-16.911111, 32.689173], [-16.911008, 32.689282], [-16.910856, 32.689432], [-16.910758, 32.689479], [-16.91071, 32.689495], [-16.910672, 32.689494], [-16.910504, 32.689481], [-16.910437, 32.689461], [-16.910404, 32.689441], [-16.910373, 32.689411], [-16.910269, 32.689264]], [[-16.895225, 32.682998], [-16.895151, 32.682979], [-16.895121, 32.682977], [-16.895092, 32.68298], [-16.895059, 32.68299], [-16.895031, 32.683006], [-16.894857, 32.683119], [-16.894802, 32.683142], [-16.89465, 32.683202], [-16.894622, 32.68322], [-16.89456, 32.683273], [-16.89453, 32.683286], [-16.894485, 32.683286], [-16.894432, 32.683284], [-16.894372, 32.683291], [-16.894283, 32.683315], [-16.894257, 32.683333], [-16.894241, 32.683357], [-16.894203, 32.683461], [-16.894188, 32.683529], [-16.894167, 32.683563], [-16.894135, 32.683593], [-16.894082, 32.683626], [-16.894056, 32.683642], [-16.89401, 32.683692], [-16.893974, 32.683708], [-16.893927, 32.683712], [-16.89388, 32.683703], [-16.893819, 32.683686], [-16.893764, 32.683648], [-16.893723, 32.683613], [-16.893705, 32.683582], [-16.893705, 32.683551], [-16.893712, 32.683496], [-16.893702, 32.683474], [-16.893689, 32.68346], [-16.893623, 32.683429], [-16.893597, 32.683427], [-16.893565, 32.683436], [-16.89354, 32.683438], [-16.893457, 32.683434], [-16.893372, 32.683428], [-16.893345, 32.683414], [-16.893316, 32.683379], [-16.893315, 32.683367], [-16.893331, 32.683262], [-16.893359, 32.683179], [-16.89361, 32.682991], [-16.89366, 32.682929], [-16.893841, 32.682716], [-16.893848, 32.682687], [-16.893803, 32.682454], [-16.893798, 32.682419], [-16.893816, 32.682233], [-16.893828, 32.682162], [-16.893824, 32.682125], [-16.893811, 32.682085], [-16.893794, 32.682057], [-16.893739, 32.682025], [-16.893683, 32.682004], [-16.893619, 32.681997], [-16.893424, 32.681973], [-16.893359, 32.681959], [-16.893327, 32.681944], [-16.893298, 32.681922], [-16.893254, 32.681871], [-16.893243, 32.681844], [-16.89323, 32.681779], [-16.893215, 32.681737], [-16.893156, 32.681663], [-16.893136, 32.68163], [-16.893107, 32.68154], [-16.893107, 32.68148], [-16.893106, 32.681428], [-16.893094, 32.681392], [-16.893073, 32.681364], [-16.893038, 32.681316], [-16.893019, 32.681272], [-16.892969, 32.681228], [-16.892937, 32.681202], [-16.892903, 32.681171], [-16.892865, 32.681119], [-16.892831, 32.681057], [-16.892817, 32.680968], [-16.892835, 32.680916], [-16.8929, 32.680715], [-16.892919, 32.680631], [-16.892891, 32.680561], [-16.892844, 32.680463], [-16.892804, 32.680355], [-16.892786, 32.68029], [-16.89277, 32.680149], [-16.89275, 32.680101], [-16.892723, 32.680067], [-16.892617, 32.679991], [-16.892586, 32.679961], [-16.892555, 32.679921], [-16.892486, 32.679836], [-16.892436, 32.67978], [-16.892418, 32.67975], [-16.892397, 32.679695], [-16.892371, 32.679646], [-16.892353, 32.679571], [-16.89235, 32.679525], [-16.892365, 32.67946], [-16.89236, 32.679437], [-16.892347, 32.679421], [-16.892333, 32.679405], [-16.892332, 32.679392], [-16.892336, 32.679384], [-16.892426, 32.679307], [-16.892433, 32.679289], [-16.892433, 32.679272], [-16.892425, 32.67925], [-16.892409, 32.679233], [-16.892345, 32.679188], [-16.892318, 32.679165], [-16.892249, 32.679078], [-16.892227, 32.679035], [-16.892209, 32.67898], [-16.892213, 32.678961], [-16.89222, 32.678921], [-16.892217, 32.678898], [-16.892203, 32.678868], [-16.892123, 32.678709], [-16.892098, 32.678674], [-16.892069, 32.678635], [-16.892002, 32.678529], [-16.891993, 32.678501], [-16.891994, 32.678412], [-16.891994, 32.678373], [-16.891983, 32.678338], [-16.891978, 32.678299], [-16.891979, 32.678271], [-16.892008, 32.678192], [-16.892002, 32.678169], [-16.891989, 32.678156], [-16.89197, 32.678134], [-16.891968, 32.678105], [-16.89197, 32.678084], [-16.891979, 32.678044], [-16.891995, 32.678015], [-16.892042, 32.677972], [-16.892308, 32.677826], [-16.892322, 32.677802], [-16.892324, 32.677765], [-16.892325, 32.677454], [-16.892316, 32.677413], [-16.892282, 32.677298], [-16.892281, 32.677273], [-16.892284, 32.677248], [-16.892293, 32.677219], [-16.892307, 32.677192], [-16.892326, 32.677166], [-16.892416, 32.677071], [-16.892453, 32.677051], [-16.892643, 32.67697], [-16.892695, 32.676933], [-16.892817, 32.676824], [-16.892834, 32.676795], [-16.89285, 32.676761], [-16.892888, 32.676635], [-16.892941, 32.676544], [-16.893075, 32.676423], [-16.893086, 32.676403], [-16.89309, 32.676381], [-16.893086, 32.676358], [-16.893075, 32.676338], [-16.893023, 32.676265], [-16.89299, 32.676238], [-16.892808, 32.676101], [-16.892739, 32.676032], [-16.892711, 32.675985], [-16.892619, 32.675795], [-16.892598, 32.675715], [-16.892589, 32.675657], [-16.892615, 32.675367], [-16.892612, 32.675348], [-16.892604, 32.67533], [-16.892592, 32.675314], [-16.892576, 32.675299], [-16.892449, 32.675236], [-16.892412, 32.675232], [-16.8923, 32.675241], [-16.892265, 32.675258], [-16.892112, 32.675389], [-16.8921, 32.675408]], [[-16.890754, 32.675848], [-16.890695, 32.675862], [-16.890697, 32.675871], [-16.890732, 32.675866], [-16.890736, 32.675875], [-16.890611, 32.675905], [-16.890598, 32.675924], [-16.890462, 32.675975], [-16.890396, 32.675998], [-16.890309, 32.676034], [-16.890281, 32.676047], [-16.890249, 32.676086], [-16.890228, 32.676099]], [[-16.890201, 32.676115], [-16.890155, 32.676148], [-16.890088, 32.676191], [-16.889983, 32.676253], [-16.889886, 32.676282], [-16.889711, 32.676311], [-16.889519, 32.676373], [-16.889477, 32.676412], [-16.889436, 32.67646], [-16.889408, 32.676498], [-16.889377, 32.676497], [-16.889349, 32.676493], [-16.889303, 32.676459], [-16.889296, 32.676422], [-16.889314, 32.676159], [-16.889321, 32.676023], [-16.889313, 32.67599], [-16.889302, 32.675947], [-16.889285, 32.67591], [-16.8892, 32.675746], [-16.889158, 32.67567], [-16.889086, 32.675542], [-16.889052, 32.675466], [-16.888988, 32.67532], [-16.888966, 32.675258], [-16.888912, 32.675042], [-16.888883, 32.67495], [-16.888864, 32.674913], [-16.888849, 32.674895], [-16.888804, 32.674855], [-16.88862, 32.674723], [-16.888488, 32.674631], [-16.888461, 32.674616], [-16.888429, 32.674609], [-16.888405, 32.674609], [-16.888381, 32.674614], [-16.888334, 32.674644], [-16.8883, 32.674686], [-16.888245, 32.674759], [-16.888231, 32.674788], [-16.888205, 32.674933], [-16.888138, 32.675163], [-16.888125, 32.67521], [-16.888106, 32.675255], [-16.888089, 32.675285], [-16.888069, 32.675314], [-16.888034, 32.675352], [-16.887993, 32.675384], [-16.887945, 32.675412], [-16.887864, 32.675458], [-16.887779, 32.675497], [-16.887755, 32.675522], [-16.887744, 32.675544], [-16.887739, 32.675567], [-16.887736, 32.675666], [-16.887733, 32.675711], [-16.887729, 32.67574], [-16.887674, 32.675818], [-16.887672, 32.675841], [-16.887677, 32.675863], [-16.887687, 32.675881], [-16.887701, 32.675895], [-16.887764, 32.675955], [-16.887811, 32.676003], [-16.887835, 32.676055], [-16.887839, 32.676147], [-16.887829, 32.676241], [-16.887802, 32.676342], [-16.887756, 32.676399], [-16.887711, 32.676465], [-16.887701, 32.676514], [-16.887705, 32.676546], [-16.887699, 32.67657], [-16.887688, 32.676587], [-16.887667, 32.676597], [-16.887638, 32.676598], [-16.88761, 32.676591], [-16.887586, 32.676565], [-16.887586, 32.676559], [-16.887606, 32.676495], [-16.887617, 32.67642], [-16.887615, 32.676346], [-16.887606, 32.676307], [-16.887588, 32.676269], [-16.887563, 32.676234], [-16.887536, 32.676209], [-16.887504, 32.676187], [-16.887468, 32.67617], [-16.887386, 32.676147], [-16.8873, 32.676127], [-16.88725, 32.676108], [-16.887217, 32.676079], [-16.887144, 32.675998], [-16.887107, 32.675943], [-16.88706, 32.675883], [-16.887024, 32.675835], [-16.887014, 32.675809], [-16.886961, 32.675486], [-16.886949, 32.675456], [-16.886866, 32.675345], [-16.88684, 32.675335], [-16.886813, 32.675333], [-16.886786, 32.675339], [-16.886762, 32.675352], [-16.886545, 32.675603], [-16.886446, 32.675689], [-16.886071, 32.675917], [-16.885857, 32.676046], [-16.885825, 32.676055], [-16.885791, 32.676061], [-16.885752, 32.676062], [-16.885712, 32.676056], [-16.885686, 32.676045]], [[-16.885629, 32.676028], [-16.885572, 32.67601], [-16.885545, 32.675964]], [[-16.885552, 32.675955], [-16.885528, 32.675883], [-16.885848, 32.675507], [-16.885871, 32.675325], [-16.885925, 32.675176], [-16.88592, 32.674977], [-16.885934, 32.674864], [-16.886064, 32.674602], [-16.886102, 32.674555], [-16.886587, 32.67428], [-16.886666, 32.674204], [-16.88674, 32.674049], [-16.886813, 32.673963], [-16.887003, 32.673799], [-16.887059, 32.673727], [-16.887127, 32.673608], [-16.887161, 32.673444], [-16.88718, 32.673399], [-16.887298, 32.673286], [-16.887404, 32.673173], [-16.887858, 32.672889], [-16.888215, 32.672696], [-16.888464, 32.672596], [-16.888706, 32.672534], [-16.888844, 32.672511], [-16.889331, 32.672495], [-16.889447, 32.672473], [-16.890018, 32.672165], [-16.890036, 32.672155], [-16.890049, 32.672128], [-16.890052, 32.672099], [-16.890046, 32.671916], [-16.890037, 32.671827], [-16.890041, 32.671716], [-16.890038, 32.671602], [-16.890007, 32.671564], [-16.889968, 32.671474], [-16.889902, 32.671371], [-16.889541, 32.671033], [-16.889508, 32.670971], [-16.889177, 32.670656], [-16.889135, 32.670623], [-16.889105, 32.670603], [-16.889067, 32.670583], [-16.888887, 32.670552], [-16.888682, 32.670535], [-16.888323, 32.67048], [-16.888242, 32.670482], [-16.888181, 32.670495], [-16.88812, 32.670539], [-16.887946, 32.670693], [-16.887897, 32.670716], [-16.887844, 32.670729], [-16.887663, 32.670706], [-16.887622, 32.670712], [-16.887584, 32.670724], [-16.88755, 32.670741], [-16.88752, 32.670764], [-16.887492, 32.670797], [-16.887481, 32.670816], [-16.887473, 32.670836], [-16.88747, 32.670871], [-16.887477, 32.670905], [-16.887506, 32.670992], [-16.887526, 32.671146], [-16.887529, 32.67119], [-16.887524, 32.671233], [-16.887512, 32.671275], [-16.887491, 32.671318], [-16.887463, 32.671358], [-16.887428, 32.671394], [-16.887379, 32.671428], [-16.887324, 32.671457], [-16.887259, 32.671482], [-16.887192, 32.6715], [-16.887151, 32.671501], [-16.887109, 32.671495], [-16.887069, 32.671483], [-16.887033, 32.671465], [-16.886993, 32.67143], [-16.886951, 32.671409], [-16.88692, 32.671397], [-16.886876, 32.671388], [-16.886832, 32.671385], [-16.886729, 32.67138], [-16.886681, 32.671365], [-16.886661, 32.671355], [-16.886647, 32.671339], [-16.886641, 32.67132], [-16.886643, 32.671302], [-16.886652, 32.671286], [-16.886667, 32.671273], [-16.886693, 32.671265], [-16.886739, 32.671249], [-16.886782, 32.671221], [-16.886819, 32.671169], [-16.886825, 32.671149], [-16.886823, 32.671129], [-16.886817, 32.671114], [-16.886808, 32.671101], [-16.886591, 32.670925], [-16.886554, 32.670887], [-16.886521, 32.670846], [-16.886487, 32.670786], [-16.886466, 32.670734], [-16.886454, 32.670678], [-16.886447, 32.670621], [-16.886453, 32.670347], [-16.886458, 32.670288], [-16.886439, 32.670231], [-16.886421, 32.670184], [-16.886482, 32.670073], [-16.886488, 32.670044], [-16.886485, 32.670014], [-16.886476, 32.669993], [-16.886462, 32.669974], [-16.886443, 32.669955], [-16.886415, 32.669933], [-16.886394, 32.669907], [-16.886377, 32.669873], [-16.88637, 32.669837], [-16.886375, 32.669776], [-16.886375, 32.669754], [-16.886366, 32.669733], [-16.886352, 32.669715], [-16.886333, 32.669701], [-16.88631, 32.669693], [-16.886209, 32.669666], [-16.886112, 32.669628], [-16.886022, 32.66957], [-16.885809, 32.669368], [-16.885771, 32.669307], [-16.885752, 32.669286], [-16.885698, 32.669238], [-16.885603, 32.669169], [-16.885578, 32.669142], [-16.885572, 32.669124], [-16.885562, 32.669074], [-16.885537, 32.668895], [-16.885524, 32.668853], [-16.885503, 32.668821], [-16.885468, 32.668797], [-16.885437, 32.668788], [-16.885265, 32.668762], [-16.88523, 32.668747], [-16.885202, 32.668727], [-16.884931, 32.668519], [-16.884869, 32.668476], [-16.884829, 32.668399]], [[-16.884664, 32.667711], [-16.884631, 32.667712], [-16.884468, 32.667598], [-16.884094, 32.66737], [-16.884002, 32.667322], [-16.883887, 32.667279], [-16.883841, 32.667268], [-16.883794, 32.667262], [-16.883746, 32.66726], [-16.883693, 32.667265], [-16.883641, 32.667275], [-16.883591, 32.667292], [-16.883517, 32.66733], [-16.883346, 32.667436], [-16.883324, 32.667458], [-16.883306, 32.667483], [-16.883293, 32.667512], [-16.883286, 32.667542], [-16.883285, 32.667573], [-16.883304, 32.667772], [-16.883319, 32.667988], [-16.883316, 32.668079], [-16.88328, 32.668259], [-16.883266, 32.668278], [-16.883246, 32.668294], [-16.883223, 32.668306], [-16.883197, 32.668314], [-16.883169, 32.668317], [-16.882887, 32.668312], [-16.882839, 32.668316], [-16.882612, 32.668379], [-16.882566, 32.668402], [-16.882312, 32.668583], [-16.882229, 32.668645], [-16.882159, 32.668707], [-16.882096, 32.668757], [-16.881847, 32.668906], [-16.881794, 32.66895], [-16.88169, 32.669037], [-16.881627, 32.669074], [-16.881455, 32.669143], [-16.881435, 32.669147], [-16.881414, 32.669148], [-16.881394, 32.669146], [-16.881374, 32.669141], [-16.881189, 32.669067], [-16.881088, 32.66901], [-16.881038, 32.668971], [-16.880969, 32.668915], [-16.880827, 32.668836], [-16.880784, 32.668825], [-16.880746, 32.668825], [-16.880707, 32.66883], [-16.880671, 32.66884], [-16.880636, 32.668855], [-16.880613, 32.668868], [-16.880592, 32.668883], [-16.88052, 32.668938], [-16.880477, 32.668989], [-16.880466, 32.669011], [-16.880463, 32.669035], [-16.880468, 32.66906], [-16.880482, 32.669084], [-16.880672, 32.669263], [-16.880699, 32.669298], [-16.880721, 32.669336], [-16.88074, 32.669383], [-16.880749, 32.669431], [-16.880748, 32.669464], [-16.880741, 32.669497], [-16.880729, 32.669529], [-16.880713, 32.669557], [-16.880692, 32.669584], [-16.880668, 32.669607], [-16.880559, 32.669681], [-16.880529, 32.669698], [-16.880437, 32.669741], [-16.880418, 32.669747], [-16.880399, 32.669748], [-16.88038, 32.669743], [-16.880364, 32.669734], [-16.880353, 32.669721], [-16.880347, 32.669704], [-16.880349, 32.669687], [-16.880358, 32.669669], [-16.880451, 32.669627], [-16.8805, 32.66958], [-16.880525, 32.669538], [-16.880521, 32.669512], [-16.880506, 32.669491], [-16.880481, 32.669473], [-16.880437, 32.669453], [-16.879969, 32.669328], [-16.879905, 32.669324], [-16.879867, 32.669328], [-16.879822, 32.669334], [-16.879778, 32.669345], [-16.879736, 32.669361], [-16.879686, 32.669389], [-16.879641, 32.669424], [-16.879597, 32.669502], [-16.879537, 32.6696], [-16.879521, 32.669615], [-16.879501, 32.669627], [-16.87948, 32.669636], [-16.879448, 32.669642], [-16.879414, 32.669641], [-16.879375, 32.669637], [-16.879362, 32.669632], [-16.87935, 32.669625], [-16.879338, 32.669612], [-16.87933, 32.669596], [-16.879328, 32.669563], [-16.879365, 32.669523], [-16.879379, 32.669438], [-16.879381, 32.669303], [-16.879402, 32.669216], [-16.879503, 32.669141], [-16.879846, 32.668956], [-16.879965, 32.668711], [-16.879988, 32.668409], [-16.880047, 32.668237], [-16.880472, 32.667929], [-16.880807, 32.667791], [-16.880912, 32.667701], [-16.880916, 32.667599], [-16.880938, 32.667411], [-16.880937, 32.667361], [-16.880931, 32.667319], [-16.880929, 32.667265]], [[-16.869706, 32.664808], [-16.869933, 32.664724], [-16.870069, 32.664685], [-16.870383, 32.664611], [-16.87047, 32.664598], [-16.870506, 32.664598], [-16.870547, 32.664602], [-16.870587, 32.664612], [-16.870628, 32.664636], [-16.870653, 32.664658], [-16.870706, 32.664736], [-16.870725, 32.66478], [-16.870732, 32.664817], [-16.870738, 32.664989], [-16.870737, 32.665019], [-16.870722, 32.665154], [-16.870724, 32.66517], [-16.870735, 32.665214], [-16.870749, 32.665265], [-16.870766, 32.665314], [-16.870775, 32.665358], [-16.870777, 32.6654], [-16.870765, 32.665494], [-16.870753, 32.665537], [-16.870694, 32.665655], [-16.870681, 32.665673], [-16.870542, 32.665802], [-16.870527, 32.665825], [-16.870513, 32.665878], [-16.87048, 32.666032], [-16.870474, 32.666106], [-16.870479, 32.666142], [-16.870497, 32.666176], [-16.870518, 32.666198], [-16.870555, 32.666218], [-16.870597, 32.666244], [-16.870647, 32.666294], [-16.870675, 32.666341], [-16.870697, 32.666388], [-16.870719, 32.666448], [-16.870732, 32.66651], [-16.870744, 32.666608], [-16.870754, 32.666635], [-16.870764, 32.666651], [-16.870778, 32.666665], [-16.870863, 32.66674], [-16.870894, 32.66678], [-16.870916, 32.666827], [-16.870927, 32.666877], [-16.870929, 32.666914], [-16.870925, 32.666951], [-16.870916, 32.666979], [-16.870893, 32.667008], [-16.870802, 32.667073], [-16.870787, 32.667096], [-16.87078, 32.667136], [-16.870784, 32.667158], [-16.870797, 32.667194], [-16.870857, 32.667337], [-16.870873, 32.667355], [-16.870894, 32.667371], [-16.870919, 32.667382], [-16.870942, 32.667388], [-16.870966, 32.66739], [-16.870991, 32.667388], [-16.871405, 32.667329], [-16.871448, 32.667342], [-16.871483, 32.667361], [-16.871514, 32.667385], [-16.871537, 32.667415], [-16.871551, 32.667449], [-16.871554, 32.667475], [-16.871551, 32.667501], [-16.871543, 32.667526], [-16.871503, 32.667597], [-16.871383, 32.667763], [-16.871306, 32.66797], [-16.871308, 32.66804], [-16.871312, 32.668121], [-16.871332, 32.668297], [-16.871343, 32.66841], [-16.871343, 32.668467], [-16.871307, 32.668593], [-16.871257, 32.668725], [-16.871285, 32.668752], [-16.871301, 32.668766], [-16.871582, 32.668683], [-16.871801, 32.66859], [-16.871881, 32.668545], [-16.871926, 32.668507], [-16.871961, 32.668467], [-16.871979, 32.668373], [-16.872038, 32.668246], [-16.872133, 32.668078], [-16.872228, 32.667989], [-16.872538, 32.667814], [-16.872582, 32.66776], [-16.872595, 32.66771], [-16.872597, 32.667641], [-16.872621, 32.667601], [-16.872725, 32.667537], [-16.872746, 32.667512], [-16.872755, 32.667457], [-16.872677, 32.667175], [-16.872683, 32.667092], [-16.872707, 32.667015], [-16.872838, 32.666796], [-16.873173, 32.666256], [-16.873226, 32.666156], [-16.873458, 32.665929], [-16.873565, 32.665827], [-16.873657, 32.665804], [-16.873745, 32.665806], [-16.873807, 32.665819], [-16.873917, 32.665887], [-16.874074, 32.666016], [-16.874183, 32.666131], [-16.87427, 32.666313], [-16.874367, 32.666459], [-16.874457, 32.666598], [-16.87448, 32.666655], [-16.874534, 32.666765], [-16.874634, 32.66692], [-16.874674, 32.66697], [-16.874705, 32.666996], [-16.874738, 32.667015], [-16.874794, 32.667037], [-16.874844, 32.667072], [-16.874871, 32.667102], [-16.874907, 32.667148], [-16.874938, 32.667203], [-16.874959, 32.667219], [-16.875008, 32.667222], [-16.875027, 32.667222], [-16.875056, 32.667213], [-16.875308, 32.666991], [-16.875353, 32.666922], [-16.87538, 32.666769], [-16.875385, 32.666717], [-16.875373, 32.666668], [-16.875359, 32.666642], [-16.87532, 32.666581], [-16.875304, 32.666536], [-16.875311, 32.6665], [-16.87531, 32.666468], [-16.875387, 32.666358], [-16.87546, 32.666272], [-16.875537, 32.666222], [-16.875578, 32.666208], [-16.875611, 32.666204], [-16.875644, 32.666205], [-16.875922, 32.666278], [-16.876076, 32.666335], [-16.876113, 32.666341], [-16.876166, 32.666336], [-16.876216, 32.666341], [-16.876522, 32.666478], [-16.876712, 32.66657], [-16.876767, 32.666593], [-16.876809, 32.666604], [-16.876845, 32.666603], [-16.876873, 32.666598], [-16.876898, 32.666588], [-16.876921, 32.666574], [-16.876938, 32.666557], [-16.87695, 32.666538], [-16.876958, 32.666516], [-16.877051, 32.666254], [-16.877107, 32.666099], [-16.877147, 32.666072], [-16.877183, 32.666059], [-16.87723, 32.666049], [-16.877266, 32.666038], [-16.877416, 32.665943], [-16.877454, 32.665924], [-16.877508, 32.665915], [-16.877621, 32.665913], [-16.877862, 32.665938], [-16.877942, 32.665959], [-16.878034, 32.666022], [-16.878102, 32.666094], [-16.87824, 32.666298], [-16.878275, 32.666329], [-16.878366, 32.666393], [-16.87841, 32.666425], [-16.878592, 32.666609], [-16.878748, 32.666765], [-16.878766, 32.666772], [-16.878808, 32.666772], [-16.878816, 32.666772], [-16.878827, 32.666765], [-16.878869, 32.666705], [-16.878966, 32.66655], [-16.879071, 32.66629], [-16.879092, 32.666257], [-16.87914, 32.666234], [-16.879206, 32.66621], [-16.879229, 32.666211], [-16.879252, 32.666216], [-16.879272, 32.666229], [-16.87935, 32.666349], [-16.879363, 32.666388], [-16.879377, 32.666458], [-16.879394, 32.666497], [-16.879408, 32.666534]], [[-16.866928, 32.664082], [-16.866898, 32.664116], [-16.866886, 32.664143], [-16.866878, 32.664319], [-16.866871, 32.664335], [-16.866865, 32.664339], [-16.866826, 32.664345], [-16.86611, 32.664336], [-16.866073, 32.66433], [-16.865821, 32.664277], [-16.86573, 32.664266], [-16.865638, 32.664274], [-16.865597, 32.664284], [-16.865564, 32.664298], [-16.865518, 32.664337]], [[-16.86573, 32.667438], [-16.865606, 32.667245], [-16.865541, 32.667146], [-16.865514, 32.667119], [-16.865412, 32.667065], [-16.865348, 32.667045], [-16.865229, 32.667048], [-16.86519, 32.667059], [-16.865143, 32.667078], [-16.864998, 32.667228], [-16.864979, 32.667232], [-16.864964, 32.66723], [-16.864939, 32.667222], [-16.864919, 32.667209], [-16.864907, 32.667189], [-16.864885, 32.667063], [-16.864809, 32.666962], [-16.864673, 32.666858], [-16.864625, 32.666832], [-16.86454, 32.666826], [-16.86451, 32.666816], [-16.864494, 32.666805], [-16.864445, 32.666745], [-16.864364, 32.66656], [-16.864316, 32.66652], [-16.864096, 32.666395], [-16.863664, 32.666135], [-16.863605, 32.666086], [-16.86355, 32.666033], [-16.863495, 32.665973], [-16.863446, 32.66591], [-16.863402, 32.665844], [-16.863283, 32.665635], [-16.863258, 32.66561], [-16.863216, 32.665591], [-16.863022, 32.665539], [-16.86286, 32.665518], [-16.862792, 32.66553], [-16.862734, 32.665552], [-16.86248, 32.665692], [-16.86233, 32.665793], [-16.861895, 32.666305], [-16.861804, 32.666551], [-16.861764, 32.666796], [-16.86175, 32.666842], [-16.861739, 32.666868], [-16.861691, 32.66691], [-16.86166, 32.66693], [-16.861612, 32.666936], [-16.861555, 32.666933], [-16.861511, 32.666927], [-16.8615, 32.666925], [-16.858095, 32.666727], [-16.857936, 32.666722], [-16.857822, 32.666711], [-16.857752, 32.666694], [-16.857591, 32.666702], [-16.857284, 32.666798], [-16.857104, 32.666972], [-16.856974, 32.667122], [-16.856964, 32.667131], [-16.856952, 32.667135], [-16.856939, 32.667134], [-16.856928, 32.66713], [-16.85692, 32.667123], [-16.856915, 32.667113], [-16.856903, 32.667016], [-16.856891, 32.66692], [-16.856824, 32.666714], [-16.856678, 32.666412], [-16.856612, 32.666339], [-16.856392, 32.666153], [-16.856072, 32.665954], [-16.856032, 32.665934], [-16.855925, 32.665922], [-16.85583, 32.665918], [-16.855684, 32.665913], [-16.855659, 32.665907], [-16.855634, 32.665893], [-16.855608, 32.66587], [-16.855494, 32.665749], [-16.855471, 32.665713], [-16.855457, 32.665676], [-16.855431, 32.665651], [-16.855395, 32.665629], [-16.855276, 32.665587], [-16.855175, 32.66554], [-16.85507, 32.665465], [-16.855011, 32.665424], [-16.854957, 32.665393], [-16.854815, 32.665337], [-16.854461, 32.66521], [-16.854297, 32.665178], [-16.854215, 32.66518], [-16.854125, 32.665195], [-16.85405, 32.665239], [-16.854014, 32.665293], [-16.853994, 32.665354], [-16.853925, 32.665665], [-16.853887, 32.665727], [-16.853826, 32.665743], [-16.853685, 32.665764], [-16.853495, 32.665735], [-16.853359, 32.665679], [-16.85306, 32.665447], [-16.852949, 32.665394], [-16.85289, 32.665352], [-16.852814, 32.665258], [-16.852774, 32.665219], [-16.852677, 32.665146], [-16.852623, 32.665085], [-16.852507, 32.664881], [-16.852484, 32.664861], [-16.852468, 32.664854], [-16.852402, 32.66484], [-16.852358, 32.664839], [-16.852227, 32.664841], [-16.852206, 32.664849], [-16.852189, 32.664859], [-16.852171, 32.664877], [-16.852159, 32.6649], [-16.852155, 32.664924], [-16.852157, 32.66496], [-16.85213, 32.664982]], [[-16.853781, 32.669384], [-16.853729, 32.669426], [-16.853702, 32.669444], [-16.853659, 32.66946], [-16.853524, 32.669482], [-16.853344, 32.669488], [-16.853117, 32.669458], [-16.852966, 32.669445], [-16.852897, 32.669455], [-16.852789, 32.669511], [-16.85276, 32.669517], [-16.852742, 32.669514], [-16.852638, 32.669487], [-16.852623, 32.669478], [-16.852609, 32.669466], [-16.852599, 32.669454], [-16.852592, 32.669441], [-16.852554, 32.669309], [-16.852526, 32.669213], [-16.852504, 32.669189], [-16.852477, 32.669173], [-16.852451, 32.669164], [-16.852045, 32.66908], [-16.852011, 32.66906], [-16.851956, 32.669014], [-16.85186, 32.668961], [-16.851814, 32.668911], [-16.851667, 32.668717], [-16.851633, 32.668693], [-16.851597, 32.668684], [-16.85143, 32.668639], [-16.851197, 32.668552], [-16.851185, 32.668548], [-16.851148, 32.668536], [-16.851111, 32.668531], [-16.850982, 32.668529], [-16.850889, 32.668542], [-16.850785, 32.668573], [-16.850722, 32.668599], [-16.850686, 32.668634], [-16.850671, 32.668655], [-16.850633, 32.668708], [-16.850587, 32.668803], [-16.850548, 32.668956], [-16.850516, 32.669041], [-16.850445, 32.669211], [-16.850412, 32.669388], [-16.850344, 32.669535], [-16.850331, 32.669548], [-16.850319, 32.669549], [-16.850295, 32.669545], [-16.85027, 32.669534], [-16.85003, 32.669311], [-16.849982, 32.669282], [-16.84993, 32.669261], [-16.849852, 32.669241], [-16.849581, 32.669191], [-16.849451, 32.669159], [-16.849397, 32.669138], [-16.849286, 32.669079], [-16.849242, 32.669065], [-16.849205, 32.669062], [-16.849156, 32.669062], [-16.849128, 32.669065], [-16.84901, 32.669085], [-16.848981, 32.669092], [-16.848925, 32.669119], [-16.848685, 32.669293], [-16.84864, 32.669388], [-16.848544, 32.669495], [-16.848506, 32.669587], [-16.848373, 32.669601], [-16.848372, 32.669625], [-16.848365, 32.669627], [-16.848358, 32.669629], [-16.848358, 32.669642], [-16.846425, 32.673666], [-16.846425, 32.673685], [-16.84649, 32.673754], [-16.846692, 32.673932], [-16.846769, 32.67405], [-16.846833, 32.674182], [-16.84685, 32.674302], [-16.846826, 32.67435], [-16.846751, 32.674416], [-16.846517, 32.6745], [-16.846478, 32.67451], [-16.845648, 32.674602], [-16.845552, 32.674601], [-16.84549, 32.674586], [-16.84523, 32.674525], [-16.844974, 32.674381], [-16.844899, 32.674314], [-16.844555, 32.674166], [-16.844274, 32.673976], [-16.844117, 32.673906], [-16.843899, 32.673845], [-16.843669, 32.673888], [-16.843506, 32.673885], [-16.843321, 32.673886], [-16.843183, 32.673939], [-16.843038, 32.674012], [-16.842864, 32.67415], [-16.842796, 32.674184], [-16.842731, 32.674197], [-16.842679, 32.674198], [-16.842635, 32.674187], [-16.842602, 32.674178], [-16.842227, 32.674079], [-16.841982, 32.674059], [-16.841941, 32.674063], [-16.841919, 32.67408], [-16.841904, 32.674103], [-16.841913, 32.674151], [-16.842119, 32.674378], [-16.842281, 32.674597], [-16.842669, 32.674822], [-16.842931, 32.67514], [-16.843014, 32.675374], [-16.842759, 32.675549], [-16.842663, 32.675754], [-16.842646, 32.676076], [-16.842691, 32.676336], [-16.842722, 32.676438], [-16.842652, 32.676545], [-16.842532, 32.676618], [-16.842451, 32.676656], [-16.842361, 32.676664], [-16.842215, 32.676663], [-16.842165, 32.676672], [-16.842139, 32.676721], [-16.842135, 32.676757], [-16.842253, 32.676992], [-16.84245, 32.677213], [-16.842743, 32.677378], [-16.842985, 32.677588], [-16.842993, 32.67761], [-16.842993, 32.677631], [-16.842955, 32.67764], [-16.842812, 32.677632], [-16.842454, 32.677673], [-16.842349, 32.677686], [-16.842261, 32.677673], [-16.841776, 32.677478], [-16.841615, 32.677425], [-16.84159, 32.677407]], [[-16.851663, 32.665044], [-16.851671, 32.66511], [-16.851572, 32.665179], [-16.851531, 32.66524], [-16.851519, 32.665293], [-16.851539, 32.665383], [-16.851551, 32.665427], [-16.851598, 32.665588], [-16.851641, 32.665791], [-16.851639, 32.665837], [-16.851421, 32.66633], [-16.851423, 32.666369], [-16.851451, 32.666408], [-16.852272, 32.66666], [-16.85268, 32.66675], [-16.852795, 32.666821], [-16.852919, 32.66701], [-16.853089, 32.667322], [-16.85313, 32.667473], [-16.853116, 32.66759], [-16.85296, 32.667859], [-16.852911, 32.66797], [-16.852921, 32.668132], [-16.853083, 32.66852], [-16.853149, 32.668764], [-16.853175, 32.668825], [-16.85329, 32.668973], [-16.853598, 32.669187], [-16.853755, 32.669214]], [[-16.844686, 32.684537], [-16.844683, 32.684656], [-16.844974, 32.684957], [-16.845468, 32.685171], [-16.845561, 32.685339], [-16.845764, 32.685442], [-16.845992, 32.685717], [-16.846515, 32.686487], [-16.846671, 32.6869], [-16.84666, 32.687053], [-16.846564, 32.687101], [-16.846316, 32.687057], [-16.846039, 32.687028], [-16.845842, 32.687061], [-16.845618, 32.687038], [-16.845424, 32.686987], [-16.845192, 32.686976], [-16.845049, 32.686937], [-16.844837, 32.686677], [-16.844673, 32.686574], [-16.844531, 32.686524], [-16.844388, 32.686549], [-16.844207, 32.686624], [-16.844038, 32.686569], [-16.843894, 32.686468], [-16.843747, 32.686413], [-16.843554, 32.686473], [-16.843272, 32.68651], [-16.843068, 32.686549], [-16.842979, 32.686624], [-16.842958, 32.68668], [-16.842963, 32.686765], [-16.843017, 32.686892], [-16.843054, 32.6871], [-16.843015, 32.687193], [-16.843038, 32.687359], [-16.843169, 32.687732], [-16.843116, 32.687778], [-16.843063, 32.687806], [-16.842796, 32.687703], [-16.842701, 32.687543], [-16.842639, 32.687488], [-16.842614, 32.687427], [-16.842489, 32.687332], [-16.842378, 32.687318], [-16.842295, 32.687316], [-16.842195, 32.687306], [-16.842129, 32.687289], [-16.842028, 32.687243], [-16.841865, 32.687095], [-16.841838, 32.687019], [-16.841827, 32.686943], [-16.841826, 32.686861], [-16.841813, 32.686811], [-16.841733, 32.686641], [-16.841595, 32.686491], [-16.841543, 32.686429], [-16.841412, 32.686395], [-16.841345, 32.686435], [-16.841255, 32.686549], [-16.841121, 32.686646], [-16.84097, 32.686712], [-16.840747, 32.686751], [-16.840569, 32.686772], [-16.840203, 32.68688], [-16.840029, 32.686979], [-16.839662, 32.686938], [-16.839383, 32.686847], [-16.839328, 32.686824], [-16.839291, 32.68677], [-16.839248, 32.686696], [-16.839146, 32.686616], [-16.838998, 32.68659], [-16.838888, 32.686588], [-16.838726, 32.686582], [-16.83846, 32.686641], [-16.838324, 32.68671], [-16.838185, 32.686857], [-16.838101, 32.686918], [-16.838013, 32.686952], [-16.837788, 32.686995], [-16.837657, 32.687019], [-16.837569, 32.687013], [-16.837467, 32.68698], [-16.837327, 32.686948], [-16.837271, 32.686926], [-16.837241, 32.68687], [-16.837228, 32.686815], [-16.837225, 32.686774], [-16.837165, 32.686708], [-16.837004, 32.686655], [-16.836895, 32.68664], [-16.83673, 32.686636], [-16.836605, 32.686623], [-16.836536, 32.686591], [-16.83642, 32.686525], [-16.836292, 32.686453], [-16.836088, 32.686333], [-16.835961, 32.686278], [-16.835937, 32.686267]], [[-16.826916, 32.693263], [-16.82695, 32.693282], [-16.827126, 32.693359], [-16.827185, 32.6934], [-16.827209, 32.69342], [-16.827227, 32.693454], [-16.827255, 32.693553], [-16.827267, 32.693638], [-16.827303, 32.693845], [-16.827302, 32.693877], [-16.827285, 32.693957], [-16.827243, 32.694066], [-16.827205, 32.69412], [-16.827183, 32.694143], [-16.827145, 32.694167], [-16.827071, 32.694205], [-16.827043, 32.694222], [-16.827023, 32.694241], [-16.826988, 32.69428], [-16.826958, 32.694319], [-16.826855, 32.694438], [-16.826831, 32.694478], [-16.826824, 32.694499], [-16.826861, 32.694696], [-16.82688, 32.694726], [-16.826987, 32.694814], [-16.827054, 32.694888], [-16.827096, 32.694952], [-16.827161, 32.694998], [-16.827214, 32.695013], [-16.827294, 32.695021], [-16.827406, 32.695013], [-16.827665, 32.694986], [-16.827721, 32.694986], [-16.82774, 32.694994], [-16.827772, 32.695015], [-16.827877, 32.69516], [-16.827907, 32.695191], [-16.827986, 32.695238], [-16.828146, 32.695266], [-16.828224, 32.695292], [-16.828266, 32.695316], [-16.82831, 32.695353], [-16.828333, 32.695397], [-16.828374, 32.695513], [-16.828398, 32.695541], [-16.828439, 32.695578], [-16.828483, 32.695597], [-16.828618, 32.695628], [-16.82866, 32.695642], [-16.828879, 32.695821], [-16.828916, 32.695838], [-16.828963, 32.695843], [-16.829003, 32.695835], [-16.82906, 32.69581], [-16.829445, 32.695645], [-16.829516, 32.69563], [-16.829554, 32.695626], [-16.829618, 32.695631], [-16.829666, 32.695632], [-16.829778, 32.695635], [-16.829832, 32.695645], [-16.829872, 32.695666], [-16.829958, 32.695697], [-16.830126, 32.695738], [-16.830179, 32.695756], [-16.830312, 32.695837], [-16.830398, 32.695865], [-16.830512, 32.695886], [-16.831334, 32.69587], [-16.831381, 32.695885], [-16.83142, 32.695912], [-16.831499, 32.695941], [-16.831668, 32.695991], [-16.83172, 32.696017], [-16.831781, 32.696059], [-16.831833, 32.69609], [-16.831972, 32.696174], [-16.832, 32.696198], [-16.83201, 32.696215], [-16.83201, 32.696225], [-16.832008, 32.696239], [-16.831997, 32.696254], [-16.83196, 32.696266], [-16.831941, 32.696271], [-16.831906, 32.69627], [-16.831833, 32.696261], [-16.831658, 32.696218], [-16.83159, 32.696214], [-16.831443, 32.696218], [-16.831297, 32.696236], [-16.83119, 32.696252], [-16.831125, 32.696274], [-16.830929, 32.696353], [-16.830826, 32.696401], [-16.830434, 32.696631], [-16.830416, 32.696649], [-16.830408, 32.696672], [-16.83041, 32.696696], [-16.830422, 32.696718], [-16.830483, 32.696777], [-16.830563, 32.69686], [-16.830625, 32.696944], [-16.830678, 32.69706], [-16.830841, 32.69751], [-16.83088, 32.697567], [-16.830971, 32.697646], [-16.830981, 32.697664], [-16.83098, 32.697677], [-16.830973, 32.697683], [-16.830946, 32.697689], [-16.830838, 32.697691], [-16.830732, 32.697679], [-16.830673, 32.697655], [-16.830559, 32.697594], [-16.830513, 32.697572], [-16.830479, 32.697567], [-16.83044, 32.697572], [-16.830381, 32.697584], [-16.830233, 32.69764], [-16.830197, 32.697648], [-16.829952, 32.697652], [-16.829894, 32.697666], [-16.829868, 32.697683], [-16.829851, 32.697707], [-16.829844, 32.697731], [-16.829847, 32.697757], [-16.829859, 32.69778], [-16.830105, 32.698057], [-16.830133, 32.698077], [-16.830165, 32.69809], [-16.830188, 32.698096], [-16.830212, 32.698098], [-16.830386, 32.698071], [-16.830413, 32.69807], [-16.830438, 32.698075], [-16.830459, 32.698085], [-16.830476, 32.6981], [-16.83064, 32.698317], [-16.830657, 32.69833], [-16.830677, 32.69834], [-16.830701, 32.698346], [-16.830723, 32.698348], [-16.830844, 32.698371], [-16.830873, 32.698379], [-16.830901, 32.69839], [-16.830928, 32.698405], [-16.830952, 32.698424], [-16.831046, 32.698529], [-16.831065, 32.698546], [-16.831087, 32.69856], [-16.831124, 32.698579], [-16.831164, 32.69859], [-16.831273, 32.698615], [-16.831308, 32.698624], [-16.831342, 32.698637], [-16.831373, 32.698654], [-16.831404, 32.698677], [-16.831431, 32.698704], [-16.831453, 32.698734], [-16.831469, 32.698766], [-16.831498, 32.698873], [-16.831507, 32.698936], [-16.831523, 32.698978], [-16.831562, 32.699023], [-16.831598, 32.69905], [-16.831706, 32.699117], [-16.83178, 32.699161], [-16.831934, 32.699241], [-16.832132, 32.699336], [-16.832305, 32.699424], [-16.832414, 32.699503], [-16.832604, 32.69975], [-16.832619, 32.699787], [-16.832599, 32.699846], [-16.832451, 32.700001], [-16.832454, 32.700054], [-16.832482, 32.7001], [-16.832693, 32.700235], [-16.832748, 32.700244], [-16.832876, 32.700214], [-16.83293, 32.700212], [-16.832964, 32.700226], [-16.833, 32.700277], [-16.833099, 32.700451], [-16.833157, 32.700559], [-16.833183, 32.700648], [-16.833189, 32.700713], [-16.833163, 32.701267], [-16.833178, 32.701314], [-16.833212, 32.701357], [-16.833276, 32.701405], [-16.833443, 32.701467], [-16.833505, 32.701493], [-16.833611, 32.701556], [-16.833839, 32.701752], [-16.833895, 32.70178], [-16.834187, 32.701822], [-16.834508, 32.701944], [-16.83463, 32.701985], [-16.834804, 32.702006], [-16.835226, 32.702025], [-16.835407, 32.702061], [-16.835603, 32.702127], [-16.835622, 32.702145], [-16.835627, 32.702163], [-16.835627, 32.702177]], [[-16.835602, 32.702267], [-16.835587, 32.702277], [-16.835544, 32.702283], [-16.835449, 32.702267], [-16.835382, 32.702242], [-16.835285, 32.702208], [-16.835248, 32.702201], [-16.835209, 32.702209], [-16.835171, 32.702238], [-16.835015, 32.702348], [-16.834959, 32.702367], [-16.834894, 32.70238], [-16.834827, 32.702385], [-16.834761, 32.702381], [-16.834689, 32.70237], [-16.834621, 32.702352], [-16.834546, 32.702313], [-16.834486, 32.702273], [-16.834331, 32.702154], [-16.834272, 32.702119], [-16.834228, 32.702105], [-16.834141, 32.702089], [-16.83399, 32.702081], [-16.83394, 32.702081], [-16.833778, 32.702092], [-16.833723, 32.702092], [-16.833648, 32.702086], [-16.83355, 32.702066], [-16.833353, 32.702003], [-16.833243, 32.701974], [-16.833198, 32.70196], [-16.833157, 32.701942], [-16.833125, 32.701923], [-16.833095, 32.701901], [-16.833053, 32.701862], [-16.833032, 32.701831], [-16.833006, 32.701812], [-16.832975, 32.701798], [-16.832901, 32.701759], [-16.832789, 32.701666], [-16.832759, 32.701637], [-16.832678, 32.701484], [-16.832651, 32.701441], [-16.832605, 32.701378], [-16.832506, 32.701271], [-16.832488, 32.701257], [-16.832467, 32.701246], [-16.832443, 32.701239], [-16.832418, 32.701238], [-16.832394, 32.70124], [-16.832277, 32.701268], [-16.832125, 32.701304], [-16.831909, 32.701363], [-16.831663, 32.70143], [-16.831546, 32.701465], [-16.831497, 32.701472], [-16.831453, 32.701471], [-16.83139, 32.701465], [-16.831346, 32.701457], [-16.831254, 32.701434], [-16.831115, 32.701405], [-16.831034, 32.70139], [-16.830955, 32.701362], [-16.83088, 32.701338], [-16.830814, 32.701309], [-16.830655, 32.701219], [-16.830196, 32.700946], [-16.830172, 32.700943], [-16.830149, 32.700946], [-16.830128, 32.700955], [-16.830111, 32.70097], [-16.830101, 32.700989], [-16.830098, 32.701009], [-16.830108, 32.701053], [-16.830178, 32.701196], [-16.830262, 32.701387], [-16.830284, 32.701492], [-16.830272, 32.701594], [-16.830273, 32.701746], [-16.830312, 32.701908], [-16.830361, 32.701977], [-16.830587, 32.702175], [-16.830621, 32.702219], [-16.830629, 32.70225], [-16.830639, 32.702301], [-16.830625, 32.702439], [-16.83063, 32.702477], [-16.830672, 32.702531], [-16.830757, 32.702601], [-16.830779, 32.70263], [-16.830779, 32.702648], [-16.83077, 32.70267], [-16.830728, 32.702692], [-16.830653, 32.702705], [-16.830361, 32.702741], [-16.830215, 32.702762], [-16.830189, 32.702765], [-16.830164, 32.702761], [-16.830144, 32.702753], [-16.830127, 32.70274], [-16.830031, 32.702654], [-16.82996, 32.702604], [-16.829859, 32.702532], [-16.829842, 32.702518], [-16.829816, 32.702472], [-16.829763, 32.702379], [-16.829722, 32.70232], [-16.829693, 32.702288], [-16.829632, 32.702244], [-16.829618, 32.702226], [-16.82959, 32.702181], [-16.829555, 32.702141], [-16.829417, 32.702012], [-16.829372, 32.701945], [-16.829332, 32.701871], [-16.829242, 32.701722], [-16.829214, 32.70169], [-16.829183, 32.701662], [-16.829148, 32.701637], [-16.829109, 32.701617], [-16.829067, 32.701599], [-16.829002, 32.701595], [-16.828757, 32.701616], [-16.828744, 32.701614], [-16.828733, 32.701609], [-16.828725, 32.701601], [-16.828719, 32.701589], [-16.828687, 32.701547], [-16.828654, 32.701513], [-16.828616, 32.701483], [-16.82857, 32.701458], [-16.82852, 32.701439], [-16.828468, 32.701427], [-16.828383, 32.701404], [-16.82825, 32.701383], [-16.827952, 32.701359], [-16.82784, 32.701336], [-16.827808, 32.701323], [-16.8278, 32.701313], [-16.827792, 32.701295], [-16.827767, 32.701166], [-16.827749, 32.7011], [-16.827711, 32.701027], [-16.827625, 32.700917], [-16.827614, 32.700895], [-16.827611, 32.700875], [-16.827613, 32.70077], [-16.827608, 32.700736], [-16.827602, 32.700701], [-16.82757, 32.700443], [-16.827547, 32.700346], [-16.827484, 32.700228], [-16.827432, 32.700181], [-16.827354, 32.700146], [-16.827054, 32.700051], [-16.827004, 32.700044], [-16.826835, 32.70002], [-16.826803, 32.700004], [-16.826785, 32.699986], [-16.82672, 32.699898], [-16.826709, 32.699861], [-16.826703, 32.699823], [-16.826842, 32.699504], [-16.826847, 32.699457], [-16.826832, 32.6994], [-16.826778, 32.699189], [-16.826767, 32.699129], [-16.826754, 32.698901], [-16.826735, 32.698723], [-16.826698, 32.698665], [-16.826681, 32.698629], [-16.826676, 32.698589], [-16.826676, 32.698514], [-16.826666, 32.698485], [-16.826636, 32.698453], [-16.826575, 32.698413], [-16.8265, 32.6984], [-16.826411, 32.698385], [-16.826284, 32.698348], [-16.826128, 32.698278], [-16.82608, 32.698263], [-16.825776, 32.698192], [-16.82567, 32.698163]], [[-16.835144, 32.685175], [-16.835132, 32.685145], [-16.835107, 32.685109], [-16.835037, 32.685058], [-16.834978, 32.685004], [-16.834959, 32.684983], [-16.834902, 32.684913], [-16.834792, 32.684792], [-16.834663, 32.684654], [-16.834628, 32.684581], [-16.834469, 32.684273], [-16.83443, 32.684204], [-16.834418, 32.684153], [-16.834392, 32.683978], [-16.83438, 32.683939], [-16.834348, 32.683891], [-16.834295, 32.683821], [-16.834267, 32.683774], [-16.834155, 32.683574], [-16.834135, 32.68352], [-16.834099, 32.683407], [-16.834087, 32.683364], [-16.834072, 32.683133], [-16.834062, 32.683096], [-16.834041, 32.683072], [-16.834007, 32.683041], [-16.833934, 32.682991], [-16.833581, 32.682835], [-16.833539, 32.682829], [-16.833494, 32.682832], [-16.833405, 32.682853], [-16.833308, 32.682881], [-16.833225, 32.682917], [-16.833204, 32.682932], [-16.833168, 32.682982], [-16.833154, 32.682991]], [[-16.832569, 32.684502], [-16.832518, 32.684489], [-16.832344, 32.684351], [-16.832246, 32.684135], [-16.832242, 32.684122], [-16.832256, 32.684005], [-16.832249, 32.683958], [-16.832199, 32.683889], [-16.83213, 32.683826], [-16.832095, 32.683809], [-16.831953, 32.683748], [-16.831912, 32.683722], [-16.831874, 32.683679], [-16.831782, 32.683531], [-16.831754, 32.683504], [-16.83172, 32.683484], [-16.831685, 32.683472], [-16.831647, 32.683466], [-16.831608, 32.683468], [-16.83157, 32.683476], [-16.831435, 32.68354], [-16.831305, 32.683626], [-16.831288, 32.683632], [-16.831256, 32.683636], [-16.831206, 32.683636], [-16.831156, 32.683633], [-16.831088, 32.683622], [-16.831022, 32.683603], [-16.83073, 32.683506], [-16.830646, 32.683486], [-16.830551, 32.683471], [-16.830362, 32.683443], [-16.830217, 32.683439], [-16.830087, 32.683452], [-16.830063, 32.683456], [-16.830051, 32.683461], [-16.829975, 32.683483], [-16.829904, 32.683515], [-16.829724, 32.683605], [-16.829506, 32.68375], [-16.829426, 32.68381], [-16.829369, 32.683867], [-16.829334, 32.683912], [-16.829134, 32.684192], [-16.829123, 32.684225], [-16.829116, 32.684253], [-16.82912, 32.684276]], [[-16.829116, 32.684366], [-16.829096, 32.684402], [-16.829077, 32.684425], [-16.828993, 32.684471], [-16.828975, 32.684494], [-16.828964, 32.684519], [-16.82896, 32.684545], [-16.828965, 32.684574], [-16.828978, 32.6846], [-16.829004, 32.684641], [-16.829163, 32.684838], [-16.829191, 32.684887], [-16.829275, 32.685102], [-16.829315, 32.685278], [-16.829317, 32.685326], [-16.829312, 32.685351], [-16.829301, 32.685374], [-16.829281, 32.685394], [-16.829242, 32.685414], [-16.829209, 32.685428], [-16.829164, 32.685441], [-16.829134, 32.685446], [-16.829111, 32.68545], [-16.829089, 32.685451], [-16.829067, 32.685451], [-16.82897, 32.685428], [-16.828791, 32.685381], [-16.828728, 32.68537], [-16.828682, 32.685367], [-16.828512, 32.685365], [-16.828478, 32.685365], [-16.82843, 32.685368], [-16.828376, 32.685377], [-16.828281, 32.685403], [-16.828257, 32.685408], [-16.82823, 32.685407], [-16.828185, 32.685399], [-16.828065, 32.685384], [-16.828012, 32.685381], [-16.827857, 32.685384], [-16.827816, 32.685392], [-16.827777, 32.685406], [-16.827743, 32.685427], [-16.827723, 32.685445], [-16.827697, 32.685475], [-16.827679, 32.685507], [-16.827576, 32.685728], [-16.827551, 32.685765], [-16.827532, 32.685783], [-16.82751, 32.685801], [-16.827245, 32.685998], [-16.827019, 32.686173], [-16.826971, 32.686217], [-16.826928, 32.686265], [-16.826881, 32.686327], [-16.826832, 32.6864]], [[-16.82727, 32.689813], [-16.827288, 32.689835], [-16.827307, 32.689888], [-16.827324, 32.68991], [-16.827347, 32.689927], [-16.82737, 32.689937], [-16.827394, 32.689943], [-16.827418, 32.689944], [-16.827584, 32.689946], [-16.827608, 32.689948], [-16.827631, 32.689954], [-16.827657, 32.689966], [-16.82768, 32.689982], [-16.827907, 32.690172], [-16.827941, 32.690188], [-16.827977, 32.690198], [-16.828015, 32.690201], [-16.82806, 32.690196], [-16.828102, 32.690182], [-16.828274, 32.690086], [-16.828301, 32.690077], [-16.828329, 32.690071], [-16.828357, 32.690068], [-16.828386, 32.690068], [-16.828476, 32.69008], [-16.828526, 32.690077], [-16.828619, 32.690062], [-16.828742, 32.690042], [-16.828785, 32.690034], [-16.829006, 32.690046], [-16.829076, 32.690039], [-16.829137, 32.690028], [-16.829196, 32.690013], [-16.829432, 32.689941], [-16.829464, 32.689941], [-16.829498, 32.689945], [-16.82953, 32.689954], [-16.829559, 32.689968], [-16.829592, 32.689991], [-16.829618, 32.69002], [-16.829636, 32.690052], [-16.829645, 32.690086], [-16.82964, 32.690104], [-16.829631, 32.690122], [-16.829616, 32.690139], [-16.829598, 32.690152], [-16.82957, 32.690164], [-16.829497, 32.690178], [-16.829412, 32.690201], [-16.829376, 32.690228], [-16.829346, 32.690264], [-16.829329, 32.690307], [-16.829309, 32.690346], [-16.829273, 32.690398], [-16.829231, 32.690445], [-16.829126, 32.69055], [-16.829052, 32.690611], [-16.828942, 32.690677], [-16.828825, 32.690742], [-16.828775, 32.690785], [-16.828683, 32.690882], [-16.828585, 32.69098], [-16.828564, 32.691011], [-16.828555, 32.691049], [-16.82856, 32.691077], [-16.828571, 32.691102], [-16.828619, 32.691211], [-16.828622, 32.691231], [-16.828617, 32.691251], [-16.828608, 32.691267], [-16.828593, 32.69128], [-16.828575, 32.69129], [-16.828504, 32.691313], [-16.828434, 32.691324], [-16.828364, 32.691331], [-16.828302, 32.691334], [-16.828264, 32.69133], [-16.82815, 32.691311], [-16.82812, 32.691311], [-16.828084, 32.691322], [-16.827988, 32.691364], [-16.827832, 32.691442], [-16.827802, 32.691451], [-16.827752, 32.691453], [-16.827593, 32.691446], [-16.827553, 32.691445], [-16.827529, 32.691448], [-16.827506, 32.691454], [-16.827404, 32.691518], [-16.827391, 32.691533], [-16.827382, 32.69155], [-16.827378, 32.691568], [-16.827377, 32.691586], [-16.827397, 32.691711], [-16.827414, 32.691759], [-16.827447, 32.691805], [-16.827472, 32.69183], [-16.827511, 32.691848], [-16.827796, 32.692082], [-16.827904, 32.692154], [-16.828024, 32.692251], [-16.828062, 32.692291], [-16.82808, 32.692317], [-16.828089, 32.692345], [-16.82809, 32.692372], [-16.828082, 32.692399], [-16.828045, 32.69246], [-16.828005, 32.692497], [-16.827998, 32.692513], [-16.827995, 32.692529], [-16.827995, 32.692546], [-16.827998, 32.692562], [-16.828048, 32.69267], [-16.828047, 32.692685], [-16.828038, 32.692699], [-16.828026, 32.692707], [-16.82801, 32.692711], [-16.827902, 32.692724], [-16.827864, 32.69273], [-16.827828, 32.692739], [-16.827794, 32.69275], [-16.827763, 32.692762], [-16.827473, 32.692897], [-16.827443, 32.692905], [-16.827416, 32.692905], [-16.827305, 32.692899], [-16.827233, 32.692886]], [[-16.827233, 32.692886], [-16.827232, 32.692891], [-16.827229, 32.692901], [-16.827219, 32.692939], [-16.827209, 32.693046], [-16.827097, 32.693036], [-16.827081, 32.693039], [-16.827031, 32.693065], [-16.827028, 32.693094]], [[-16.827233, 32.692886], [-16.827135, 32.692869], [-16.82709, 32.692868], [-16.827015, 32.692874], [-16.82696, 32.692881], [-16.826941, 32.692887], [-16.826927, 32.692899], [-16.826925, 32.692911], [-16.826914, 32.693138]], [[-16.826784, 32.686411], [-16.826809, 32.68646], [-16.826837, 32.686484], [-16.826936, 32.686539], [-16.827038, 32.68658], [-16.827189, 32.68664], [-16.827341, 32.686717], [-16.827475, 32.6868], [-16.827587, 32.686855], [-16.827796, 32.686938], [-16.827958, 32.68699], [-16.828006, 32.68699], [-16.828065, 32.686983], [-16.828207, 32.686939], [-16.828231, 32.686938], [-16.828254, 32.686944], [-16.828274, 32.686955], [-16.828286, 32.686968], [-16.828294, 32.686983], [-16.828297, 32.686999], [-16.828295, 32.687015], [-16.828278, 32.687032], [-16.828147, 32.68714], [-16.82805, 32.687225], [-16.828005, 32.687248], [-16.827965, 32.687263], [-16.827749, 32.687279], [-16.827535, 32.687285], [-16.827279, 32.687313], [-16.827208, 32.687326], [-16.827138, 32.687346], [-16.827081, 32.687371], [-16.827027, 32.6874], [-16.826974, 32.687438], [-16.826926, 32.68748], [-16.826898, 32.687518], [-16.826879, 32.687559], [-16.826868, 32.687603], [-16.826866, 32.687642], [-16.826872, 32.687681], [-16.826885, 32.687719], [-16.826905, 32.687756], [-16.826948, 32.68779], [-16.827243, 32.687915], [-16.827511, 32.688039], [-16.827555, 32.688051], [-16.827603, 32.688056], [-16.827794, 32.688073], [-16.82807, 32.68809], [-16.82809, 32.688093], [-16.828109, 32.688099], [-16.828132, 32.688108], [-16.828152, 32.688121], [-16.828168, 32.68814], [-16.828178, 32.688163], [-16.828181, 32.688188], [-16.828176, 32.688212], [-16.828152, 32.68825], [-16.828099, 32.6883], [-16.828048, 32.688328], [-16.828001, 32.688353], [-16.827962, 32.688384], [-16.827915, 32.688438], [-16.82788, 32.688492], [-16.827851, 32.688562], [-16.827835, 32.688583], [-16.827794, 32.688618], [-16.827737, 32.688659], [-16.827553, 32.688759], [-16.827523, 32.688785], [-16.827491, 32.688823], [-16.827477, 32.688844], [-16.827443, 32.688916], [-16.827439, 32.688956], [-16.827419, 32.689269], [-16.8274, 32.689346], [-16.827384, 32.68939], [-16.827365, 32.689434], [-16.82728, 32.689594], [-16.827256, 32.689642], [-16.827232, 32.689668]], [[-16.827184, 32.693118], [-16.827145, 32.693156], [-16.827056, 32.693132], [-16.826979, 32.693131], [-16.826914, 32.693138]], [[-16.826914, 32.693138], [-16.826912, 32.693189], [-16.826912, 32.69324], [-16.826916, 32.693263]], [[-16.826914, 32.693138], [-16.826809, 32.69315], [-16.826801, 32.693165], [-16.826868, 32.693217], [-16.826916, 32.693263]], [[-16.825408, 32.698419], [-16.825376, 32.698454], [-16.825278, 32.698566], [-16.825001, 32.698889], [-16.824967, 32.698916], [-16.824935, 32.698934], [-16.82485, 32.698948], [-16.824717, 32.698955], [-16.824661, 32.69895], [-16.824606, 32.69894], [-16.824559, 32.698921], [-16.824381, 32.698827], [-16.824343, 32.698814], [-16.824302, 32.69881], [-16.824261, 32.698815], [-16.824227, 32.698826], [-16.824197, 32.698844], [-16.824142, 32.698911], [-16.824084, 32.698968], [-16.824062, 32.698983], [-16.824038, 32.698996], [-16.824004, 32.699007], [-16.823969, 32.699012], [-16.823882, 32.699009], [-16.823648, 32.698975], [-16.823405, 32.698964], [-16.82337, 32.698955], [-16.822758, 32.698756], [-16.82271, 32.698746], [-16.822554, 32.698731], [-16.822534, 32.698716]], [[-16.822315, 32.6987], [-16.822252, 32.698705], [-16.822188, 32.698716], [-16.822157, 32.698739], [-16.822135, 32.698764], [-16.822077, 32.698841], [-16.822063, 32.698868], [-16.822058, 32.69892], [-16.822055, 32.698934], [-16.822085, 32.698975], [-16.822117, 32.699013], [-16.822152, 32.699034], [-16.822285, 32.699086], [-16.822298, 32.699093], [-16.822308, 32.699105], [-16.822374, 32.699227], [-16.822517, 32.699345], [-16.822985, 32.699598], [-16.823045, 32.699623], [-16.823112, 32.699642], [-16.823565, 32.699758], [-16.823676, 32.699791], [-16.823745, 32.69982], [-16.823894, 32.699905], [-16.823914, 32.69993], [-16.823919, 32.699951], [-16.823918, 32.699969], [-16.82391, 32.699986], [-16.823897, 32.7], [-16.823879, 32.70001], [-16.823864, 32.700015], [-16.82376, 32.700028], [-16.823681, 32.700039], [-16.823621, 32.700056], [-16.823596, 32.700068], [-16.823575, 32.700087], [-16.823563, 32.700104], [-16.823557, 32.700123], [-16.823548, 32.700164], [-16.823547, 32.700205], [-16.823553, 32.700246], [-16.823565, 32.700286], [-16.823615, 32.700359], [-16.823751, 32.700567], [-16.823832, 32.700674], [-16.823847, 32.700712], [-16.82385, 32.700727], [-16.823846, 32.70074], [-16.823837, 32.700752], [-16.823823, 32.700759], [-16.823805, 32.700763], [-16.823787, 32.70076], [-16.82377, 32.700751], [-16.823722, 32.700707], [-16.823653, 32.700646], [-16.823558, 32.700611], [-16.82347, 32.700596], [-16.823415, 32.700579], [-16.822639, 32.700238], [-16.822577, 32.700217], [-16.822511, 32.700205], [-16.822444, 32.700201], [-16.822377, 32.700206], [-16.822318, 32.700218], [-16.822262, 32.700237], [-16.822209, 32.700262], [-16.822136, 32.700322], [-16.822046, 32.700392], [-16.821956, 32.700506], [-16.821698, 32.700796], [-16.821674, 32.700808], [-16.821646, 32.700816], [-16.821617, 32.700819], [-16.821586, 32.700816], [-16.821556, 32.700808], [-16.821529, 32.700794], [-16.821498, 32.70077], [-16.821454, 32.700718], [-16.821341, 32.700559], [-16.821323, 32.70053], [-16.821267, 32.70042], [-16.821135, 32.700172], [-16.821121, 32.700117], [-16.821063, 32.700057], [-16.821025, 32.700063], [-16.821001, 32.70006], [-16.820754, 32.700074], [-16.820729, 32.700078], [-16.820713, 32.700084], [-16.8207, 32.700093], [-16.82069, 32.700106], [-16.820685, 32.70012], [-16.820686, 32.700135], [-16.820704, 32.700183], [-16.820704, 32.7002], [-16.820692, 32.70022], [-16.820642, 32.700262], [-16.820625, 32.700263], [-16.820556, 32.70023], [-16.82051, 32.700222], [-16.820487, 32.70022], [-16.820456, 32.700226], [-16.820372, 32.700289], [-16.82014, 32.700472], [-16.81985, 32.700687], [-16.819768, 32.700758], [-16.819711, 32.700819], [-16.8197, 32.700831], [-16.819682, 32.700852], [-16.819674, 32.700871], [-16.81967, 32.700889], [-16.819669, 32.700907], [-16.819672, 32.700924], [-16.819701, 32.701008], [-16.819733, 32.701073], [-16.819755, 32.701104], [-16.819841, 32.701185], [-16.819854, 32.701206], [-16.819945, 32.701377], [-16.819994, 32.701444], [-16.820035, 32.701505], [-16.820103, 32.701587], [-16.820132, 32.701619], [-16.82017, 32.701649], [-16.820194, 32.701673], [-16.820207, 32.701695], [-16.820218, 32.701729], [-16.820228, 32.701786], [-16.820264, 32.701996], [-16.820279, 32.702056], [-16.820296, 32.702087], [-16.820315, 32.702108], [-16.820338, 32.702126], [-16.820364, 32.702139], [-16.820415, 32.702157], [-16.820751, 32.702229], [-16.82089, 32.702247], [-16.821033, 32.702255], [-16.821076, 32.70226], [-16.821113, 32.702268], [-16.821148, 32.702279], [-16.821247, 32.702322], [-16.821441, 32.702408], [-16.82154, 32.702492], [-16.821582, 32.702522], [-16.821587, 32.702532], [-16.821583, 32.702554], [-16.821566, 32.70257], [-16.821553, 32.702571], [-16.821517, 32.702563], [-16.821454, 32.702542], [-16.821402, 32.702523], [-16.821334, 32.702501], [-16.821248, 32.702488], [-16.82117, 32.702479], [-16.821095, 32.702485], [-16.820792, 32.702532], [-16.820673, 32.70255], [-16.820633, 32.702561], [-16.820602, 32.702582], [-16.820532, 32.702646], [-16.820448, 32.702717], [-16.820259, 32.702889], [-16.820133, 32.702977], [-16.820031, 32.703028], [-16.81999, 32.70306], [-16.819965, 32.703089], [-16.819957, 32.703122], [-16.819961, 32.703155], [-16.819973, 32.703182], [-16.819994, 32.703205], [-16.820043, 32.703235], [-16.820126, 32.703269], [-16.820171, 32.703299], [-16.82031, 32.703408], [-16.820478, 32.703483], [-16.820587, 32.70349], [-16.820662, 32.703509], [-16.820689, 32.703535], [-16.820728, 32.703658], [-16.820979, 32.703901], [-16.821261, 32.703942], [-16.821372, 32.704046], [-16.821483, 32.704127], [-16.82151, 32.704185], [-16.821509, 32.704401], [-16.821463, 32.704496], [-16.821394, 32.704607], [-16.821363, 32.70466], [-16.821353, 32.704696], [-16.82137, 32.70474], [-16.821444, 32.704849], [-16.821492, 32.704892], [-16.82156, 32.704934], [-16.821656, 32.704958], [-16.821846, 32.704973], [-16.821934, 32.705006], [-16.821989, 32.705042], [-16.822173, 32.705269], [-16.822343, 32.705508], [-16.822369, 32.705562], [-16.82238, 32.705612], [-16.822365, 32.705681], [-16.822322, 32.705745], [-16.822237, 32.705851], [-16.822215, 32.705907], [-16.822212, 32.705969], [-16.822231, 32.706017], [-16.822297, 32.706103], [-16.822444, 32.706228], [-16.822553, 32.706278], [-16.822621, 32.706334], [-16.822627, 32.706347], [-16.822573, 32.706505], [-16.822585, 32.706586], [-16.822585, 32.706674], [-16.822577, 32.706732], [-16.822543, 32.706768], [-16.8225, 32.706781], [-16.822447, 32.706768], [-16.822423, 32.706734], [-16.822411, 32.706697], [-16.822395, 32.706597], [-16.822377, 32.706571], [-16.822346, 32.706536], [-16.822279, 32.706502], [-16.821909, 32.706389], [-16.821763, 32.706407], [-16.821461, 32.70638], [-16.821277, 32.706324], [-16.821181, 32.706302], [-16.820933, 32.706277], [-16.820845, 32.706288], [-16.820818, 32.70628], [-16.820803, 32.706273], [-16.820692, 32.706167], [-16.820602, 32.70608], [-16.82056, 32.706058], [-16.82051, 32.706039], [-16.820453, 32.706037], [-16.820234, 32.706092], [-16.820102, 32.706124], [-16.820021, 32.706132], [-16.819941, 32.706122], [-16.819731, 32.706058], [-16.819662, 32.706029], [-16.81961, 32.706002], [-16.819578, 32.705983], [-16.819514, 32.705917], [-16.819478, 32.705884], [-16.819431, 32.70586], [-16.819251, 32.705775], [-16.819208, 32.705762], [-16.819149, 32.705765], [-16.819097, 32.705764], [-16.818381, 32.705877], [-16.81832, 32.70591], [-16.818299, 32.705959], [-16.818344, 32.705997], [-16.818953, 32.706877], [-16.819244, 32.707037], [-16.81935, 32.707149], [-16.819396, 32.707296], [-16.819477, 32.707336], [-16.819555, 32.707339], [-16.819612, 32.707296], [-16.81964, 32.707291], [-16.819818, 32.707373], [-16.819908, 32.707531], [-16.819908, 32.707929], [-16.819952, 32.70801], [-16.82023, 32.708268], [-16.820458, 32.708317], [-16.820701, 32.708416], [-16.820796, 32.708487], [-16.820837, 32.708543], [-16.82084, 32.70862], [-16.82083, 32.708683], [-16.820834, 32.708742], [-16.820865, 32.708785], [-16.820898, 32.708804], [-16.821028, 32.708852], [-16.821057, 32.708891], [-16.82108, 32.709055], [-16.821171, 32.70946], [-16.821234, 32.709554], [-16.821231, 32.709568], [-16.821187, 32.709589], [-16.82115, 32.70958], [-16.821043, 32.709554], [-16.820886, 32.709586], [-16.820636, 32.709738], [-16.820387, 32.709853], [-16.82033, 32.70991], [-16.820284, 32.709952], [-16.820224, 32.709966], [-16.820142, 32.709967], [-16.819946, 32.709935], [-16.819792, 32.709924], [-16.81956, 32.709962], [-16.819486, 32.709965], [-16.8191, 32.709856], [-16.818954, 32.709808], [-16.818904, 32.709762], [-16.818877, 32.709716], [-16.818842, 32.709692], [-16.818661, 32.70961], [-16.818575, 32.709604], [-16.818459, 32.70957], [-16.818251, 32.709461], [-16.818192, 32.709422], [-16.8181, 32.709447], [-16.818046, 32.709484], [-16.818002, 32.709488]]]}}, {"type": "Feature", "properties": {"name": "Levada do Norte", "length_km": 29.54, "hasTunnel": true}, "geometry": {"type": "MultiLineString", "coordinates": [[[-17.106852, 32.778877], [-17.107289, 32.779227], [-17.107458, 32.779375], [-17.107697, 32.779634], [-17.108232, 32.779948], [-17.108394, 32.780174], [-17.108578, 32.780244], [-17.108786, 32.780317], [-17.108949, 32.780471], [-17.10886, 32.780588], [-17.108694, 32.780586], [-17.108608, 32.780753], [-17.108409, 32.780841], [-17.107442, 32.781176], [-17.107211, 32.781173], [-17.107001, 32.781168], [-17.106928, 32.781258], [-17.106872, 32.781329], [-17.106953, 32.781466], [-17.107125, 32.781509], [-17.107925, 32.783932], [-17.107841, 32.784081], [-17.107868, 32.784137], [-17.107932, 32.784162], [-17.107989, 32.784216], [-17.108093, 32.784351], [-17.108107, 32.784495], [-17.107982, 32.784578], [-17.108368, 32.785187], [-17.10827, 32.78536], [-17.108121, 32.786859], [-17.108119, 32.78699], [-17.10816, 32.787109], [-17.108263, 32.787324], [-17.108459, 32.787439], [-17.108605, 32.787608], [-17.108773, 32.787811], [-17.108987, 32.787914], [-17.109146, 32.787886], [-17.109379, 32.78784], [-17.10964, 32.787889], [-17.109662, 32.787963], [-17.109718, 32.788095], [-17.109487, 32.788288], [-17.109268, 32.78837], [-17.109158, 32.788418], [-17.109098, 32.788489], [-17.109076, 32.788539], [-17.109056, 32.788591], [-17.109065, 32.788611], [-17.109108, 32.788628], [-17.109159, 32.788647], [-17.109382, 32.788768], [-17.109502, 32.788876], [-17.10964, 32.788972], [-17.109598, 32.789218], [-17.109488, 32.7895], [-17.109503, 32.78966], [-17.109456, 32.789856], [-17.109295, 32.79001], [-17.109018, 32.790263], [-17.108712, 32.790279], [-17.10842, 32.790155], [-17.10792, 32.790028], [-17.107553, 32.790282], [-17.107166, 32.790319], [-17.106961, 32.790521], [-17.106702, 32.790533], [-17.10662, 32.790563], [-17.106388, 32.790362], [-17.10609, 32.79023], [-17.105645, 32.790356], [-17.105237, 32.790254], [-17.104845, 32.790227], [-17.104628, 32.790309], [-17.104339, 32.790298], [-17.10423, 32.790375], [-17.093205, 32.79673], [-17.093175, 32.796775], [-17.093114, 32.796775], [-17.093105, 32.796768], [-17.093084, 32.796752], [-17.09304, 32.796672], [-17.08472, 32.787604], [-17.08454, 32.787456], [-17.08443, 32.787309], [-17.084116, 32.787123], [-17.084273, 32.786727], [-17.084494, 32.786449], [-17.085079, 32.786403], [-17.085208, 32.786131], [-17.084993, 32.785969], [-17.084799, 32.785919], [-17.084619, 32.785641], [-17.084708, 32.785568], [-17.084745, 32.785291], [-17.084617, 32.785094], [-17.084429, 32.784711], [-17.08431, 32.78457], [-17.084353, 32.784452], [-17.084273, 32.784311], [-17.084105, 32.784272], [-17.084047, 32.784258], [-17.083671, 32.784295], [-17.08343, 32.784329], [-17.083107, 32.784312], [-17.083066, 32.783978], [-17.083091, 32.783722], [-17.083118, 32.78351], [-17.083189, 32.78328], [-17.083205, 32.783207], [-17.083164, 32.783124], [-17.083057, 32.783104], [-17.082854, 32.783157], [-17.082363, 32.783347], [-17.081889, 32.783214], [-17.081877, 32.78321], [-17.079594, 32.78251], [-17.078542, 32.782231], [-17.07819, 32.78212], [-17.077513, 32.781933], [-17.077507, 32.781931], [-17.077511, 32.781827], [-17.077511, 32.78174], [-17.077471, 32.781699], [-17.077394, 32.781804], [-17.077287, 32.781827], [-17.07717, 32.781863], [-17.070114, 32.780933], [-17.070063, 32.780933], [-17.069696, 32.780935], [-17.069422, 32.780846], [-17.069327, 32.780676], [-17.069337, 32.780425], [-17.069032, 32.78028], [-17.068956, 32.780007], [-17.068695, 32.779909], [-17.06866, 32.779592], [-17.068408, 32.779423], [-17.067997, 32.778683], [-17.067956, 32.778555], [-17.067848, 32.778501], [-17.0677, 32.778428], [-17.062678, 32.777127], [-17.062302, 32.776774], [-17.060338, 32.776321], [-17.060336, 32.776392], [-17.059991, 32.776444], [-17.059811, 32.776431], [-17.059063, 32.776282], [-17.058905, 32.77623], [-17.058788, 32.776129], [-17.05862, 32.7758], [-17.058508, 32.775658], [-17.058261, 32.775448], [-17.058173, 32.775398], [-17.057774, 32.775246], [-17.056719, 32.774864], [-17.056484, 32.774841], [-17.056441, 32.774818], [-17.056405, 32.774778], [-17.056314, 32.774474], [-17.056251, 32.774361], [-17.056147, 32.77426], [-17.056058, 32.774211], [-17.055942, 32.774177]], [[-17.048793, 32.761347], [-17.049209, 32.761851], [-17.049373, 32.761908], [-17.049497, 32.762082], [-17.049919, 32.762439], [-17.053057, 32.764664], [-17.053022, 32.764712], [-17.054291, 32.768082], [-17.05397, 32.76818], [-17.053575, 32.768434], [-17.053377, 32.76865], [-17.053133, 32.768891], [-17.053083, 32.768951], [-17.052891, 32.76909], [-17.052822, 32.76921], [-17.052488, 32.769404], [-17.052481, 32.769514], [-17.052435, 32.769571], [-17.05234, 32.769628], [-17.0523, 32.769656], [-17.052298, 32.769718], [-17.052319, 32.76975], [-17.052354, 32.769781], [-17.052421, 32.769801], [-17.052485, 32.769808], [-17.052562, 32.769863], [-17.05272, 32.76991], [-17.052948, 32.769955], [-17.053215, 32.769988], [-17.053237, 32.770021], [-17.05323, 32.770057], [-17.053176, 32.770093], [-17.053079, 32.770144], [-17.052994, 32.770213], [-17.052712, 32.770355], [-17.052653, 32.770429], [-17.052541, 32.770486], [-17.052474, 32.770553], [-17.05246, 32.770583], [-17.052479, 32.770702], [-17.052475, 32.77074], [-17.05247, 32.770762], [-17.05245, 32.77079], [-17.052433, 32.770821], [-17.052427, 32.770845], [-17.052435, 32.770876], [-17.052458, 32.770906], [-17.052508, 32.770934], [-17.052584, 32.770999], [-17.05258, 32.771075], [-17.052615, 32.771102], [-17.052685, 32.771121], [-17.052763, 32.771113], [-17.05295, 32.771088], [-17.053148, 32.771059], [-17.053212, 32.771083], [-17.053235, 32.77111], [-17.053249, 32.771147], [-17.053238, 32.771176], [-17.053204, 32.771229], [-17.053178, 32.77127], [-17.053146, 32.771338], [-17.053138, 32.771382], [-17.053179, 32.77144], [-17.053217, 32.771512], [-17.0533, 32.771563], [-17.053383, 32.771596], [-17.053448, 32.771645], [-17.053495, 32.771688], [-17.053582, 32.771708], [-17.053617, 32.771735], [-17.053615, 32.771772], [-17.053578, 32.771822], [-17.053534, 32.771851], [-17.053501, 32.771892], [-17.05349, 32.771934], [-17.053514, 32.772045], [-17.053574, 32.772226], [-17.053631, 32.77229], [-17.053675, 32.772374], [-17.053683, 32.772465], [-17.053694, 32.772583], [-17.053774, 32.7727], [-17.05389, 32.772837], [-17.054193, 32.773164], [-17.054355, 32.773325], [-17.054548, 32.773496], [-17.0549, 32.77378], [-17.055226, 32.773912], [-17.055346, 32.77396], [-17.055632, 32.774048], [-17.055755, 32.774081], [-17.055761, 32.774161]], [[-17.032064, 32.68834], [-17.032098, 32.688294], [-17.032147, 32.688294], [-17.032208, 32.68833], [-17.032326, 32.688402], [-17.032395, 32.688487], [-17.032484, 32.688572], [-17.032511, 32.688694], [-17.032549, 32.688728], [-17.032608, 32.68878], [-17.032745, 32.688778], [-17.032875, 32.68876], [-17.033013, 32.688712], [-17.033264, 32.688738], [-17.0334, 32.688788], [-17.033778, 32.688838], [-17.034242, 32.689037], [-17.034439, 32.689058], [-17.034609, 32.689014], [-17.034896, 32.688964], [-17.035093, 32.688977], [-17.035332, 32.688924], [-17.035526, 32.688984], [-17.035695, 32.689074], [-17.035849, 32.68918], [-17.035976, 32.689181], [-17.036141, 32.689152], [-17.036234, 32.689178], [-17.036399, 32.689234], [-17.036592, 32.689319], [-17.036862, 32.689349], [-17.037041, 32.689364], [-17.037184, 32.68931], [-17.03731, 32.689224], [-17.037406, 32.689192], [-17.037487, 32.689157], [-17.037611, 32.689143], [-17.037778, 32.689124], [-17.037928, 32.689101], [-17.038085, 32.68904], [-17.03837, 32.689006], [-17.038565, 32.688976], [-17.038794, 32.688887], [-17.039003, 32.68883], [-17.039116, 32.688849], [-17.039435, 32.688877], [-17.039675, 32.688862], [-17.039884, 32.688861], [-17.040128, 32.688798], [-17.040296, 32.688804], [-17.040556, 32.688915], [-17.040855, 32.688972], [-17.0411, 32.689066], [-17.041314, 32.689178], [-17.041446, 32.689262], [-17.041525, 32.689336], [-17.041675, 32.68931], [-17.041692, 32.689182], [-17.041719, 32.689059], [-17.041808, 32.688868], [-17.04201, 32.688578], [-17.042158, 32.688374], [-17.042177, 32.688227], [-17.042127, 32.688048], [-17.042164, 32.687895], [-17.042254, 32.687543], [-17.042346, 32.687365], [-17.0424, 32.687284], [-17.04245, 32.687224], [-17.04247, 32.68714], [-17.042471, 32.687021], [-17.042395, 32.686785], [-17.042374, 32.686567], [-17.042317, 32.686388], [-17.042309, 32.686312], [-17.042328, 32.686236], [-17.04234, 32.686123], [-17.042244, 32.68601], [-17.042213, 32.685926], [-17.04224, 32.685815], [-17.0423, 32.685642], [-17.042375, 32.685503], [-17.042372, 32.685403], [-17.042316, 32.685331], [-17.042271, 32.685248], [-17.042296, 32.68515], [-17.042313, 32.684989], [-17.042279, 32.684836], [-17.042182, 32.684736], [-17.042098, 32.68467], [-17.041988, 32.684654], [-17.041827, 32.684646], [-17.041611, 32.684722], [-17.041438, 32.684858], [-17.041359, 32.684943], [-17.041301, 32.684997], [-17.041231, 32.68505], [-17.041175, 32.685074], [-17.041127, 32.685066], [-17.041121, 32.685034], [-17.04112, 32.68492], [-17.041106, 32.684807], [-17.041023, 32.684694], [-17.040904, 32.684577], [-17.040716, 32.684492], [-17.040678, 32.684442], [-17.040689, 32.684386], [-17.04077, 32.684384], [-17.040867, 32.684386], [-17.040979, 32.684374], [-17.041107, 32.684318], [-17.041194, 32.684245], [-17.041201, 32.684138], [-17.041123, 32.68405], [-17.041148, 32.683982], [-17.04127, 32.683881], [-17.041376, 32.683832], [-17.041427, 32.683733], [-17.041457, 32.683607], [-17.041497, 32.683476], [-17.041646, 32.683274], [-17.041836, 32.683189], [-17.042069, 32.683122], [-17.042282, 32.683045], [-17.042386, 32.682964], [-17.042438, 32.682829], [-17.042462, 32.682736], [-17.042408, 32.68263], [-17.042375, 32.682537], [-17.042305, 32.682435], [-17.042166, 32.682308], [-17.042041, 32.68227], [-17.04196, 32.682261], [-17.04188, 32.682252], [-17.041778, 32.682269], [-17.04175, 32.682233], [-17.041781, 32.682148], [-17.041789, 32.682085], [-17.041754, 32.682023], [-17.041604, 32.681822], [-17.041531, 32.681685], [-17.041403, 32.681525], [-17.041315, 32.681373], [-17.041333, 32.681296], [-17.041333, 32.681225], [-17.041305, 32.68117], [-17.041148, 32.680993], [-17.041022, 32.680902], [-17.040745, 32.680739], [-17.040283, 32.680611], [-17.040049, 32.680574], [-17.039913, 32.680538], [-17.039817, 32.680489], [-17.039793, 32.680436], [-17.039853, 32.680359], [-17.039912, 32.680268], [-17.039925, 32.680114], [-17.039976, 32.679843], [-17.039982, 32.67968], [-17.03998, 32.679539], [-17.039953, 32.679446], [-17.039819, 32.679272], [-17.03979, 32.67922]], [[-17.039296, 32.679191], [-17.039071, 32.679203], [-17.038801, 32.679145], [-17.038538, 32.679108], [-17.038214, 32.679076], [-17.03791, 32.679081], [-17.037593, 32.679158], [-17.037347, 32.679189], [-17.037063, 32.679228], [-17.036859, 32.679251], [-17.036533, 32.679431], [-17.036378, 32.679444], [-17.036145, 32.679447], [-17.03597, 32.679495], [-17.035801, 32.679492], [-17.035699, 32.679465], [-17.035559, 32.679376], [-17.035451, 32.679348], [-17.035321, 32.679342], [-17.035201, 32.679369], [-17.035165, 32.67937], [-17.035137, 32.679367], [-17.035122, 32.679366], [-17.034976, 32.679266], [-17.034879, 32.679215], [-17.03475, 32.67919], [-17.034533, 32.679192], [-17.034056, 32.679177], [-17.033347, 32.679345], [-17.033094, 32.679434], [-17.033026, 32.679455], [-17.032986, 32.679467], [-17.032449, 32.679573], [-17.032401, 32.679591], [-17.032184, 32.679675], [-17.032003, 32.679726], [-17.031857, 32.679807], [-17.03167, 32.67992], [-17.031513, 32.680068], [-17.031408, 32.680091], [-17.031155, 32.680076], [-17.030983, 32.680096], [-17.030874, 32.68017], [-17.030829, 32.680241], [-17.030793, 32.680351], [-17.030776, 32.680479], [-17.030807, 32.680607], [-17.030784, 32.680702], [-17.03079, 32.680759], [-17.030791, 32.680875], [-17.030795, 32.680969], [-17.030757, 32.681001], [-17.030694, 32.681012], [-17.030515, 32.680925], [-17.030321, 32.680805], [-17.030112, 32.68065], [-17.029921, 32.680541], [-17.029837, 32.680512], [-17.02981, 32.680508], [-17.029594, 32.680548], [-17.02929, 32.680653], [-17.02895, 32.680776], [-17.028935, 32.680784], [-17.028875, 32.680892], [-17.028811, 32.680996], [-17.028743, 32.681143], [-17.028653, 32.681268], [-17.028703, 32.68143], [-17.028736, 32.681546], [-17.028764, 32.681644], [-17.028732, 32.681684], [-17.028668, 32.681709], [-17.028565, 32.681727], [-17.028502, 32.681712], [-17.028432, 32.681657], [-17.028351, 32.681566], [-17.028188, 32.681441], [-17.028114, 32.681376], [-17.028078, 32.68129], [-17.028024, 32.681104], [-17.027954, 32.681016], [-17.027845, 32.68097], [-17.027704, 32.680966], [-17.02748, 32.680984], [-17.027282, 32.681034], [-17.027096, 32.681125], [-17.026991, 32.681218], [-17.02684, 32.681342], [-17.026602, 32.681462], [-17.026546, 32.681487], [-17.026442, 32.681504], [-17.026307, 32.681618], [-17.026246, 32.681688], [-17.026127, 32.681784], [-17.026117, 32.681874], [-17.026104, 32.682014], [-17.026121, 32.68213], [-17.026134, 32.682208], [-17.026096, 32.682243], [-17.026055, 32.682251], [-17.026014, 32.682245], [-17.025919, 32.682117], [-17.025837, 32.681959], [-17.025755, 32.681845], [-17.025669, 32.681751], [-17.025551, 32.681713], [-17.025523, 32.681689], [-17.025519, 32.681669], [-17.025518, 32.681647], [-17.025562, 32.681496], [-17.025669, 32.681368], [-17.025817, 32.681192], [-17.025852, 32.681108], [-17.025877, 32.681035], [-17.025884, 32.680946], [-17.025979, 32.680879], [-17.026016, 32.680816]], [[-17.026055, 32.680808], [-17.026044, 32.680764], [-17.026021, 32.680629], [-17.026052, 32.680534], [-17.026162, 32.680439], [-17.026302, 32.680394], [-17.026436, 32.680318], [-17.026592, 32.680213], [-17.026839, 32.680056], [-17.026928, 32.67998], [-17.026956, 32.679913], [-17.026966, 32.679825], [-17.027004, 32.679697], [-17.027076, 32.679537], [-17.027123, 32.679427], [-17.02712, 32.679396], [-17.027107, 32.679371], [-17.027096, 32.679352], [-17.027078, 32.679312], [-17.02705, 32.679286], [-17.027014, 32.679268], [-17.026987, 32.679266], [-17.02696, 32.679267], [-17.026887, 32.679283], [-17.026817, 32.679329], [-17.026764, 32.679371], [-17.026377, 32.679694], [-17.026259, 32.679762], [-17.026142, 32.679789], [-17.02598, 32.679803], [-17.025837, 32.679821], [-17.025692, 32.679824], [-17.025551, 32.67989], [-17.025392, 32.679975], [-17.024803, 32.680304], [-17.024716, 32.680376], [-17.024634, 32.680418], [-17.024615, 32.680426], [-17.024518, 32.680458], [-17.024343, 32.680516], [-17.024178, 32.680571], [-17.024, 32.680661], [-17.023885, 32.680755], [-17.023707, 32.680936], [-17.023595, 32.681042], [-17.023572, 32.681058], [-17.023267, 32.681282], [-17.022899, 32.681538], [-17.02262, 32.681763], [-17.022541, 32.6818], [-17.022319, 32.681798], [-17.022118, 32.681779], [-17.021904, 32.68177], [-17.021771, 32.68179], [-17.021682, 32.681825], [-17.02162, 32.681872], [-17.02158, 32.681942], [-17.021569, 32.682026], [-17.021548, 32.682174], [-17.021488, 32.682299], [-17.021435, 32.682398], [-17.021337, 32.682477], [-17.021233, 32.682506], [-17.021157, 32.682518], [-17.021043, 32.682506], [-17.020932, 32.682486], [-17.020817, 32.682504], [-17.020699, 32.682553], [-17.020636, 32.682569], [-17.020619, 32.682572], [-17.020603, 32.682563], [-17.020556, 32.682518], [-17.020503, 32.682485], [-17.02044, 32.682485], [-17.020393, 32.682512], [-17.020315, 32.682552], [-17.020138, 32.682536], [-17.020053, 32.682629], [-17.019981, 32.682747], [-17.019865, 32.682852], [-17.019744, 32.68292], [-17.019671, 32.682856], [-17.01963, 32.68279], [-17.019569, 32.682698], [-17.01951, 32.682633], [-17.019339, 32.682579], [-17.019215, 32.682585], [-17.019126, 32.682605], [-17.019011, 32.682675], [-17.018867, 32.682805], [-17.018739, 32.682918], [-17.018675, 32.682953], [-17.018613, 32.682977], [-17.018593, 32.68297], [-17.018587, 32.682956], [-17.018578, 32.682913], [-17.018632, 32.682734], [-17.01864, 32.682604], [-17.018629, 32.682455], [-17.018676, 32.68235], [-17.018768, 32.682209], [-17.018978, 32.682047], [-17.019241, 32.681871], [-17.019378, 32.681763], [-17.019428, 32.681652], [-17.01942, 32.681522], [-17.019333, 32.681429], [-17.019074, 32.681418], [-17.01886, 32.681331], [-17.018649, 32.681342], [-17.018489, 32.681402], [-17.018375, 32.681477], [-17.01828, 32.681634], [-17.018158, 32.681784], [-17.017803, 32.682158], [-17.017696, 32.682275], [-17.017559, 32.682347], [-17.017223, 32.682414], [-17.017034, 32.682492], [-17.016872, 32.682505], [-17.016729, 32.682523], [-17.016563, 32.682571], [-17.016356, 32.682664], [-17.016163, 32.68292], [-17.016142, 32.68305], [-17.016149, 32.68312], [-17.016175, 32.68318], [-17.016276, 32.68329], [-17.016367, 32.683441], [-17.016382, 32.6835]], [[-17.01625, 32.683831], [-17.016191, 32.683877], [-17.016138, 32.683928], [-17.016036, 32.683945], [-17.015953, 32.683803], [-17.015899, 32.683642], [-17.015831, 32.68353], [-17.015699, 32.683497], [-17.015588, 32.683481], [-17.015557, 32.683457], [-17.015549, 32.683417], [-17.015601, 32.683341], [-17.015598, 32.683232], [-17.015595, 32.68313], [-17.015533, 32.68286], [-17.015541, 32.682622], [-17.015482, 32.682479], [-17.015317, 32.682438], [-17.015096, 32.682422], [-17.015052, 32.682372], [-17.015056, 32.682357], [-17.015358, 32.682219], [-17.015491, 32.682213], [-17.015771, 32.682179], [-17.015884, 32.682088], [-17.015965, 32.682008], [-17.016162, 32.681962], [-17.016259, 32.681791], [-17.016401, 32.681699], [-17.01663, 32.68159], [-17.016818, 32.681426], [-17.016949, 32.681305], [-17.016975, 32.681217], [-17.016943, 32.681088], [-17.016949, 32.680937], [-17.017109, 32.680595], [-17.017151, 32.680441], [-17.017193, 32.680335], [-17.017294, 32.680192], [-17.017298, 32.680139], [-17.01725, 32.680066], [-17.017203, 32.680027], [-17.017092, 32.68], [-17.016904, 32.679978], [-17.016752, 32.679937], [-17.016649, 32.679891], [-17.016483, 32.679789], [-17.016393, 32.679755], [-17.016331, 32.679732], [-17.016319, 32.679721], [-17.01626, 32.679657], [-17.016221, 32.679593], [-17.016226, 32.679564], [-17.016247, 32.679536], [-17.016324, 32.679523], [-17.016708, 32.679409], [-17.016814, 32.679332], [-17.016959, 32.67919], [-17.017017, 32.679136], [-17.017078, 32.679067], [-17.017082, 32.678959], [-17.01713, 32.678881], [-17.017178, 32.678849], [-17.017269, 32.67883], [-17.01751, 32.67873], [-17.017589, 32.678678], [-17.017614, 32.678652], [-17.017822, 32.67844], [-17.018173, 32.678124], [-17.018193, 32.678107], [-17.018341, 32.678018], [-17.018472, 32.677864], [-17.018867, 32.677633], [-17.019041, 32.677492], [-17.019133, 32.677348], [-17.019258, 32.676897], [-17.019637, 32.676201], [-17.019685, 32.676079], [-17.019692, 32.675932], [-17.019677, 32.67577], [-17.019709, 32.675611], [-17.019797, 32.675495], [-17.019886, 32.675328], [-17.019966, 32.675141], [-17.019981, 32.675069], [-17.019983, 32.675021], [-17.019977, 32.675009], [-17.019967, 32.674994], [-17.019955, 32.674987], [-17.019922, 32.674978], [-17.019889, 32.674975], [-17.019693, 32.674976], [-17.019569, 32.674951], [-17.019407, 32.674856], [-17.019202, 32.67469]], [[-17.019143, 32.674631], [-17.019051, 32.674504], [-17.019016, 32.674422], [-17.018999, 32.674255], [-17.018975, 32.674209]], [[-17.018968, 32.674194], [-17.018951, 32.674146], [-17.018945, 32.674113]], [[-17.018945, 32.674095], [-17.018934, 32.67401], [-17.018838, 32.673874]], [[-17.018828, 32.673849], [-17.018824, 32.67382], [-17.018841, 32.673774], [-17.01898, 32.673547], [-17.018997, 32.673458], [-17.018918, 32.673268], [-17.018867, 32.673115], [-17.018829, 32.673056], [-17.018737, 32.672962], [-17.018654, 32.672855], [-17.018675, 32.672733], [-17.018733, 32.672632], [-17.018812, 32.672452], [-17.018864, 32.672311], [-17.018935, 32.672212], [-17.01906, 32.672119], [-17.019186, 32.671974], [-17.019231, 32.671881], [-17.01929, 32.671663], [-17.019341, 32.671523], [-17.019513, 32.671216], [-17.019518, 32.671143], [-17.0195, 32.670992], [-17.01944, 32.670886], [-17.019261, 32.670758], [-17.019071, 32.670632], [-17.018973, 32.670502], [-17.018985, 32.670382], [-17.019007, 32.670322], [-17.019057, 32.670214], [-17.01912, 32.670027], [-17.019161, 32.669884], [-17.019155, 32.669752], [-17.019065, 32.669535], [-17.019042, 32.669331], [-17.019015, 32.669269], [-17.018952, 32.669218], [-17.018836, 32.669199], [-17.018751, 32.669254], [-17.018647, 32.669317], [-17.018513, 32.66932], [-17.018398, 32.669301], [-17.018358, 32.669269], [-17.018343, 32.669236], [-17.018367, 32.669175], [-17.018452, 32.669071], [-17.018477, 32.669008], [-17.01845, 32.668861], [-17.018441, 32.668704], [-17.018443, 32.66854], [-17.018397, 32.668376], [-17.018334, 32.668299], [-17.018306, 32.668232], [-17.018346, 32.668199], [-17.018401, 32.668174], [-17.018641, 32.668078], [-17.018925, 32.667801], [-17.019185, 32.667564], [-17.019346, 32.667478], [-17.019472, 32.667415], [-17.019547, 32.667414], [-17.019706, 32.667438], [-17.019851, 32.667428], [-17.020316, 32.667343], [-17.020405, 32.667322], [-17.020611, 32.667351], [-17.020697, 32.667298], [-17.020706, 32.667237], [-17.020713, 32.667157], [-17.020731, 32.667004], [-17.020782, 32.66691], [-17.020887, 32.666799], [-17.020928, 32.666713], [-17.020948, 32.666626], [-17.020942, 32.666557], [-17.02086, 32.666492], [-17.020636, 32.666469], [-17.02008, 32.666393], [-17.019909, 32.666351], [-17.019739, 32.666373], [-17.019608, 32.666343], [-17.019461, 32.666361], [-17.019068, 32.666307], [-17.01888, 32.666234], [-17.018797, 32.666169], [-17.018759, 32.666088], [-17.018772, 32.665975], [-17.018818, 32.665704], [-17.01889, 32.665489], [-17.018958, 32.665301], [-17.01898, 32.665137], [-17.018927, 32.664935], [-17.018859, 32.664755], [-17.018877, 32.664555], [-17.018883, 32.664378], [-17.018838, 32.664263], [-17.018794, 32.664207], [-17.01873, 32.664141], [-17.018615, 32.664079], [-17.018512, 32.664048], [-17.018162, 32.664049], [-17.017909, 32.6641], [-17.017809, 32.664138], [-17.017751, 32.664163], [-17.017708, 32.664154], [-17.017649, 32.66413], [-17.017633, 32.664055], [-17.017602, 32.664002], [-17.017568, 32.663903], [-17.017579, 32.663786], [-17.017661, 32.663571], [-17.017675, 32.663443], [-17.017519, 32.663043], [-17.017482, 32.662784], [-17.017407, 32.662658], [-17.017367, 32.662642], [-17.01731, 32.662607], [-17.017309, 32.662567], [-17.017294, 32.662478], [-17.017231, 32.662379], [-17.017159, 32.6623], [-17.017094, 32.662242], [-17.017022, 32.662166], [-17.017001, 32.661974], [-17.016832, 32.661665], [-17.016766, 32.661604], [-17.016588, 32.6615], [-17.016482, 32.661456], [-17.016317, 32.661419], [-17.016193, 32.661424], [-17.015543, 32.661521], [-17.01517, 32.661571], [-17.015023, 32.661618], [-17.014735, 32.661786], [-17.014638, 32.661878], [-17.014601, 32.661937], [-17.014541, 32.662247], [-17.014485, 32.66244], [-17.014431, 32.662513], [-17.014354, 32.662574], [-17.014053, 32.66274], [-17.0138, 32.662841], [-17.013551, 32.663066], [-17.013444, 32.663125], [-17.013357, 32.663238], [-17.013296, 32.663338], [-17.013238, 32.663473], [-17.013222, 32.663612], [-17.013155, 32.663646], [-17.013043, 32.663644], [-17.012952, 32.663604], [-17.012917, 32.663549], [-17.01278, 32.663363], [-17.012701, 32.663331], [-17.012624, 32.663345], [-17.012496, 32.66337], [-17.012314, 32.663348], [-17.01212, 32.663277], [-17.012034, 32.663285], [-17.011966, 32.663346], [-17.011789, 32.663491], [-17.01165, 32.663562], [-17.011517, 32.66366], [-17.011476, 32.663731], [-17.011426, 32.663838], [-17.011342, 32.663949], [-17.011257, 32.664022], [-17.01107, 32.664138], [-17.010751, 32.664283], [-17.010429, 32.664424], [-17.010136, 32.664505], [-17.010041, 32.664545], [-17.009887, 32.66464], [-17.009803, 32.66468], [-17.009692, 32.664677], [-17.009408, 32.66467], [-17.009271, 32.664668], [-17.009154, 32.664666], [-17.009024, 32.664715], [-17.00898, 32.664802], [-17.0089, 32.664956], [-17.008801, 32.665102], [-17.008722, 32.665191], [-17.008566, 32.665252], [-17.008422, 32.66535], [-17.008236, 32.665538], [-17.008056, 32.66571], [-17.007896, 32.665866], [-17.007705, 32.666099], [-17.007631, 32.666263], [-17.007615, 32.666364], [-17.007609, 32.666514], [-17.007607, 32.666671], [-17.007613, 32.666874], [-17.007605, 32.666967], [-17.007542, 32.667012], [-17.007468, 32.667024], [-17.007337, 32.666993], [-17.007181, 32.666943], [-17.007014, 32.66685], [-17.00684, 32.66677], [-17.006735, 32.666694], [-17.006613, 32.666647], [-17.006459, 32.666643], [-17.006239, 32.666712], [-17.006067, 32.666826], [-17.005882, 32.667084], [-17.005706, 32.667274], [-17.005327, 32.667641], [-17.005249, 32.667693]], [[-17.00443, 32.663173], [-17.002161, 32.663238]], [[-16.993756, 32.670755], [-16.993281, 32.670963], [-16.993196, 32.670999]], [[-16.993196, 32.670999], [-16.993173, 32.671043], [-16.993186, 32.671079], [-16.993199, 32.6711], [-16.993247, 32.671137], [-16.993315, 32.671193], [-16.993649, 32.671399], [-16.993668, 32.671459], [-16.993669, 32.67151], [-16.993637, 32.67156], [-16.993582, 32.671593], [-16.993334, 32.671751], [-16.992964, 32.671879], [-16.992868, 32.671943], [-16.992745, 32.672037], [-16.9927, 32.672072], [-16.992634, 32.672044]], [[-16.993196, 32.670999], [-16.993488, 32.670779], [-16.993825, 32.67046], [-16.994021, 32.670315], [-16.993801, 32.670194], [-16.99375, 32.67011], [-16.993686, 32.670077], [-16.993528, 32.670012], [-16.993335, 32.669961], [-16.99305, 32.669809], [-16.992972, 32.669721], [-16.99288, 32.669668], [-16.992608, 32.669592], [-16.992512, 32.66957], [-16.992436, 32.669533], [-16.992378, 32.669474], [-16.992362, 32.669415], [-16.992348, 32.669176], [-16.992334, 32.669081], [-16.992308, 32.669025], [-16.992248, 32.668985], [-16.992021, 32.668879], [-16.992003, 32.66887], [-16.991645, 32.668696], [-16.991594, 32.668672], [-16.991515, 32.668671], [-16.9914, 32.668654], [-16.991135, 32.668557], [-16.990898, 32.668476], [-16.990793, 32.668403], [-16.990705, 32.668295], [-16.990641, 32.668143]], [[-16.992238, 32.672046], [-16.991871, 32.671922], [-16.991561, 32.671881], [-16.991519, 32.671875], [-16.991377, 32.671913], [-16.991198, 32.671974], [-16.991052, 32.672022], [-16.990931, 32.672013], [-16.990833, 32.671984], [-16.99053, 32.67191], [-16.990464, 32.67194], [-16.990416, 32.67196], [-16.990357, 32.672005], [-16.99024, 32.672131], [-16.990163, 32.672186], [-16.990124, 32.672203], [-16.990093, 32.672232], [-16.990077, 32.67228], [-16.990096, 32.672312], [-16.990131, 32.672356], [-16.990219, 32.672424], [-16.990528, 32.672708], [-16.990695, 32.672806], [-16.990794, 32.67296], [-16.99084, 32.673015], [-16.990936, 32.673097], [-16.991129, 32.673211], [-16.991406, 32.673397], [-16.99147, 32.673476], [-16.991512, 32.673561], [-16.991675, 32.673707], [-16.991703, 32.673774], [-16.991803, 32.67404], [-16.991891, 32.674158], [-16.992038, 32.674282], [-16.992277, 32.674451], [-16.992313, 32.674553], [-16.992199, 32.674709], [-16.992197, 32.674756], [-16.992312, 32.674947], [-16.992458, 32.67511], [-16.992631, 32.675489], [-16.992812, 32.675749], [-16.992946, 32.675991], [-16.992973, 32.676103], [-16.992937, 32.676305], [-16.992956, 32.676388], [-16.993123, 32.676664], [-16.993115, 32.676721], [-16.992936, 32.676896], [-16.992795, 32.676955], [-16.992631, 32.677038], [-16.992494, 32.677178], [-16.992431, 32.677304], [-16.992435, 32.677396], [-16.992467, 32.677494], [-16.992565, 32.677622], [-16.992659, 32.677749], [-16.99279, 32.677838], [-16.993141, 32.678293], [-16.993289, 32.678438], [-16.993404, 32.678673], [-16.993628, 32.678918], [-16.99397, 32.679048], [-16.994174, 32.679219], [-16.994466, 32.679375], [-16.994795, 32.679756], [-16.994964, 32.679976], [-16.995075, 32.680207], [-16.995235, 32.68036], [-16.995362, 32.680427], [-16.995403, 32.680431], [-16.995517, 32.680421], [-16.995593, 32.680449], [-16.995824, 32.680562], [-16.995765, 32.680642], [-16.995619, 32.680609], [-16.995562, 32.680585], [-16.995307, 32.680585], [-16.995082, 32.680679], [-16.994988, 32.680685], [-16.994734, 32.680535], [-16.99465, 32.680347], [-16.994587, 32.680269], [-16.994459, 32.680213], [-16.994397, 32.680123], [-16.99432, 32.680064], [-16.994195, 32.680041], [-16.994123, 32.680054], [-16.99395, 32.680146], [-16.993871, 32.680158], [-16.993761, 32.680134], [-16.993697, 32.680145], [-16.99365, 32.680176], [-16.99352, 32.680298], [-16.993476, 32.680366], [-16.993407, 32.680608], [-16.993346, 32.680697], [-16.993254, 32.680735], [-16.993137, 32.680787], [-16.993056, 32.680797], [-16.9929, 32.680771], [-16.992806, 32.680766], [-16.992688, 32.680821], [-16.992312, 32.680974], [-16.992158, 32.681095], [-16.992144, 32.681098], [-16.99213, 32.681098], [-16.992095, 32.681044], [-16.992112, 32.680976], [-16.992259, 32.680687], [-16.992334, 32.680561], [-16.992571, 32.680364], [-16.992655, 32.680244], [-16.992726, 32.679989], [-16.992813, 32.679898], [-16.992838, 32.679863], [-16.992826, 32.679825], [-16.992762, 32.679773], [-16.992637, 32.679686], [-16.992394, 32.679516], [-16.992221, 32.679392], [-16.992175, 32.679336], [-16.992089, 32.679197], [-16.991986, 32.679065], [-16.991519, 32.678759], [-16.990961, 32.678329], [-16.990516, 32.677846], [-16.990472, 32.67756], [-16.990321, 32.677247], [-16.990214, 32.676885], [-16.99021, 32.676692], [-16.990237, 32.676516], [-16.990291, 32.67635], [-16.990353, 32.676181], [-16.990356, 32.676147], [-16.990354, 32.676106], [-16.990307, 32.676059], [-16.98972, 32.675558], [-16.989605, 32.675429], [-16.989521, 32.675354], [-16.989385, 32.675271], [-16.989332, 32.675247], [-16.98927, 32.675247], [-16.989116, 32.675314], [-16.989066, 32.675348], [-16.988988, 32.675409], [-16.988941, 32.67543], [-16.988889, 32.675427], [-16.98884, 32.675401], [-16.988748, 32.67532], [-16.988576, 32.675146], [-16.988472, 32.675038], [-16.988304, 32.674926], [-16.988269, 32.674906], [-16.988201, 32.674916], [-16.988142, 32.674993], [-16.988096, 32.675146], [-16.988043, 32.675382], [-16.987978, 32.675497], [-16.987857, 32.675597], [-16.987663, 32.675692], [-16.987476, 32.675792], [-16.987367, 32.675851], [-16.987243, 32.675977], [-16.987342, 32.676116], [-16.987289, 32.676203], [-16.987165, 32.676226], [-16.987015, 32.676119], [-16.986956, 32.676041], [-16.986868, 32.67591], [-16.98682, 32.675749], [-16.9867, 32.675606], [-16.986574, 32.675454], [-16.986492, 32.675394], [-16.986378, 32.675374], [-16.986258, 32.675367], [-16.986257, 32.675334]], [[-16.9851, 32.67525], [-16.985017, 32.675282], [-16.984899, 32.675289], [-16.984815, 32.675305], [-16.984756, 32.675308], [-16.984713, 32.675302], [-16.984661, 32.675305], [-16.984502, 32.675374], [-16.984423, 32.675441], [-16.984373, 32.675515], [-16.984347, 32.675627], [-16.984318, 32.675927], [-16.984293, 32.676164], [-16.984305, 32.676315], [-16.984374, 32.676439], [-16.984541, 32.676676], [-16.984711, 32.676862], [-16.984772, 32.676964], [-16.98476, 32.677019], [-16.984709, 32.677058], [-16.984639, 32.67713], [-16.984548, 32.677151], [-16.984432, 32.677126], [-16.984194, 32.677049], [-16.98384, 32.676962], [-16.983651, 32.676937], [-16.983541, 32.676962], [-16.983456, 32.677017], [-16.983373, 32.677037], [-16.983338, 32.677042], [-16.983261, 32.67703], [-16.983213, 32.67701], [-16.983158, 32.676963], [-16.983093, 32.676905], [-16.982958, 32.676812], [-16.982778, 32.676621], [-16.982618, 32.676518], [-16.982546, 32.676471], [-16.982219, 32.676222], [-16.98197, 32.67605], [-16.981553, 32.675764], [-16.981384, 32.675738], [-16.981179, 32.675785], [-16.981055, 32.675884], [-16.980961, 32.675943], [-16.980853, 32.675996], [-16.980789, 32.676074], [-16.980694, 32.676176], [-16.980611, 32.676304], [-16.980567, 32.676387], [-16.980558, 32.676419], [-16.980549, 32.676556], [-16.980559, 32.676571], [-16.980647, 32.67666], [-16.980718, 32.676715], [-16.980767, 32.676768], [-16.980781, 32.676799], [-16.980764, 32.676833], [-16.98071, 32.676884], [-16.980627, 32.676914], [-16.980558, 32.676934], [-16.980546, 32.676939], [-16.980535, 32.676945], [-16.9805, 32.677158], [-16.980577, 32.677537], [-16.980575, 32.677593], [-16.980563, 32.677627], [-16.980561, 32.677658], [-16.980598, 32.677736], [-16.980681, 32.677867], [-16.98071, 32.67792], [-16.980723, 32.67797], [-16.980703, 32.678], [-16.980614, 32.678042], [-16.98058, 32.678028], [-16.980317, 32.677848], [-16.980065, 32.677744], [-16.979889, 32.677723], [-16.979807, 32.677725], [-16.979738, 32.677717], [-16.979706, 32.677678], [-16.979593, 32.677545], [-16.979452, 32.67743], [-16.979395, 32.677386], [-16.979344, 32.677321], [-16.979288, 32.677263], [-16.979187, 32.677204], [-16.97902, 32.677125], [-16.978974, 32.677106], [-16.978929, 32.677106], [-16.978874, 32.677116], [-16.978835, 32.677146], [-16.978746, 32.677233], [-16.978706, 32.67727], [-16.978669, 32.677286], [-16.97862, 32.677282], [-16.978565, 32.67725], [-16.978495, 32.677164], [-16.978421, 32.677111], [-16.978358, 32.677087], [-16.978285, 32.677077], [-16.978195, 32.677055], [-16.977911, 32.677002], [-16.977717, 32.676997], [-16.977608, 32.676994], [-16.977339, 32.676936], [-16.977201, 32.676917], [-16.977078, 32.676907], [-16.977002, 32.676902], [-16.976938, 32.676915], [-16.976842, 32.67695], [-16.976751, 32.676979], [-16.976659, 32.676987], [-16.976587, 32.676984], [-16.976464, 32.676914], [-16.976369, 32.676845], [-16.976333, 32.676826], [-16.976267, 32.676798], [-16.976223, 32.676784], [-16.976148, 32.676794], [-16.976033, 32.676827], [-16.975834, 32.676944], [-16.975691, 32.677042], [-16.975552, 32.67713], [-16.975395, 32.677199], [-16.975342, 32.677239], [-16.975284, 32.677311], [-16.975202, 32.677433], [-16.975167, 32.677536], [-16.975143, 32.677648], [-16.975146, 32.677879], [-16.975151, 32.678034], [-16.975167, 32.678117], [-16.975148, 32.678204], [-16.9751, 32.678326], [-16.975064, 32.678372], [-16.97486, 32.678622], [-16.97479, 32.678718], [-16.974757, 32.678837], [-16.974724, 32.678903], [-16.974701, 32.678936], [-16.974585, 32.678949], [-16.974506, 32.678876], [-16.974496, 32.678737], [-16.974582, 32.678602], [-16.974661, 32.678413], [-16.974695, 32.678305], [-16.974645, 32.678228], [-16.974549, 32.678185], [-16.974447, 32.678129], [-16.974285, 32.67802], [-16.974189, 32.678014], [-16.97406, 32.678047], [-16.973789, 32.678136], [-16.97365, 32.678182], [-16.973488, 32.67824], [-16.973382, 32.678285], [-16.973222, 32.678339], [-16.973182, 32.678328], [-16.973163, 32.678301], [-16.973169, 32.678224], [-16.973209, 32.678152], [-16.973408, 32.677924], [-16.97351, 32.677804], [-16.973582, 32.677556], [-16.973626, 32.677207], [-16.973698, 32.677041], [-16.973802, 32.676848], [-16.974118, 32.6764], [-16.974137, 32.676276], [-16.974105, 32.676194], [-16.973948, 32.676181], [-16.973531, 32.67631], [-16.973136, 32.676441], [-16.972894, 32.676648], [-16.972757, 32.676668], [-16.972575, 32.676647], [-16.9725, 32.676669], [-16.972301, 32.676789], [-16.972223, 32.676833], [-16.972098, 32.676765], [-16.97194, 32.676562], [-16.971793, 32.676445], [-16.971666, 32.67629], [-16.971633, 32.676174], [-16.971597, 32.67605]], [[-16.97148, 32.675502], [-16.971402, 32.675452], [-16.971332, 32.675452], [-16.971254, 32.675466], [-16.97115, 32.675557], [-16.970985, 32.675643], [-16.970712, 32.675881], [-16.970515, 32.676072], [-16.970341, 32.676171], [-16.970099, 32.676239], [-16.970031, 32.67627], [-16.969963, 32.67629], [-16.969881, 32.67629], [-16.969806, 32.676263], [-16.969704, 32.676164], [-16.96956, 32.676082], [-16.96936, 32.675987], [-16.969298, 32.675908], [-16.96922, 32.675663], [-16.969221, 32.675384], [-16.969243, 32.674979], [-16.969228, 32.674869], [-16.969214, 32.674822], [-16.969144, 32.674818], [-16.969093, 32.674832], [-16.968973, 32.67489], [-16.968891, 32.674957], [-16.968622, 32.675173], [-16.968512, 32.675322], [-16.968484, 32.67543], [-16.968498, 32.675645], [-16.968518, 32.675863], [-16.968513, 32.67595], [-16.968496, 32.675976], [-16.968457, 32.67597], [-16.968408, 32.675923], [-16.968314, 32.67585], [-16.968227, 32.675804], [-16.96807, 32.675792], [-16.967948, 32.675778], [-16.967853, 32.675678], [-16.967793, 32.675576], [-16.967715, 32.6754], [-16.967554, 32.675244], [-16.967266, 32.675083], [-16.967076, 32.675023], [-16.966956, 32.675019], [-16.966783, 32.675056], [-16.966613, 32.67509], [-16.96649, 32.675063], [-16.966418, 32.674847], [-16.966334, 32.674779], [-16.966188, 32.674763], [-16.966051, 32.674811], [-16.965928, 32.674881], [-16.965779, 32.674964], [-16.965721, 32.674981], [-16.965678, 32.674971], [-16.965641, 32.674937], [-16.965629, 32.674882], [-16.965627, 32.674729], [-16.96561, 32.674549], [-16.965641, 32.674418], [-16.965714, 32.674256], [-16.965789, 32.674062], [-16.965815, 32.673906], [-16.965802, 32.673749], [-16.965774, 32.673718], [-16.965721, 32.673694], [-16.965557, 32.673663], [-16.965186, 32.673626], [-16.964982, 32.67363]]]}}, {"type": "Feature", "properties": {"name": "Levada Nova da Calheta", "length_km": 29.42, "hasTunnel": false}, "geometry": {"type": "MultiLineString", "coordinates": [[[-17.237345, 32.78983], [-17.237357, 32.78987], [-17.237413, 32.789885], [-17.237475, 32.789899], [-17.237512, 32.789916], [-17.237739, 32.790121], [-17.238109, 32.790453], [-17.238138, 32.790496], [-17.238154, 32.790537], [-17.238153, 32.790566], [-17.238139, 32.790602], [-17.23811, 32.790617], [-17.238078, 32.790641], [-17.237993, 32.790682], [-17.237791, 32.790759], [-17.237616, 32.790796], [-17.237063, 32.790837], [-17.236906, 32.790828], [-17.236722, 32.790802], [-17.236529, 32.790786], [-17.236193, 32.790774], [-17.235831, 32.790675], [-17.235734, 32.790658], [-17.235617, 32.790643], [-17.235517, 32.790651], [-17.235447, 32.790667], [-17.235065, 32.79076], [-17.234892, 32.790821], [-17.234691, 32.790901], [-17.234453, 32.790929], [-17.234278, 32.790959], [-17.234109, 32.791009], [-17.23385, 32.791102], [-17.233718, 32.791123], [-17.233689, 32.791141], [-17.233651, 32.791165], [-17.233644, 32.791187], [-17.233671, 32.79122], [-17.233718, 32.791232], [-17.233788, 32.79125], [-17.234086, 32.7912], [-17.234135, 32.79121], [-17.234217, 32.791238], [-17.234368, 32.791252], [-17.234626, 32.791323], [-17.234771, 32.791325], [-17.234884, 32.79131], [-17.235146, 32.791301], [-17.235372, 32.791335], [-17.235419, 32.791356], [-17.235708, 32.791539], [-17.235861, 32.791621], [-17.236028, 32.791682], [-17.236455, 32.791983], [-17.236565, 32.792034], [-17.237394, 32.792391], [-17.237439, 32.792419], [-17.237468, 32.792449], [-17.237486, 32.79248], [-17.23749, 32.792523], [-17.237474, 32.792586], [-17.237452, 32.792607], [-17.237374, 32.792767], [-17.237366, 32.792802], [-17.237287, 32.793312], [-17.237286, 32.793337], [-17.237291, 32.793365], [-17.237333, 32.793495], [-17.237403, 32.793655], [-17.237409, 32.793669], [-17.237411, 32.793685], [-17.23741, 32.793704], [-17.237404, 32.793723], [-17.237362, 32.793834], [-17.237325, 32.793942], [-17.237285, 32.794044], [-17.237218, 32.79421], [-17.237203, 32.794231], [-17.23719, 32.794242], [-17.237175, 32.79425], [-17.23705, 32.794326], [-17.236975, 32.794364], [-17.236674, 32.794497], [-17.236455, 32.794577], [-17.236418, 32.794594], [-17.236388, 32.794614], [-17.236259, 32.794691], [-17.236167, 32.794737], [-17.2361, 32.794767], [-17.236031, 32.794793], [-17.2359, 32.79484], [-17.235792, 32.794865], [-17.235591, 32.794914], [-17.235476, 32.79494], [-17.235367, 32.79497], [-17.235193, 32.795026], [-17.23499, 32.795094], [-17.234911, 32.795119], [-17.23486, 32.795128], [-17.234706, 32.79515], [-17.23466, 32.795152], [-17.234609, 32.795152], [-17.234319, 32.795147], [-17.234283, 32.795147], [-17.23425, 32.795152], [-17.234227, 32.795162], [-17.234143, 32.795203], [-17.233902, 32.79535], [-17.233881, 32.795361], [-17.23386, 32.795368], [-17.233845, 32.795372], [-17.233836, 32.79537], [-17.233799, 32.795349], [-17.233767, 32.795342], [-17.233748, 32.795346], [-17.233655, 32.795405], [-17.233624, 32.795426], [-17.233599, 32.795438], [-17.233578, 32.795446], [-17.233523, 32.795458], [-17.233356, 32.795504], [-17.233231, 32.795535], [-17.233143, 32.795563], [-17.233128, 32.795572], [-17.23312, 32.795579], [-17.233116, 32.795589], [-17.233116, 32.795604], [-17.233127, 32.795632], [-17.233151, 32.795722], [-17.233158, 32.795732], [-17.233167, 32.795738], [-17.233256, 32.795796], [-17.233283, 32.795817], [-17.233424, 32.795972], [-17.233447, 32.795986], [-17.233472, 32.795999], [-17.233527, 32.796017], [-17.233754, 32.796076], [-17.233823, 32.796095], [-17.233835, 32.796102], [-17.233841, 32.796109], [-17.233842, 32.796123], [-17.233837, 32.796142], [-17.233839, 32.796145], [-17.233845, 32.796148], [-17.233929, 32.796161], [-17.233979, 32.796161], [-17.234209, 32.796209], [-17.234232, 32.796216], [-17.234254, 32.796225], [-17.234297, 32.796256], [-17.234318, 32.796273], [-17.234336, 32.796282], [-17.234659, 32.796368], [-17.234672, 32.796373], [-17.234683, 32.79638], [-17.234694, 32.796391], [-17.234749, 32.796488], [-17.234756, 32.796507]], [[-17.234804, 32.796646], [-17.234821, 32.796718], [-17.234816, 32.796741], [-17.234808, 32.796757], [-17.234795, 32.796771], [-17.234669, 32.796862], [-17.234441, 32.797023], [-17.234415, 32.797037], [-17.234383, 32.797048], [-17.234295, 32.797066], [-17.234263, 32.797071], [-17.234209, 32.797073], [-17.233917, 32.797074], [-17.233863, 32.79708], [-17.233808, 32.797094], [-17.233755, 32.797115], [-17.233561, 32.797196], [-17.233357, 32.797295], [-17.233252, 32.797335], [-17.233193, 32.797352], [-17.233133, 32.797369], [-17.233064, 32.797382], [-17.232993, 32.797386], [-17.232942, 32.797384], [-17.232891, 32.797376], [-17.232817, 32.797351], [-17.232655, 32.797263], [-17.232571, 32.797224], [-17.23253, 32.797209], [-17.232498, 32.797205], [-17.232474, 32.797208], [-17.232433, 32.797217], [-17.232253, 32.797268], [-17.232184, 32.79728], [-17.231951, 32.797304], [-17.23191, 32.797305], [-17.231858, 32.797302], [-17.231725, 32.797294], [-17.231691, 32.797287], [-17.231669, 32.797277], [-17.231649, 32.797264], [-17.23148, 32.797087], [-17.231407, 32.797007], [-17.231337, 32.796936], [-17.231302, 32.796909], [-17.231273, 32.796892], [-17.231232, 32.796881], [-17.231054, 32.79684], [-17.23102, 32.796837], [-17.230989, 32.796837], [-17.230953, 32.796842], [-17.230837, 32.796858], [-17.230704, 32.796892], [-17.230647, 32.796905], [-17.230598, 32.796912], [-17.230527, 32.796917], [-17.230493, 32.796915], [-17.23046, 32.796908], [-17.230429, 32.796895], [-17.230402, 32.796878], [-17.230367, 32.796839], [-17.230262, 32.796719], [-17.230242, 32.796705], [-17.230119, 32.796642], [-17.229957, 32.796559], [-17.229923, 32.796541], [-17.229893, 32.796518], [-17.229867, 32.796491], [-17.229857, 32.796469], [-17.229832, 32.796401], [-17.229794, 32.796334], [-17.229759, 32.796286], [-17.229748, 32.796276], [-17.229733, 32.79627]], [[-17.233741, 32.79943], [-17.233843, 32.799424], [-17.233883, 32.799432], [-17.23391, 32.799438], [-17.233936, 32.799448], [-17.233957, 32.799459], [-17.233976, 32.799472], [-17.233994, 32.799488], [-17.23408, 32.799573], [-17.234296, 32.799775], [-17.234344, 32.79981], [-17.234748, 32.800019], [-17.234776, 32.800039], [-17.2348, 32.800062], [-17.234828, 32.800095], [-17.234851, 32.80013], [-17.23507, 32.800614], [-17.235072, 32.800634], [-17.235069, 32.800647], [-17.235063, 32.800657], [-17.235007, 32.800751], [-17.234965, 32.800828], [-17.23496, 32.800873], [-17.234952, 32.800917], [-17.234951, 32.800944], [-17.234954, 32.800966], [-17.234963, 32.800987], [-17.235002, 32.801056], [-17.235012, 32.801076], [-17.235016, 32.801099], [-17.235013, 32.801125], [-17.235002, 32.801149], [-17.234915, 32.801304], [-17.234801, 32.801522], [-17.234704, 32.801704], [-17.234559, 32.801973], [-17.234544, 32.801987], [-17.234527, 32.801998], [-17.234507, 32.802006], [-17.23448, 32.802014], [-17.234442, 32.802029], [-17.234413, 32.802033], [-17.234365, 32.802046], [-17.234323, 32.802061], [-17.234281, 32.802079], [-17.234046, 32.802197], [-17.234018, 32.802219], [-17.233895, 32.802324], [-17.233797, 32.802393], [-17.23374, 32.802419], [-17.233348, 32.802568], [-17.233217, 32.802614], [-17.233179, 32.802621], [-17.232925, 32.802637], [-17.23285, 32.802645], [-17.232791, 32.802657], [-17.232757, 32.802667], [-17.232706, 32.802688], [-17.232663, 32.802709], [-17.232495, 32.8028], [-17.232446, 32.802821], [-17.232414, 32.802832], [-17.232319, 32.802853], [-17.232266, 32.802864], [-17.232141, 32.802883], [-17.232104, 32.802886], [-17.232058, 32.802884], [-17.232028, 32.80288], [-17.231912, 32.80286], [-17.231801, 32.80283], [-17.231764, 32.802815], [-17.231683, 32.80278], [-17.231624, 32.802758], [-17.231552, 32.802736], [-17.231472, 32.802714], [-17.23119, 32.802638], [-17.231149, 32.802629], [-17.231093, 32.802623], [-17.231043, 32.802625], [-17.230973, 32.802627], [-17.230909, 32.802642], [-17.230903, 32.802646], [-17.230898, 32.802654]], [[-17.233212, 32.807892], [-17.233214, 32.807983], [-17.233196, 32.808135], [-17.233187, 32.808239], [-17.233178, 32.808275], [-17.233091, 32.80854], [-17.23307, 32.808565], [-17.233044, 32.808585], [-17.233003, 32.808607], [-17.232959, 32.80862], [-17.2328, 32.808654], [-17.23264, 32.808673], [-17.232498, 32.808681], [-17.232402, 32.808674], [-17.232245, 32.808652], [-17.23212, 32.808624], [-17.231836, 32.808538], [-17.231765, 32.808525], [-17.231617, 32.808494], [-17.231578, 32.808489], [-17.231527, 32.808492], [-17.231437, 32.808503], [-17.231351, 32.808509], [-17.230965, 32.808532], [-17.230567, 32.808554], [-17.230049, 32.808561], [-17.229801, 32.808564], [-17.229705, 32.808551], [-17.229668, 32.808546], [-17.229641, 32.808546], [-17.229616, 32.80855], [-17.229418, 32.808594], [-17.229392, 32.808599], [-17.229348, 32.808599], [-17.228869, 32.808576], [-17.228841, 32.808577], [-17.228655, 32.808583], [-17.228563, 32.808595], [-17.22852, 32.808605], [-17.228515, 32.808607], [-17.228502, 32.808618]], [[-17.230476, 32.80351], [-17.230489, 32.803516], [-17.230511, 32.803515], [-17.230539, 32.803511], [-17.230561, 32.803511], [-17.230603, 32.803513], [-17.23064, 32.80352], [-17.230787, 32.803573], [-17.230841, 32.803582], [-17.230884, 32.803593], [-17.230929, 32.8036], [-17.230982, 32.803603], [-17.23112, 32.803615], [-17.231266, 32.803625], [-17.231381, 32.803622], [-17.231455, 32.80363], [-17.231563, 32.803648], [-17.231654, 32.803665], [-17.231731, 32.803685], [-17.231769, 32.803698], [-17.231854, 32.803738], [-17.232022, 32.803821], [-17.232141, 32.803883], [-17.232175, 32.803896], [-17.232243, 32.803912], [-17.232284, 32.803916], [-17.232349, 32.803921], [-17.232493, 32.803937], [-17.232541, 32.803945], [-17.232597, 32.803957], [-17.232692, 32.803981], [-17.232719, 32.80399], [-17.232783, 32.804021], [-17.232814, 32.80404], [-17.232839, 32.804061], [-17.232931, 32.804142], [-17.232965, 32.804167], [-17.233064, 32.804228], [-17.233308, 32.804378], [-17.233318, 32.80439], [-17.233326, 32.804403], [-17.233331, 32.804419], [-17.233332, 32.804435], [-17.233315, 32.804535], [-17.233289, 32.804667], [-17.233285, 32.804678], [-17.233277, 32.804688], [-17.233266, 32.804696], [-17.233253, 32.804702], [-17.233119, 32.804738], [-17.233111, 32.804743], [-17.233103, 32.804749], [-17.233097, 32.804758], [-17.233093, 32.804769], [-17.233087, 32.804798], [-17.233096, 32.804821], [-17.233107, 32.804862], [-17.233118, 32.804877], [-17.233121, 32.804895], [-17.233115, 32.805351], [-17.233113, 32.805488], [-17.233123, 32.805545], [-17.233238, 32.806079], [-17.23324, 32.806104], [-17.233236, 32.806131], [-17.233222, 32.80616], [-17.233207, 32.806177], [-17.233069, 32.806345], [-17.233055, 32.806357], [-17.233037, 32.806366], [-17.233022, 32.806371], [-17.233007, 32.806373], [-17.232992, 32.806375], [-17.232971, 32.80638], [-17.232941, 32.806395], [-17.232886, 32.806456], [-17.232813, 32.806517], [-17.23278, 32.806534], [-17.232376, 32.806661], [-17.232289, 32.806702], [-17.232262, 32.806718], [-17.232253, 32.806727], [-17.232246, 32.806742], [-17.232239, 32.806753], [-17.232242, 32.806778], [-17.232257, 32.806794], [-17.232339, 32.806837], [-17.232425, 32.806898], [-17.232581, 32.807039], [-17.232622, 32.807046]], [[-17.220633, 32.811728], [-17.220645, 32.811724], [-17.220647, 32.811704], [-17.220651, 32.811686], [-17.22066, 32.811663], [-17.220688, 32.811621], [-17.220717, 32.811594], [-17.220754, 32.811575], [-17.220791, 32.811557], [-17.220844, 32.811538], [-17.220913, 32.811537], [-17.220977, 32.811549], [-17.221134, 32.811662], [-17.221273, 32.811759], [-17.221332, 32.8118], [-17.221381, 32.811838], [-17.221451, 32.811876], [-17.221729, 32.81196], [-17.221838, 32.811988], [-17.221937, 32.812001], [-17.222047, 32.811994], [-17.222124, 32.811994], [-17.222236, 32.81202], [-17.222305, 32.812049], [-17.222346, 32.812088], [-17.222376, 32.812119], [-17.222404, 32.81213], [-17.222436, 32.812131], [-17.222556, 32.812118], [-17.222725, 32.812099], [-17.222867, 32.812112], [-17.222962, 32.812099], [-17.222991, 32.812104], [-17.223008, 32.812118], [-17.223027, 32.812134], [-17.223109, 32.812213], [-17.223161, 32.812289], [-17.223223, 32.812354], [-17.223291, 32.812399], [-17.223352, 32.812418], [-17.223402, 32.812409], [-17.223429, 32.812398], [-17.223529, 32.812311], [-17.223617, 32.812247], [-17.22369, 32.812215], [-17.223745, 32.812215], [-17.223782, 32.81222], [-17.223879, 32.812247], [-17.223921, 32.812254], [-17.223961, 32.812255], [-17.223992, 32.812245], [-17.22417, 32.812147], [-17.224204, 32.812134], [-17.22424, 32.81213], [-17.224523, 32.81211], [-17.224573, 32.812103], [-17.224739, 32.81207], [-17.224871, 32.812029], [-17.224914, 32.812024], [-17.224959, 32.812026], [-17.225209, 32.812078], [-17.225261, 32.812078], [-17.225315, 32.81207], [-17.225576, 32.811992], [-17.225653, 32.811979], [-17.225857, 32.811954], [-17.225935, 32.811938], [-17.226213, 32.811851], [-17.226576, 32.811745], [-17.226602, 32.811744], [-17.226626, 32.811748], [-17.226643, 32.811754], [-17.226659, 32.811764], [-17.226726, 32.811822], [-17.226768, 32.811853], [-17.226921, 32.811951], [-17.227291, 32.812204], [-17.227315, 32.812229], [-17.227348, 32.812298], [-17.227364, 32.812428], [-17.22739, 32.81247], [-17.227452, 32.81254], [-17.227735, 32.812731], [-17.227795, 32.812743], [-17.227848, 32.81274], [-17.227881, 32.812729], [-17.227914, 32.812703], [-17.227982, 32.812661], [-17.228136, 32.812627], [-17.228248, 32.812619], [-17.228381, 32.812556], [-17.228425, 32.812548], [-17.228481, 32.812558], [-17.228669, 32.812642], [-17.228706, 32.81265], [-17.228744, 32.812655], [-17.228792, 32.812655], [-17.22884, 32.812648], [-17.229322, 32.812565], [-17.229371, 32.812549], [-17.22956, 32.812477], [-17.229606, 32.812466], [-17.229654, 32.812459], [-17.229698, 32.812457], [-17.229743, 32.812457], [-17.229997, 32.812476], [-17.230054, 32.812485], [-17.230352, 32.812566], [-17.230399, 32.812576], [-17.230448, 32.812579], [-17.2306, 32.812581], [-17.23075, 32.812561], [-17.230934, 32.812514], [-17.230992, 32.812506], [-17.231077, 32.812499], [-17.231215, 32.812493], [-17.231251, 32.812489], [-17.231399, 32.812452], [-17.23161, 32.812366], [-17.231713, 32.812334], [-17.231801, 32.812315], [-17.231876, 32.812305], [-17.232235, 32.812262], [-17.2323, 32.812258], [-17.232365, 32.812261], [-17.232413, 32.81227], [-17.232543, 32.812304], [-17.232603, 32.812325], [-17.232635, 32.812343], [-17.232661, 32.812368], [-17.232676, 32.812389], [-17.232685, 32.812412], [-17.232689, 32.812436], [-17.232688, 32.812457], [-17.232681, 32.812476], [-17.232666, 32.812508], [-17.232651, 32.81253], [-17.232633, 32.81255], [-17.232608, 32.812571], [-17.232581, 32.812589], [-17.232552, 32.812603], [-17.23246, 32.812644], [-17.232207, 32.812732], [-17.232163, 32.812743], [-17.232083, 32.812754], [-17.232074, 32.812757], [-17.232071, 32.812761], [-17.232052, 32.81284], [-17.232032, 32.812872], [-17.231991, 32.812926], [-17.231964, 32.812947], [-17.231779, 32.813088], [-17.231691, 32.813162], [-17.231634, 32.813218], [-17.231583, 32.813271], [-17.231552, 32.813293], [-17.231509, 32.813315], [-17.231433, 32.813349], [-17.231407, 32.813367]], [[-17.228732, 32.777751], [-17.228816, 32.777771], [-17.228852, 32.777783], [-17.228931, 32.777813], [-17.22898, 32.777842], [-17.229009, 32.777875], [-17.229083, 32.778013], [-17.229093, 32.778019], [-17.229109, 32.778019], [-17.22923, 32.777986], [-17.22928, 32.777977], [-17.229311, 32.777974], [-17.229399, 32.777964], [-17.229432, 32.777956], [-17.229588, 32.777896], [-17.230034, 32.777722], [-17.230109, 32.777704], [-17.230158, 32.777698], [-17.230195, 32.7777], [-17.230383, 32.777738], [-17.230408, 32.777747], [-17.230431, 32.777761], [-17.230447, 32.777775], [-17.23046, 32.777792], [-17.230599, 32.778003], [-17.230615, 32.77802], [-17.230635, 32.778034], [-17.230657, 32.778047], [-17.230929, 32.778186], [-17.230964, 32.778209], [-17.230987, 32.778235], [-17.231013, 32.778281], [-17.231033, 32.778303], [-17.231057, 32.778321], [-17.231103, 32.778366], [-17.231119, 32.778392], [-17.231126, 32.778408], [-17.231126, 32.778427], [-17.23112, 32.778444], [-17.231111, 32.778455], [-17.231099, 32.778464], [-17.231066, 32.778476], [-17.230998, 32.778491], [-17.230977, 32.778501], [-17.23096, 32.778514], [-17.230958, 32.77853], [-17.231009, 32.778544], [-17.231168, 32.778571], [-17.231207, 32.778584], [-17.231255, 32.778618], [-17.231313, 32.778712]], [[-17.230888, 32.802676], [-17.230895, 32.802686], [-17.231034, 32.802791], [-17.231153, 32.802888], [-17.231166, 32.802903], [-17.231219, 32.802988], [-17.231245, 32.803048], [-17.231252, 32.803081], [-17.231254, 32.803098], [-17.231253, 32.803117], [-17.231248, 32.803134], [-17.23124, 32.803151], [-17.231216, 32.803186], [-17.231185, 32.803213], [-17.231161, 32.803231], [-17.231135, 32.803247], [-17.231099, 32.803263], [-17.23106, 32.803275], [-17.231011, 32.803288], [-17.230936, 32.803301], [-17.230719, 32.803331], [-17.230668, 32.803345], [-17.230621, 32.803365], [-17.230471, 32.803427], [-17.23046, 32.803441], [-17.230452, 32.803457], [-17.230451, 32.803477], [-17.230456, 32.803489]], [[-17.230336, 32.815169], [-17.230392, 32.815197], [-17.230409, 32.815226], [-17.23041, 32.815257], [-17.230396, 32.815278], [-17.230369, 32.815305], [-17.230273, 32.815357], [-17.23009, 32.815473], [-17.230059, 32.815483], [-17.230023, 32.815486], [-17.229986, 32.815484], [-17.229935, 32.815474], [-17.229881, 32.815447], [-17.229772, 32.815377], [-17.22965, 32.815302], [-17.22956, 32.815238], [-17.22949, 32.815195], [-17.229398, 32.815151], [-17.229333, 32.815131], [-17.229251, 32.815125], [-17.229161, 32.81513], [-17.229079, 32.815131], [-17.229042, 32.815128], [-17.228945, 32.815107], [-17.228912, 32.815095], [-17.228848, 32.815053], [-17.228832, 32.815045], [-17.228808, 32.81504], [-17.228779, 32.815039], [-17.228759, 32.815041], [-17.22873, 32.815057], [-17.228686, 32.815092], [-17.228617, 32.815154], [-17.228538, 32.815199], [-17.228428, 32.815252], [-17.228403, 32.815263], [-17.228375, 32.81528], [-17.228366, 32.815292], [-17.228366, 32.815302], [-17.228368, 32.815314], [-17.228374, 32.815327], [-17.228571, 32.815559], [-17.228578, 32.815602], [-17.228579, 32.815659], [-17.228574, 32.815691], [-17.228549, 32.815745], [-17.228523, 32.815773], [-17.228484, 32.815797], [-17.228385, 32.815853], [-17.228352, 32.815879], [-17.228303, 32.815918], [-17.228249, 32.81598], [-17.228221, 32.816023], [-17.228209, 32.816052], [-17.228204, 32.816068], [-17.228204, 32.816089], [-17.228208, 32.816109], [-17.22822, 32.816137], [-17.228284, 32.816274], [-17.228303, 32.816322], [-17.228307, 32.816364], [-17.228306, 32.816468], [-17.228304, 32.816491], [-17.228296, 32.816519], [-17.22827, 32.816616], [-17.228269, 32.816632], [-17.228294, 32.81673], [-17.228342, 32.816894], [-17.228351, 32.816948], [-17.228363, 32.816986], [-17.22838, 32.817027], [-17.228392, 32.817045], [-17.228447, 32.817098], [-17.228542, 32.817188], [-17.228573, 32.817215], [-17.22862, 32.817244], [-17.228709, 32.817285], [-17.228808, 32.817325], [-17.228954, 32.817375], [-17.229118, 32.817431], [-17.229202, 32.817461], [-17.22929, 32.817502], [-17.22945, 32.817575], [-17.229561, 32.817626], [-17.229604, 32.817653], [-17.229633, 32.817677], [-17.229644, 32.817695], [-17.229647, 32.817716], [-17.229641, 32.817735], [-17.229593, 32.817799], [-17.229587, 32.817814], [-17.229583, 32.81783], [-17.229583, 32.817846], [-17.229585, 32.817864], [-17.229586, 32.81788], [-17.229602, 32.817921], [-17.229597, 32.817947], [-17.229586, 32.817966], [-17.229566, 32.817984], [-17.229519, 32.818004], [-17.229487, 32.818017], [-17.229413, 32.818039], [-17.228962, 32.818115], [-17.228866, 32.818123], [-17.228788, 32.818115], [-17.228717, 32.818102], [-17.228595, 32.818067], [-17.228511, 32.818029], [-17.2284, 32.817968], [-17.228207, 32.817859], [-17.228112, 32.817822], [-17.227833, 32.817723], [-17.227687, 32.817685], [-17.227445, 32.817646], [-17.227347, 32.817634], [-17.227128, 32.817623], [-17.226929, 32.817606], [-17.226815, 32.81759], [-17.226645, 32.817544], [-17.226597, 32.817537], [-17.226216, 32.817559], [-17.226159, 32.817575], [-17.226107, 32.817621], [-17.226, 32.817693], [-17.225857, 32.817779], [-17.22573, 32.817941], [-17.2257, 32.817962], [-17.225667, 32.817978], [-17.22563, 32.81799], [-17.225592, 32.817995], [-17.225554, 32.817996], [-17.225517, 32.817994], [-17.225439, 32.817977], [-17.225219, 32.817909], [-17.225125, 32.817868], [-17.22498, 32.817787], [-17.22491, 32.817756], [-17.224798, 32.81772], [-17.224764, 32.817713], [-17.224707, 32.817707], [-17.224698, 32.81771], [-17.22469, 32.817715], [-17.224676, 32.817734]], [[-17.229702, 32.796278], [-17.229682, 32.796297], [-17.229677, 32.796304], [-17.229677, 32.79631], [-17.229697, 32.796386], [-17.229714, 32.796469], [-17.229732, 32.796568], [-17.229742, 32.796595], [-17.229759, 32.796624], [-17.2298, 32.79667], [-17.229841, 32.796719], [-17.229881, 32.79675], [-17.229911, 32.796776], [-17.229969, 32.796856], [-17.23006, 32.797053], [-17.230108, 32.797163], [-17.230137, 32.797202], [-17.230166, 32.797228], [-17.230229, 32.797283], [-17.2303, 32.797321], [-17.230383, 32.797357], [-17.230455, 32.797378], [-17.230669, 32.797428], [-17.230716, 32.797445], [-17.230745, 32.797463], [-17.230767, 32.797486], [-17.230779, 32.797515], [-17.23082, 32.797654], [-17.230828, 32.797674], [-17.230961, 32.797921], [-17.230969, 32.797941], [-17.230964, 32.79804], [-17.230953, 32.798066], [-17.230931, 32.7981], [-17.230869, 32.798184], [-17.230809, 32.798254], [-17.23077, 32.798291], [-17.230707, 32.79833], [-17.230681, 32.798343], [-17.230654, 32.798353], [-17.230606, 32.798365], [-17.230407, 32.798417], [-17.230369, 32.79842], [-17.230331, 32.798419], [-17.230286, 32.798415], [-17.230244, 32.798395], [-17.230208, 32.798368], [-17.230143, 32.798319], [-17.230116, 32.798303], [-17.229965, 32.798256]], [[-17.226709, 32.775374], [-17.226761, 32.775483], [-17.226764, 32.775497], [-17.226754, 32.775537], [-17.226709, 32.775597], [-17.226684, 32.77562], [-17.226658, 32.775639], [-17.226613, 32.775661], [-17.226553, 32.775689], [-17.226486, 32.775724], [-17.226421, 32.775784], [-17.226367, 32.775835], [-17.226168, 32.776009], [-17.226025, 32.776099], [-17.225921, 32.776141], [-17.225751, 32.776193], [-17.225711, 32.77621], [-17.225699, 32.776228], [-17.225668, 32.776348], [-17.225669, 32.776463], [-17.225684, 32.776538], [-17.22571, 32.776622], [-17.225726, 32.776674], [-17.225751, 32.776711], [-17.225808, 32.776774], [-17.225834, 32.776825], [-17.225843, 32.776878], [-17.225843, 32.776934], [-17.225836, 32.776996], [-17.225816, 32.777052], [-17.225756, 32.777147], [-17.225518, 32.777487], [-17.225281, 32.777826], [-17.225214, 32.777971], [-17.225145, 32.778138], [-17.225103, 32.77821], [-17.225045, 32.778266], [-17.22495, 32.778335], [-17.224855, 32.778382], [-17.224745, 32.778431], [-17.224683, 32.778469], [-17.224598, 32.778561], [-17.224522, 32.778613], [-17.22444, 32.778653], [-17.224431, 32.778666], [-17.224429, 32.778679], [-17.224441, 32.778706], [-17.224464, 32.778731], [-17.224531, 32.778745], [-17.224743, 32.778719], [-17.224906, 32.778643], [-17.224956, 32.778632], [-17.225293, 32.778577], [-17.225364, 32.77856], [-17.225481, 32.778498], [-17.225585, 32.778467], [-17.225632, 32.778474], [-17.225654, 32.77849], [-17.225679, 32.778524], [-17.225682, 32.778553], [-17.225677, 32.778593], [-17.225666, 32.778703], [-17.225675, 32.778785], [-17.225689, 32.778886], [-17.225706, 32.778945], [-17.225724, 32.77898], [-17.225734, 32.778991], [-17.22574, 32.778998], [-17.225751, 32.779005], [-17.22578, 32.778997], [-17.225823, 32.778978], [-17.225934, 32.778851], [-17.226004, 32.778811], [-17.226069, 32.778787], [-17.226181, 32.778732], [-17.226229, 32.778691], [-17.226309, 32.778582], [-17.22634, 32.778532], [-17.22652, 32.778158], [-17.226547, 32.778121], [-17.226646, 32.778023], [-17.226708, 32.777972], [-17.226877, 32.777888], [-17.226932, 32.777864], [-17.227033, 32.777844], [-17.227195, 32.777813], [-17.227461, 32.777784], [-17.227721, 32.777762], [-17.227934, 32.777725], [-17.228012, 32.777714], [-17.228176, 32.777685], [-17.228245, 32.777673], [-17.228297, 32.777683], [-17.228406, 32.777707], [-17.228607, 32.777751], [-17.228634, 32.777718]], [[-17.221173, 32.808615], [-17.221234, 32.808588], [-17.22129, 32.808573], [-17.221403, 32.808537], [-17.221787, 32.808487], [-17.221874, 32.808501], [-17.22192, 32.808521], [-17.221959, 32.808544], [-17.221984, 32.808562], [-17.221993, 32.808574], [-17.222002, 32.808594], [-17.222023, 32.808662], [-17.222031, 32.808687], [-17.222048, 32.808711], [-17.222117, 32.80878], [-17.222184, 32.808855], [-17.222214, 32.80888], [-17.222233, 32.808889], [-17.222326, 32.808918], [-17.222363, 32.808929], [-17.222417, 32.808937], [-17.222565, 32.808937], [-17.222605, 32.808934], [-17.222669, 32.80892], [-17.222786, 32.808899], [-17.222911, 32.808898], [-17.222944, 32.808904], [-17.222995, 32.808923], [-17.223047, 32.808955], [-17.223062, 32.808965], [-17.223161, 32.809047], [-17.223171, 32.809057], [-17.223213, 32.809127], [-17.223269, 32.809215], [-17.223289, 32.809272], [-17.223294, 32.809291], [-17.223305, 32.809423], [-17.223315, 32.809452], [-17.223336, 32.809472], [-17.223354, 32.809486], [-17.223375, 32.809498], [-17.223407, 32.809509], [-17.22344, 32.809514], [-17.223737, 32.809529], [-17.22399, 32.809538], [-17.224034, 32.809538], [-17.224069, 32.809538], [-17.224103, 32.809534], [-17.224158, 32.809519], [-17.2243, 32.809471], [-17.224332, 32.809463], [-17.224366, 32.809459], [-17.224424, 32.809457], [-17.224584, 32.809466], [-17.224654, 32.809459], [-17.22478, 32.809445], [-17.224799, 32.809446], [-17.22482, 32.809451], [-17.225048, 32.809524], [-17.225241, 32.809576], [-17.225607, 32.809683], [-17.225651, 32.809692], [-17.225699, 32.809692], [-17.22574, 32.809685], [-17.225778, 32.80967], [-17.225854, 32.809624], [-17.225996, 32.809527], [-17.226028, 32.80951], [-17.226194, 32.809447], [-17.226222, 32.809433], [-17.226336, 32.80937], [-17.226351, 32.809356], [-17.226375, 32.80933], [-17.226419, 32.80926], [-17.226443, 32.809212], [-17.226461, 32.809181], [-17.226515, 32.809116], [-17.226569, 32.809073], [-17.226602, 32.809056], [-17.226625, 32.809046], [-17.226645, 32.809045], [-17.226683, 32.80905], [-17.226728, 32.80906], [-17.226765, 32.809073], [-17.226793, 32.809086], [-17.226871, 32.809132], [-17.226917, 32.809162], [-17.227001, 32.809231], [-17.227041, 32.809255], [-17.227092, 32.809279], [-17.227145, 32.809294], [-17.227187, 32.809311], [-17.227214, 32.809326], [-17.227271, 32.809353], [-17.227311, 32.809364], [-17.22737, 32.809377], [-17.227553, 32.809404], [-17.22763, 32.809413], [-17.227678, 32.809422], [-17.227728, 32.809439], [-17.22777, 32.809462], [-17.227868, 32.80952], [-17.227934, 32.809553], [-17.227974, 32.809574], [-17.228037, 32.809626], [-17.228139, 32.809683], [-17.228177, 32.809705], [-17.228302, 32.809753], [-17.228332, 32.809759], [-17.228363, 32.80976], [-17.228405, 32.809756], [-17.228538, 32.809703], [-17.22856, 32.809692], [-17.228694, 32.809602], [-17.228726, 32.809584], [-17.228883, 32.809516], [-17.228937, 32.809499], [-17.229003, 32.809488], [-17.229112, 32.80945], [-17.229141, 32.809442], [-17.229152, 32.809442], [-17.229162, 32.809444], [-17.229179, 32.809453], [-17.229204, 32.809464], [-17.229217, 32.809469], [-17.229233, 32.809471], [-17.229245, 32.809469], [-17.229266, 32.809462], [-17.229291, 32.809446], [-17.229307, 32.809428], [-17.22932, 32.809405], [-17.229323, 32.809391], [-17.229323, 32.809378], [-17.22932, 32.809365], [-17.229314, 32.809353], [-17.229284, 32.809314], [-17.229205, 32.809228], [-17.229043, 32.809062], [-17.228963, 32.808992], [-17.228922, 32.80896], [-17.228818, 32.808903], [-17.228731, 32.80886], [-17.228589, 32.808741], [-17.228511, 32.808679], [-17.228497, 32.80865]], [[-17.227942, 32.823132], [-17.227932, 32.823165], [-17.227897, 32.823211], [-17.227875, 32.823229], [-17.227855, 32.823235], [-17.227829, 32.823237], [-17.22777, 32.823226], [-17.22774, 32.823226], [-17.227711, 32.82323], [-17.227599, 32.823266], [-17.227554, 32.823277], [-17.227497, 32.823287], [-17.227254, 32.823296], [-17.227059, 32.823307], [-17.226952, 32.823318], [-17.226904, 32.823317], [-17.226865, 32.823315], [-17.226596, 32.823265], [-17.226434, 32.823232], [-17.226393, 32.823228], [-17.226363, 32.823229], [-17.226073, 32.823314], [-17.226067, 32.823319], [-17.226065, 32.82333], [-17.226063, 32.823345], [-17.226077, 32.823367], [-17.226171, 32.823414], [-17.22621, 32.823442], [-17.226265, 32.823495], [-17.226279, 32.823511], [-17.226325, 32.823608], [-17.226383, 32.823727], [-17.226433, 32.8238], [-17.226495, 32.823886], [-17.226525, 32.82392], [-17.226574, 32.823955], [-17.226901, 32.824134], [-17.227162, 32.824278], [-17.227526, 32.82445], [-17.227636, 32.824512], [-17.227701, 32.824553], [-17.227756, 32.824614], [-17.227776, 32.824666], [-17.227801, 32.824708], [-17.227858, 32.824762], [-17.227871, 32.824779], [-17.227918, 32.824874], [-17.22792, 32.824894], [-17.227913, 32.824908], [-17.227902, 32.824921], [-17.227884, 32.824922], [-17.227594, 32.824932], [-17.22751, 32.824927], [-17.227141, 32.824849], [-17.227041, 32.824815], [-17.226951, 32.824779], [-17.226905, 32.824766], [-17.22677, 32.824774], [-17.226679, 32.824796], [-17.226549, 32.824839], [-17.226492, 32.824846], [-17.226433, 32.824838], [-17.22586, 32.824673], [-17.225653, 32.82463], [-17.225307, 32.824621], [-17.2247, 32.824595], [-17.224399, 32.824609], [-17.224289, 32.824631], [-17.224182, 32.824641], [-17.223971, 32.824641], [-17.223704, 32.824638], [-17.223613, 32.824637], [-17.22355, 32.824655], [-17.22353, 32.824687], [-17.223536, 32.824713], [-17.223541, 32.824727], [-17.223557, 32.824746], [-17.223683, 32.824834], [-17.223716, 32.824858], [-17.223763, 32.82488], [-17.223793, 32.824901], [-17.223823, 32.824928], [-17.223871, 32.825009], [-17.223879, 32.825015], [-17.223892, 32.825023], [-17.223932, 32.825036], [-17.223966, 32.825054], [-17.224014, 32.82508], [-17.224143, 32.825155], [-17.224204, 32.825185], [-17.224397, 32.825287], [-17.224507, 32.825341], [-17.224539, 32.82536], [-17.224691, 32.825462], [-17.224827, 32.825547], [-17.224868, 32.825573], [-17.225015, 32.825643], [-17.225161, 32.825703], [-17.225188, 32.82572], [-17.225227, 32.825749], [-17.225245, 32.825771], [-17.225265, 32.825809], [-17.225297, 32.825939], [-17.225319, 32.826013], [-17.225339, 32.82606], [-17.225362, 32.82609], [-17.225399, 32.826127], [-17.225478, 32.826176], [-17.22565, 32.826262], [-17.225819, 32.826342], [-17.225849, 32.826354]], [[-17.223762, 32.819281], [-17.223768, 32.819286], [-17.223774, 32.819285], [-17.223804, 32.81928], [-17.223896, 32.819263], [-17.223952, 32.819249], [-17.224036, 32.81922], [-17.224076, 32.819198], [-17.224141, 32.819158], [-17.224274, 32.819073], [-17.224381, 32.819003], [-17.224473, 32.818951], [-17.224653, 32.818855], [-17.2247, 32.818833], [-17.224754, 32.818814], [-17.224809, 32.818799], [-17.224844, 32.818796], [-17.224884, 32.818796], [-17.224913, 32.818803], [-17.22495, 32.818816], [-17.225057, 32.818855], [-17.225218, 32.818948], [-17.225267, 32.818972], [-17.225323, 32.818994], [-17.225335, 32.818995], [-17.225409, 32.818992], [-17.22543, 32.818988], [-17.225492, 32.81897], [-17.225513, 32.81897], [-17.225531, 32.818972], [-17.225568, 32.81898], [-17.225592, 32.818982], [-17.225611, 32.818978], [-17.225686, 32.818948], [-17.225712, 32.818942], [-17.225895, 32.818902], [-17.225945, 32.818895], [-17.22604, 32.818886], [-17.226118, 32.818879], [-17.226188, 32.818876], [-17.226247, 32.81888], [-17.22631, 32.818888], [-17.226347, 32.8189], [-17.226404, 32.81892], [-17.226465, 32.81894], [-17.226502, 32.818956], [-17.226593, 32.819004], [-17.226733, 32.819091], [-17.22682, 32.819145], [-17.226926, 32.819217], [-17.226995, 32.819282], [-17.227076, 32.819361], [-17.22712, 32.819418], [-17.227172, 32.819494], [-17.227231, 32.819597], [-17.227248, 32.819637], [-17.227247, 32.819682], [-17.227228, 32.81972], [-17.2272, 32.819757], [-17.227172, 32.819778], [-17.227113, 32.819794], [-17.226953, 32.819837], [-17.226834, 32.8199], [-17.226696, 32.820002], [-17.226615, 32.820034], [-17.22653, 32.820043], [-17.226376, 32.820025], [-17.226339, 32.820028], [-17.226308, 32.820034], [-17.22629, 32.820051], [-17.22628, 32.820067], [-17.226266, 32.820106], [-17.226247, 32.820144], [-17.226212, 32.820173], [-17.226185, 32.820187], [-17.226064, 32.820237], [-17.225862, 32.820332], [-17.225833, 32.820347], [-17.225817, 32.820367], [-17.225812, 32.820389], [-17.225818, 32.820407], [-17.225825, 32.82043], [-17.225848, 32.820461], [-17.225925, 32.820554], [-17.225966, 32.820591], [-17.226141, 32.820808], [-17.226164, 32.820833], [-17.22617, 32.820862], [-17.226176, 32.820997], [-17.226146, 32.821086], [-17.226144, 32.821107], [-17.226159, 32.821127], [-17.22618, 32.821147], [-17.2262, 32.821159], [-17.22622, 32.821162], [-17.226288, 32.821173], [-17.226483, 32.821175], [-17.226756, 32.821179], [-17.226834, 32.821194], [-17.226919, 32.821216], [-17.226962, 32.821236], [-17.226992, 32.821261], [-17.227033, 32.821314], [-17.22706, 32.821363], [-17.227095, 32.821402], [-17.227133, 32.821423], [-17.227224, 32.821453], [-17.227407, 32.821512], [-17.227489, 32.821551], [-17.227583, 32.821578], [-17.227635, 32.821582], [-17.227729, 32.821614], [-17.227874, 32.821644], [-17.227958, 32.821683], [-17.228025, 32.821717], [-17.22804, 32.821747], [-17.228047, 32.821767], [-17.228041, 32.821815], [-17.228015, 32.821879], [-17.227996, 32.821955], [-17.228009, 32.822049], [-17.228006, 32.822091], [-17.227985, 32.82214], [-17.227935, 32.822216], [-17.227914, 32.822283]], [[-17.225951, 32.826307], [-17.225988, 32.826315], [-17.226437, 32.826476], [-17.226471, 32.826497], [-17.226494, 32.826538], [-17.226506, 32.826607], [-17.226506, 32.826817], [-17.226512, 32.826864], [-17.226599, 32.827134], [-17.226547, 32.827478], [-17.226536, 32.827538], [-17.226515, 32.827597], [-17.226475, 32.827645], [-17.226418, 32.827682], [-17.22636, 32.827697], [-17.226278, 32.827697], [-17.225977, 32.827646], [-17.225941, 32.827644], [-17.22589, 32.82766], [-17.225862, 32.827679], [-17.225842, 32.827704], [-17.225834, 32.827746], [-17.225847, 32.827824], [-17.225845, 32.827879], [-17.225754, 32.828208], [-17.225757, 32.828241], [-17.22577, 32.82828], [-17.225782, 32.828318], [-17.225782, 32.828365], [-17.225762, 32.828547], [-17.225762, 32.828574], [-17.22583, 32.828828], [-17.225846, 32.82888], [-17.225847, 32.828944], [-17.225842, 32.828981], [-17.225787, 32.829106], [-17.22577, 32.829128], [-17.225718, 32.829175], [-17.225625, 32.829228]], [[-17.220404, 32.771895], [-17.220433, 32.771929], [-17.220442, 32.77196], [-17.220436, 32.772005], [-17.220422, 32.772044], [-17.220384, 32.77209], [-17.220317, 32.772143], [-17.219934, 32.772329], [-17.219807, 32.772422], [-17.219551, 32.772592], [-17.219445, 32.772675], [-17.219405, 32.77273], [-17.219332, 32.772867], [-17.219532, 32.773141], [-17.219686, 32.773422], [-17.21971, 32.773433], [-17.219728, 32.773426], [-17.219838, 32.77335], [-17.220024, 32.773243], [-17.220072, 32.773215], [-17.22029, 32.773166], [-17.220333, 32.773174], [-17.220363, 32.773203], [-17.220411, 32.773269], [-17.220447, 32.773344], [-17.220451, 32.77337], [-17.220426, 32.773419], [-17.22033, 32.773557], [-17.220257, 32.773727], [-17.219923, 32.774218], [-17.219902, 32.774275], [-17.219891, 32.774413], [-17.219839, 32.774531], [-17.219829, 32.77457], [-17.219854, 32.774703], [-17.219933, 32.77487], [-17.219966, 32.775043], [-17.220021, 32.775217], [-17.220042, 32.775364], [-17.22004, 32.775408], [-17.219899, 32.775534], [-17.21988, 32.775566], [-17.21988, 32.775641], [-17.219934, 32.775904], [-17.219942, 32.775998], [-17.219937, 32.776056], [-17.219953, 32.776115], [-17.220466, 32.776731], [-17.220589, 32.776842]], [[-17.217793, 32.768493], [-17.217974, 32.768541], [-17.217995, 32.768555], [-17.218018, 32.768588], [-17.21827, 32.769214], [-17.218285, 32.769238], [-17.218295, 32.76925], [-17.218387, 32.769307], [-17.218408, 32.769331], [-17.218423, 32.769347], [-17.218567, 32.769668], [-17.218575, 32.769701], [-17.218558, 32.769832], [-17.218538, 32.769862], [-17.218498, 32.769895], [-17.218449, 32.769913], [-17.217898, 32.77007], [-17.217833, 32.770099], [-17.217789, 32.770125], [-17.21775, 32.770165], [-17.217704, 32.770234], [-17.2176, 32.770336], [-17.217521, 32.770409], [-17.217462, 32.770461], [-17.217414, 32.77048], [-17.217356, 32.77049], [-17.217336, 32.77048], [-17.217291, 32.770575], [-17.217262, 32.770709], [-17.217222, 32.770763], [-17.217143, 32.770837], [-17.217021, 32.770906], [-17.216988, 32.770946], [-17.216972, 32.770983], [-17.216987, 32.771208], [-17.216988, 32.771361], [-17.216964, 32.77148], [-17.216921, 32.771603], [-17.216836, 32.771902], [-17.216816, 32.772067], [-17.216791, 32.772174], [-17.216776, 32.772341], [-17.216571, 32.772532], [-17.216322, 32.772787], [-17.216264, 32.772827], [-17.21623, 32.772839], [-17.216221, 32.772863], [-17.216227, 32.772889], [-17.216255, 32.772904], [-17.216361, 32.77288], [-17.216419, 32.772856], [-17.216582, 32.772763], [-17.216739, 32.772709], [-17.217202, 32.772463], [-17.217249, 32.772412], [-17.217292, 32.77237], [-17.217353, 32.772265], [-17.217382, 32.772182], [-17.217426, 32.772045], [-17.21749, 32.771938], [-17.217615, 32.771811], [-17.217729, 32.771694], [-17.21777, 32.771655], [-17.217853, 32.771608], [-17.217919, 32.771584], [-17.217967, 32.771577], [-17.218026, 32.771576], [-17.218088, 32.771567], [-17.218221, 32.771535], [-17.218349, 32.771489], [-17.218539, 32.771414], [-17.218715, 32.771374], [-17.218771, 32.771377], [-17.218856, 32.771415], [-17.21889, 32.771421], [-17.219083, 32.771425], [-17.219275, 32.771407], [-17.219711, 32.771317], [-17.21976, 32.771325], [-17.219827, 32.771373], [-17.219966, 32.771546], [-17.220152, 32.771737], [-17.220306, 32.771938]], [[-17.215846, 32.766424], [-17.215866, 32.766446], [-17.215896, 32.766466], [-17.215935, 32.766472], [-17.216368, 32.766446], [-17.216397, 32.766446], [-17.216421, 32.766459], [-17.216432, 32.766473], [-17.216507, 32.766583], [-17.216518, 32.766603], [-17.216521, 32.766627], [-17.216523, 32.766683], [-17.216498, 32.766832], [-17.216483, 32.766915], [-17.216457, 32.766979], [-17.216418, 32.767085], [-17.216394, 32.767169], [-17.216373, 32.767254], [-17.216372, 32.76731], [-17.216385, 32.767382], [-17.216394, 32.767424], [-17.216537, 32.767453]], [[-17.209644, 32.76653], [-17.209671, 32.766547], [-17.209812, 32.766645], [-17.209882, 32.7667], [-17.209921, 32.766754], [-17.209939, 32.766801], [-17.209946, 32.766849], [-17.209942, 32.766898], [-17.209934, 32.766927], [-17.209922, 32.766956], [-17.209851, 32.767044], [-17.209826, 32.767067], [-17.209762, 32.767121], [-17.209716, 32.767159], [-17.209672, 32.7672], [-17.209585, 32.767311], [-17.209491, 32.767442], [-17.209422, 32.767556], [-17.209399, 32.767622], [-17.209385, 32.767724], [-17.209398, 32.76784], [-17.209392, 32.767874], [-17.209373, 32.767901], [-17.20934, 32.767928], [-17.209034, 32.76811], [-17.208981, 32.768148], [-17.208949, 32.76818], [-17.208876, 32.768262], [-17.208839, 32.768352], [-17.208794, 32.768454], [-17.208787, 32.768499], [-17.208778, 32.768649], [-17.208772, 32.768702], [-17.208762, 32.768738], [-17.208739, 32.768795], [-17.208694, 32.768882], [-17.208679, 32.768902], [-17.208566, 32.769027], [-17.208541, 32.769058], [-17.208498, 32.769117], [-17.208477, 32.769177], [-17.208476, 32.769199], [-17.208479, 32.769311], [-17.208507, 32.769388], [-17.208514, 32.769394], [-17.208524, 32.769397], [-17.208543, 32.769401], [-17.208542, 32.769407], [-17.208664, 32.769417], [-17.208667, 32.76941], [-17.208677, 32.769408], [-17.208688, 32.769402], [-17.209011, 32.769214], [-17.209048, 32.769194], [-17.209094, 32.769158], [-17.209132, 32.769121], [-17.209203, 32.76904], [-17.209227, 32.769017], [-17.209256, 32.768998], [-17.209286, 32.768983], [-17.209318, 32.768973], [-17.209352, 32.768966], [-17.209558, 32.768942], [-17.209612, 32.768931], [-17.209665, 32.768914], [-17.209951, 32.768815], [-17.209986, 32.768806], [-17.210027, 32.7688], [-17.21013, 32.76879], [-17.210169, 32.768789], [-17.210205, 32.768782], [-17.21024, 32.768769], [-17.210266, 32.768754], [-17.210289, 32.768735], [-17.210308, 32.768713], [-17.210365, 32.768637], [-17.210418, 32.768563], [-17.210443, 32.768539], [-17.210475, 32.76852], [-17.210508, 32.768509], [-17.210542, 32.768504], [-17.210578, 32.768506], [-17.210612, 32.768518], [-17.210625, 32.768532], [-17.210626, 32.768547], [-17.210518, 32.768897], [-17.210481, 32.769002], [-17.210416, 32.769144], [-17.210357, 32.769275], [-17.210343, 32.769292], [-17.210326, 32.769306], [-17.210308, 32.769317], [-17.21029, 32.769324], [-17.210143, 32.769369], [-17.21007, 32.769397], [-17.210048, 32.769414], [-17.210043, 32.76942], [-17.210039, 32.76943], [-17.210048, 32.769451], [-17.210056, 32.769456], [-17.210089, 32.769457], [-17.210318, 32.769477], [-17.210336, 32.769476], [-17.210356, 32.769472], [-17.210529, 32.769427], [-17.210546, 32.76942], [-17.210717, 32.769343], [-17.210738, 32.76933], [-17.210763, 32.769311], [-17.210815, 32.769242], [-17.210932, 32.769081], [-17.210986, 32.769014], [-17.211091, 32.768915], [-17.21114, 32.768873], [-17.211165, 32.768857], [-17.211212, 32.768836], [-17.211261, 32.768815], [-17.211343, 32.768793], [-17.211441, 32.768763], [-17.211485, 32.768744], [-17.211543, 32.768715], [-17.211569, 32.768699], [-17.211585, 32.768686], [-17.211628, 32.768636], [-17.211642, 32.768615], [-17.211685, 32.768543], [-17.211699, 32.76851], [-17.211709, 32.768479], [-17.211712, 32.768453], [-17.211719, 32.768416], [-17.211739, 32.768331], [-17.211755, 32.768277], [-17.211785, 32.768168], [-17.211829, 32.768036], [-17.21189, 32.767882], [-17.211875, 32.767867], [-17.211841, 32.767835], [-17.211829, 32.767823], [-17.211831, 32.767809], [-17.211844, 32.767795], [-17.211973, 32.767668], [-17.212063, 32.76757], [-17.212143, 32.767477], [-17.212226, 32.767383], [-17.212287, 32.767313], [-17.212377, 32.767229], [-17.212571, 32.767052], [-17.212687, 32.766964], [-17.212703, 32.766962], [-17.212809, 32.766899], [-17.212929, 32.766844], [-17.212962, 32.766832], [-17.213019, 32.766812], [-17.213101, 32.766789], [-17.213219, 32.766762], [-17.213281, 32.766734], [-17.213318, 32.766716], [-17.213344, 32.766697], [-17.213364, 32.766674], [-17.213385, 32.766632], [-17.213455, 32.766439], [-17.213528, 32.766367], [-17.213617, 32.766299], [-17.213768, 32.766193], [-17.214058, 32.765978], [-17.214151, 32.765926], [-17.214359, 32.765853], [-17.214487, 32.765819], [-17.215527, 32.76566], [-17.215573, 32.765659], [-17.215595, 32.765665], [-17.215616, 32.765681], [-17.215662, 32.765716], [-17.215918, 32.765937], [-17.215972, 32.765988], [-17.215975, 32.766025], [-17.215935, 32.766316], [-17.215916, 32.766376]], [[-17.162401, 32.74389], [-17.162484, 32.744113], [-17.162555, 32.744315], [-17.162564, 32.744351], [-17.162569, 32.74438], [-17.162573, 32.744426], [-17.162572, 32.74445], [-17.162567, 32.744474], [-17.162557, 32.7445], [-17.162521, 32.744584], [-17.162507, 32.744604], [-17.162476, 32.744641], [-17.16241, 32.744714], [-17.162373, 32.744755], [-17.162369, 32.744763], [-17.162369, 32.744771], [-17.162371, 32.744777], [-17.16238, 32.744785], [-17.162392, 32.744788], [-17.162413, 32.744788], [-17.162574, 32.744794], [-17.162593, 32.744793], [-17.162637, 32.744784], [-17.162784, 32.744747], [-17.162815, 32.744736], [-17.162931, 32.744683], [-17.162997, 32.744652], [-17.163013, 32.744642], [-17.163026, 32.744628], [-17.163117, 32.744528], [-17.163216, 32.74442], [-17.163257, 32.744374], [-17.163335, 32.74429], [-17.163385, 32.744241], [-17.163423, 32.744214], [-17.163465, 32.744192], [-17.163494, 32.74418], [-17.163525, 32.74417], [-17.163591, 32.744157], [-17.163722, 32.744125], [-17.163761, 32.744115], [-17.163793, 32.744104], [-17.163945, 32.744053], [-17.164071, 32.74401], [-17.1641, 32.744005], [-17.164129, 32.744007], [-17.164229, 32.744041], [-17.164283, 32.744056], [-17.164393, 32.744105], [-17.164407, 32.744117], [-17.164417, 32.744131], [-17.164425, 32.744153], [-17.164424, 32.744175], [-17.164416, 32.744196], [-17.164208, 32.744507], [-17.164124, 32.744623], [-17.164046, 32.744711], [-17.163981, 32.74477], [-17.163843, 32.744896], [-17.163816, 32.744927], [-17.163795, 32.74496], [-17.163711, 32.745097], [-17.163659, 32.745197], [-17.163555, 32.745399], [-17.163535, 32.745445], [-17.163486, 32.745612], [-17.163434, 32.745785], [-17.163396, 32.745919], [-17.163391, 32.745955], [-17.163388, 32.746208], [-17.163406, 32.746343], [-17.163428, 32.746589], [-17.163425, 32.746653], [-17.163418, 32.746706], [-17.16339, 32.746852], [-17.163388, 32.746864], [-17.163391, 32.746873], [-17.163397, 32.746882], [-17.163406, 32.746887], [-17.163414, 32.746889], [-17.163428, 32.746889], [-17.163445, 32.746883], [-17.163565, 32.746823], [-17.163599, 32.7468], [-17.163736, 32.7467], [-17.163797, 32.74665], [-17.163834, 32.746612], [-17.163873, 32.746566], [-17.163988, 32.74643], [-17.164023, 32.746393], [-17.164067, 32.746352], [-17.164117, 32.746307], [-17.164168, 32.746261], [-17.164234, 32.746219], [-17.164309, 32.746172], [-17.164584, 32.746031], [-17.164694, 32.745982], [-17.164819, 32.745933], [-17.164869, 32.745917], [-17.16492, 32.745904], [-17.164963, 32.745896], [-17.165005, 32.745891], [-17.165152, 32.745877], [-17.165184, 32.745877], [-17.165237, 32.745881], [-17.165381, 32.745888], [-17.165444, 32.745891], [-17.165485, 32.745891], [-17.16551, 32.745887], [-17.16553, 32.745882], [-17.165587, 32.745862], [-17.165621, 32.745847], [-17.165708, 32.745807], [-17.165736, 32.745796], [-17.165759, 32.745788], [-17.16585, 32.745756], [-17.165874, 32.745751], [-17.165891, 32.745749], [-17.166, 32.745738], [-17.166031, 32.74574], [-17.166057, 32.745748], [-17.166079, 32.74576], [-17.166141, 32.745816], [-17.166174, 32.74585], [-17.166192, 32.745875], [-17.166205, 32.745895], [-17.166212, 32.745915], [-17.166229, 32.745945], [-17.16624, 32.745979], [-17.166242, 32.746021], [-17.166233, 32.746062], [-17.166213, 32.746099], [-17.166195, 32.746134], [-17.166176, 32.746198], [-17.166159, 32.746272], [-17.166115, 32.746505], [-17.166096, 32.746595], [-17.16606, 32.746667], [-17.166001, 32.746754], [-17.165918, 32.746864], [-17.165822, 32.746965], [-17.165668, 32.747098], [-17.165528, 32.747205], [-17.165353, 32.747347], [-17.165227, 32.747498], [-17.165029, 32.747727], [-17.164877, 32.747934], [-17.164852, 32.747959], [-17.164821, 32.747976], [-17.164645, 32.748049], [-17.164429, 32.74814], [-17.164383, 32.748165], [-17.164342, 32.748194], [-17.164202, 32.748298], [-17.163981, 32.748494], [-17.163905, 32.74856], [-17.163892, 32.748577], [-17.163852, 32.748646], [-17.163833, 32.748671], [-17.163777, 32.748722], [-17.163706, 32.748779], [-17.163646, 32.748835], [-17.163632, 32.748863], [-17.163622, 32.748896], [-17.163536, 32.749224], [-17.163524, 32.749262], [-17.163505, 32.749295], [-17.163416, 32.749364], [-17.163376, 32.749395], [-17.163358, 32.749416], [-17.163342, 32.749438], [-17.163327, 32.749471], [-17.163319, 32.749506], [-17.16332, 32.749559], [-17.163324, 32.749583], [-17.163359, 32.74973], [-17.163361, 32.749784], [-17.163356, 32.749835], [-17.163324, 32.749898], [-17.163296, 32.749937], [-17.163251, 32.749972], [-17.163213, 32.74999], [-17.163041, 32.750047], [-17.16271, 32.750219], [-17.162637, 32.75027], [-17.162555, 32.750348], [-17.162181, 32.750806], [-17.162106, 32.750868], [-17.161902, 32.751017], [-17.161845, 32.751069], [-17.16168, 32.751301], [-17.161555, 32.751517], [-17.161549, 32.751582], [-17.161526, 32.751629], [-17.16148, 32.751679], [-17.161429, 32.751719], [-17.161221, 32.751828], [-17.161183, 32.75185], [-17.161164, 32.751866], [-17.161056, 32.752011], [-17.160987, 32.752101], [-17.160943, 32.75213], [-17.160891, 32.752155], [-17.160884, 32.752163], [-17.160879, 32.752175], [-17.160876, 32.752193], [-17.16088, 32.752214], [-17.160888, 32.752274], [-17.160899, 32.752294], [-17.160971, 32.752445], [-17.161044, 32.752571], [-17.161067, 32.752605], [-17.161162, 32.75273], [-17.16121, 32.752774], [-17.16128, 32.752827], [-17.161297, 32.752855], [-17.161304, 32.752885], [-17.161301, 32.752915], [-17.16129, 32.752942], [-17.161271, 32.752966], [-17.161246, 32.752985], [-17.161216, 32.752998], [-17.161182, 32.753005], [-17.161043, 32.752989], [-17.160995, 32.752988], [-17.160855, 32.752994], [-17.160785, 32.753003], [-17.160607, 32.753037], [-17.160435, 32.753074], [-17.160409, 32.753074], [-17.160377, 32.753067], [-17.160311, 32.753051], [-17.160276, 32.753046], [-17.160202, 32.753051], [-17.159966, 32.75307], [-17.159738, 32.753162], [-17.159654, 32.753187], [-17.159586, 32.753201], [-17.159576, 32.753204], [-17.159563, 32.753212], [-17.159558, 32.753217], [-17.159557, 32.753223], [-17.159559, 32.753233], [-17.15957, 32.753245], [-17.159578, 32.753249], [-17.159589, 32.75325], [-17.159608, 32.75325], [-17.159667, 32.753246], [-17.159718, 32.753245], [-17.159754, 32.75325], [-17.159794, 32.753266], [-17.159895, 32.753315], [-17.159925, 32.753324], [-17.159957, 32.75333], [-17.159995, 32.753331], [-17.160032, 32.753327], [-17.160084, 32.753314], [-17.160111, 32.75331], [-17.160139, 32.753314], [-17.160221, 32.753329], [-17.160297, 32.753352], [-17.160337, 32.753366], [-17.160407, 32.75341], [-17.160533, 32.753494], [-17.160648, 32.753593], [-17.160698, 32.753636], [-17.16072, 32.753662], [-17.160739, 32.753687], [-17.160799, 32.753802], [-17.160873, 32.753945], [-17.161003, 32.754175], [-17.161046, 32.754232], [-17.161083, 32.754261], [-17.161189, 32.754318], [-17.161287, 32.754347], [-17.161669, 32.754434], [-17.161696, 32.754447], [-17.161718, 32.754465], [-17.161735, 32.754487], [-17.161744, 32.754512], [-17.161745, 32.754537], [-17.161712, 32.754686], [-17.161684, 32.754799], [-17.161649, 32.754885], [-17.161589, 32.755041], [-17.161588, 32.755057], [-17.161594, 32.755071], [-17.161599, 32.755077], [-17.161608, 32.755084], [-17.161644, 32.755099], [-17.161676, 32.755092], [-17.161697, 32.75508], [-17.161791, 32.754959], [-17.161847, 32.754906], [-17.161918, 32.754851], [-17.161993, 32.754796], [-17.162083, 32.754748], [-17.162197, 32.754701], [-17.162245, 32.75469], [-17.16229, 32.754684], [-17.162463, 32.75469], [-17.162484, 32.754692], [-17.162504, 32.754688], [-17.162523, 32.754678], [-17.162537, 32.754665], [-17.162599, 32.754612], [-17.162633, 32.754583], [-17.162681, 32.754553], [-17.162817, 32.754489], [-17.162925, 32.754453], [-17.162994, 32.754427], [-17.163071, 32.754382], [-17.163169, 32.75432], [-17.163231, 32.754286], [-17.163321, 32.75425], [-17.163348, 32.754232], [-17.16341, 32.75416], [-17.163502, 32.754076], [-17.16359, 32.754001], [-17.163642, 32.753963], [-17.163727, 32.753897], [-17.163811, 32.753818], [-17.163881, 32.753746], [-17.163949, 32.753668], [-17.164081, 32.753512], [-17.164132, 32.753454], [-17.164168, 32.7534], [-17.164198, 32.753331], [-17.164241, 32.753251], [-17.164285, 32.753194], [-17.164313, 32.753149], [-17.164333, 32.753091], [-17.164379, 32.752978], [-17.164427, 32.752895], [-17.164483, 32.752814], [-17.164576, 32.752731], [-17.164688, 32.752639], [-17.164832, 32.752541], [-17.164923, 32.752483], [-17.164982, 32.752443], [-17.165029, 32.752397], [-17.165093, 32.752322], [-17.165201, 32.752165], [-17.165242, 32.752116], [-17.165298, 32.752062], [-17.165457, 32.751935], [-17.165642, 32.751808], [-17.165698, 32.751765], [-17.165745, 32.751721], [-17.165941, 32.751507], [-17.16613, 32.751307], [-17.166339, 32.751098], [-17.166507, 32.750941], [-17.166588, 32.750863], [-17.166652, 32.75082], [-17.166723, 32.750791], [-17.166812, 32.750759], [-17.167425, 32.750564], [-17.167458, 32.750557], [-17.167494, 32.750561], [-17.167526, 32.750577], [-17.167548, 32.7506], [-17.167558, 32.750629], [-17.167545, 32.750707], [-17.167472, 32.750897], [-17.167406, 32.75105], [-17.167367, 32.751196], [-17.167328, 32.751449], [-17.167323, 32.751619], [-17.167319, 32.75173], [-17.167322, 32.751737], [-17.167329, 32.751742], [-17.167336, 32.751744], [-17.167346, 32.751744], [-17.167475, 32.751718], [-17.167537, 32.751709], [-17.167613, 32.75171], [-17.167642, 32.751718], [-17.167668, 32.751728], [-17.167696, 32.751742], [-17.167722, 32.75176], [-17.167784, 32.751845], [-17.167808, 32.751879], [-17.167887, 32.752017], [-17.167921, 32.752116], [-17.167976, 32.752258], [-17.168018, 32.75235], [-17.168035, 32.75241], [-17.16803, 32.752578], [-17.168015, 32.752656], [-17.167989, 32.752716], [-17.167941, 32.752811], [-17.167893, 32.752892], [-17.167787, 32.753034], [-17.167661, 32.753196], [-17.167155, 32.75368], [-17.16699, 32.753935], [-17.16691, 32.754072], [-17.166872, 32.754125], [-17.166831, 32.754225], [-17.166777, 32.754458], [-17.166759, 32.754579], [-17.166763, 32.754624], [-17.166782, 32.754688], [-17.166931, 32.754962], [-17.166952, 32.755019], [-17.166967, 32.75507], [-17.16696, 32.75515], [-17.16696, 32.755206], [-17.16705, 32.75534], [-17.167081, 32.755453], [-17.16706, 32.755501], [-17.167036, 32.755653], [-17.167049, 32.755791], [-17.167064, 32.755922], [-17.166988, 32.756046], [-17.166983, 32.756126], [-17.167018, 32.756189], [-17.167075, 32.756262], [-17.167173, 32.75633], [-17.167315, 32.756449], [-17.167402, 32.756619], [-17.167413, 32.756733], [-17.167374, 32.756832], [-17.167331, 32.757004], [-17.16727, 32.757181], [-17.167151, 32.757428], [-17.167059, 32.757622], [-17.166961, 32.757895], [-17.166895, 32.758112], [-17.166873, 32.758304], [-17.16686, 32.758489], [-17.166909, 32.758792], [-17.166926, 32.758882], [-17.166942, 32.758897], [-17.166963, 32.758904], [-17.167023, 32.758913], [-17.167072, 32.758918], [-17.167083, 32.758916], [-17.167094, 32.758909], [-17.167153, 32.758716], [-17.167178, 32.758637], [-17.167215, 32.758569], [-17.167279, 32.758489], [-17.167369, 32.758391], [-17.167473, 32.758308], [-17.167604, 32.75821], [-17.167721, 32.758112], [-17.16781, 32.758032], [-17.168029, 32.757866], [-17.168237, 32.757714], [-17.168381, 32.757585], [-17.168438, 32.757536], [-17.168494, 32.757504], [-17.168548, 32.757494], [-17.168594, 32.757494], [-17.168639, 32.75747], [-17.168643, 32.757431], [-17.168634, 32.757365], [-17.168644, 32.757309], [-17.168684, 32.757269], [-17.168864, 32.757152], [-17.169035, 32.757029], [-17.169042, 32.757014], [-17.169037, 32.757001], [-17.169001, 32.756968], [-17.168944, 32.756932], [-17.168825, 32.756887], [-17.168778, 32.756863], [-17.168718, 32.756824], [-17.168685, 32.75679], [-17.168668, 32.756749], [-17.168678, 32.756713], [-17.168762, 32.756429], [-17.168886, 32.756056], [-17.168923, 32.755764], [-17.168899, 32.755499], [-17.168908, 32.755277], [-17.168919, 32.755234], [-17.16894, 32.755169], [-17.16896, 32.755139], [-17.168983, 32.755123], [-17.169046, 32.755102], [-17.169161, 32.755078], [-17.169245, 32.75506], [-17.169323, 32.755026], [-17.169445, 32.754976], [-17.169518, 32.754962], [-17.169629, 32.75494], [-17.169709, 32.754933], [-17.169802, 32.75494], [-17.169896, 32.754962], [-17.169987, 32.754969], [-17.170086, 32.75495], [-17.170116, 32.75493], [-17.17014, 32.754903], [-17.170178, 32.75477], [-17.17023, 32.754663], [-17.170272, 32.754603], [-17.170339, 32.754547], [-17.170479, 32.754456], [-17.170621, 32.754363], [-17.170748, 32.75427], [-17.170875, 32.754192], [-17.170953, 32.754149], [-17.171029, 32.754116], [-17.171145, 32.754075], [-17.171217, 32.754049], [-17.171264, 32.754026], [-17.171306, 32.753994], [-17.171419, 32.753776], [-17.171482, 32.753712], [-17.171561, 32.75364], [-17.171645, 32.753572], [-17.171671, 32.753554], [-17.171691, 32.753526], [-17.171751, 32.75342], [-17.171845, 32.753269], [-17.171949, 32.753126], [-17.172046, 32.753012], [-17.17211, 32.752886], [-17.172139, 32.752867], [-17.172171, 32.752858], [-17.172207, 32.752862], [-17.172245, 32.752872], [-17.172345, 32.752915], [-17.172489, 32.752986], [-17.172517, 32.752997], [-17.172587, 32.753009], [-17.17284, 32.753017], [-17.172867, 32.753022], [-17.172892, 32.753032], [-17.172909, 32.753043], [-17.172923, 32.753056], [-17.172958, 32.753097], [-17.172992, 32.753116], [-17.173021, 32.753127], [-17.173051, 32.753132], [-17.173083, 32.753132], [-17.173104, 32.753126], [-17.173113, 32.753121], [-17.173132, 32.753109], [-17.173137, 32.753101], [-17.17314, 32.753084], [-17.173139, 32.753073], [-17.173119, 32.753022], [-17.173119, 32.752994], [-17.173174, 32.752825], [-17.17318, 32.752801], [-17.173182, 32.752778], [-17.173179, 32.752753], [-17.173173, 32.75273], [-17.173098, 32.752577], [-17.173044, 32.752468], [-17.173029, 32.752429], [-17.173029, 32.752404], [-17.173027, 32.752299], [-17.173031, 32.752276], [-17.173059, 32.752179], [-17.173087, 32.752089], [-17.17311, 32.752002], [-17.173113, 32.751957], [-17.17312, 32.751806], [-17.173117, 32.751756], [-17.173112, 32.751684], [-17.173115, 32.751587], [-17.173112, 32.751555], [-17.173086, 32.751453], [-17.173075, 32.751434], [-17.173012, 32.751358], [-17.172996, 32.751334], [-17.172972, 32.751281], [-17.172958, 32.751264], [-17.172937, 32.751242], [-17.172869, 32.751196], [-17.172855, 32.751171], [-17.172852, 32.751145], [-17.172858, 32.75112], [-17.172887, 32.751061], [-17.172933, 32.750995], [-17.172942, 32.750972], [-17.172949, 32.750948], [-17.17298, 32.750841], [-17.17299, 32.750803], [-17.173024, 32.750738], [-17.173046, 32.750703], [-17.173092, 32.750649], [-17.173151, 32.750574], [-17.173165, 32.750544], [-17.173171, 32.75052], [-17.173173, 32.750496], [-17.173171, 32.75046], [-17.173152, 32.750352], [-17.173137, 32.750301], [-17.173131, 32.750284], [-17.173106, 32.750251], [-17.173087, 32.750217], [-17.173074, 32.750192], [-17.173071, 32.750174], [-17.173071, 32.750156], [-17.173075, 32.75013], [-17.173074, 32.750113], [-17.173061, 32.750053], [-17.173062, 32.750028], [-17.17307, 32.74998], [-17.17308, 32.749933], [-17.173115, 32.74979], [-17.173135, 32.749691], [-17.173169, 32.749539], [-17.173179, 32.749515], [-17.173195, 32.749492], [-17.173216, 32.749473], [-17.17324, 32.749458], [-17.17333, 32.749412], [-17.173508, 32.749319], [-17.173543, 32.749307], [-17.173576, 32.749298], [-17.173675, 32.749278], [-17.173703, 32.749275], [-17.173731, 32.749277], [-17.173755, 32.749281], [-17.173777, 32.749288], [-17.173801, 32.7493], [-17.17393, 32.749373], [-17.173979, 32.749401], [-17.174009, 32.749413], [-17.17404, 32.749421], [-17.174078, 32.749428], [-17.174116, 32.74943], [-17.174242, 32.749428], [-17.1743, 32.749426], [-17.174346, 32.749429], [-17.174394, 32.749439], [-17.174518, 32.749478], [-17.174618, 32.749513], [-17.174645, 32.749518], [-17.174673, 32.749521], [-17.174705, 32.74952], [-17.174736, 32.749516], [-17.174757, 32.749508], [-17.174764, 32.749502], [-17.17477, 32.749494], [-17.174782, 32.749469], [-17.174837, 32.749333], [-17.174883, 32.749233], [-17.174906, 32.749203], [-17.174926, 32.749178], [-17.174968, 32.749132], [-17.175004, 32.749099], [-17.175028, 32.749078], [-17.175084, 32.74904], [-17.175154, 32.748995], [-17.175161, 32.748988], [-17.175166, 32.748981], [-17.17517, 32.748968], [-17.17521, 32.748777], [-17.175228, 32.748687], [-17.175248, 32.748609], [-17.175265, 32.748576], [-17.1753, 32.748516], [-17.175399, 32.748356], [-17.175405, 32.748344], [-17.175409, 32.74833], [-17.175434, 32.748218], [-17.175434, 32.748202], [-17.175429, 32.748103], [-17.17541, 32.747976], [-17.175404, 32.747931], [-17.1754, 32.747883], [-17.175406, 32.747834], [-17.175425, 32.747777], [-17.175433, 32.747749], [-17.175444, 32.747732], [-17.175465, 32.747686], [-17.17548, 32.747667], [-17.175499, 32.747652], [-17.175537, 32.747631], [-17.175602, 32.747607], [-17.175653, 32.747598], [-17.175694, 32.747597], [-17.17573, 32.747601], [-17.175886, 32.747625], [-17.175927, 32.747631], [-17.176013, 32.747642], [-17.176218, 32.747671], [-17.176434, 32.747703], [-17.176594, 32.747726], [-17.176767, 32.747751], [-17.176806, 32.747759], [-17.176831, 32.747768], [-17.17686, 32.747783], [-17.176911, 32.747812], [-17.17693, 32.747827], [-17.17699, 32.747889], [-17.177005, 32.747897], [-17.177022, 32.7479], [-17.177037, 32.747898], [-17.177049, 32.747891], [-17.177099, 32.747832], [-17.177125, 32.747819], [-17.177144, 32.747814], [-17.177164, 32.747812], [-17.177314, 32.747821], [-17.177512, 32.747834], [-17.177617, 32.747842], [-17.177678, 32.747847], [-17.177718, 32.747858], [-17.177962, 32.747951], [-17.177986, 32.747964], [-17.178009, 32.747986], [-17.178093, 32.748112], [-17.178104, 32.74812], [-17.178117, 32.748127], [-17.178138, 32.748133], [-17.178148, 32.748133], [-17.178161, 32.748133], [-17.178203, 32.748127], [-17.178262, 32.748121], [-17.178289, 32.748121], [-17.178316, 32.748126], [-17.178341, 32.748137], [-17.178366, 32.748157], [-17.178384, 32.748182], [-17.178401, 32.74824], [-17.178404, 32.748312], [-17.178395, 32.7484], [-17.178357, 32.748626], [-17.178356, 32.748648], [-17.178362, 32.748668], [-17.178374, 32.748686], [-17.178391, 32.748702], [-17.178501, 32.748782], [-17.178526, 32.748799], [-17.178547, 32.748821], [-17.178562, 32.748846], [-17.178568, 32.748864], [-17.178571, 32.748882], [-17.178576, 32.748978], [-17.178569, 32.749013], [-17.178532, 32.749097], [-17.178528, 32.749113], [-17.17853, 32.749124], [-17.178535, 32.749135], [-17.178606, 32.749252], [-17.178621, 32.749291], [-17.178628, 32.749324], [-17.178628, 32.749411], [-17.178623, 32.749584], [-17.178612, 32.749661], [-17.178624, 32.749746], [-17.178638, 32.749826], [-17.178635, 32.749875], [-17.178616, 32.749915], [-17.17858, 32.749962], [-17.178518, 32.750031], [-17.178458, 32.750114], [-17.178366, 32.750255], [-17.178305, 32.750404], [-17.178274, 32.750438], [-17.178108, 32.750559], [-17.178078, 32.750587], [-17.178057, 32.750616], [-17.178041, 32.750647], [-17.178032, 32.75068], [-17.17803, 32.750715], [-17.17803, 32.750727], [-17.178037, 32.75074], [-17.178045, 32.750746], [-17.178061, 32.750751], [-17.178086, 32.750748], [-17.178232, 32.750712], [-17.178512, 32.750617], [-17.178594, 32.750585], [-17.178641, 32.750548], [-17.178724, 32.750506], [-17.178802, 32.750468], [-17.178836, 32.750461], [-17.178874, 32.750458], [-17.179011, 32.750461], [-17.179098, 32.750453], [-17.179304, 32.750431], [-17.17943, 32.750416], [-17.179466, 32.750419], [-17.179496, 32.750425], [-17.179664, 32.750501], [-17.179702, 32.750527], [-17.179732, 32.750554], [-17.179822, 32.75056], [-17.179843, 32.750551], [-17.179857, 32.750542], [-17.179865, 32.750529], [-17.179866, 32.750522], [-17.179851, 32.750492], [-17.179834, 32.750467], [-17.17981, 32.750445], [-17.179787, 32.75042], [-17.179778, 32.750406], [-17.179772, 32.750388], [-17.179755, 32.750282], [-17.179739, 32.750216], [-17.179719, 32.750147], [-17.179715, 32.750106], [-17.179717, 32.75008], [-17.179721, 32.750054], [-17.179737, 32.749993], [-17.179745, 32.749946], [-17.179751, 32.749908], [-17.179806, 32.749784], [-17.179877, 32.749646], [-17.179902, 32.749608], [-17.179962, 32.749535], [-17.180007, 32.749485], [-17.18003, 32.749467], [-17.180056, 32.749454], [-17.180091, 32.749444], [-17.180131, 32.749443], [-17.180166, 32.749445], [-17.180191, 32.749452], [-17.180211, 32.749464], [-17.180281, 32.749513], [-17.180308, 32.749526], [-17.180364, 32.749544], [-17.18037, 32.749544], [-17.180376, 32.749542], [-17.180381, 32.749539], [-17.180385, 32.749533], [-17.180434, 32.749429], [-17.180472, 32.749348], [-17.180479, 32.749323], [-17.180491, 32.749251], [-17.18055, 32.748916], [-17.180562, 32.748881], [-17.180581, 32.74886], [-17.180679, 32.748767], [-17.180699, 32.748754], [-17.180716, 32.748745], [-17.180858, 32.748689], [-17.18089, 32.748673], [-17.18091, 32.748657], [-17.180942, 32.74863], [-17.18096, 32.748614], [-17.181083, 32.74846], [-17.181184, 32.748332], [-17.181246, 32.748277], [-17.181274, 32.748262], [-17.181303, 32.748252], [-17.18157, 32.74818], [-17.181587, 32.748178], [-17.181605, 32.748181], [-17.181619, 32.748187], [-17.181631, 32.748196], [-17.181663, 32.748248], [-17.181668, 32.748252], [-17.181674, 32.748255], [-17.181687, 32.748256], [-17.181699, 32.748253], [-17.181709, 32.748246], [-17.181715, 32.748236], [-17.181723, 32.748167], [-17.181736, 32.748146], [-17.181748, 32.748135], [-17.181761, 32.748127], [-17.181857, 32.74808], [-17.181884, 32.748074], [-17.181906, 32.748072], [-17.182294, 32.74805], [-17.182514, 32.74804], [-17.182541, 32.748045], [-17.182566, 32.748052], [-17.182608, 32.748069], [-17.182644, 32.748094], [-17.18281, 32.748234], [-17.182835, 32.748251], [-17.182891, 32.748277], [-17.182902, 32.74828], [-17.182914, 32.748281], [-17.182934, 32.748277], [-17.183181, 32.748201], [-17.183203, 32.74819], [-17.183481, 32.747994], [-17.1835, 32.747986], [-17.18352, 32.74798], [-17.183541, 32.747977], [-17.183562, 32.747977], [-17.183691, 32.747987], [-17.183721, 32.747993], [-17.184422, 32.748232], [-17.184451, 32.748246], [-17.184474, 32.748262], [-17.18458, 32.748337], [-17.184689, 32.748418], [-17.184758, 32.748444], [-17.184809, 32.748458], [-17.184848, 32.748474], [-17.184877, 32.74849], [-17.184896, 32.748519], [-17.184925, 32.748542], [-17.184949, 32.748567], [-17.185032, 32.748683], [-17.185056, 32.748736], [-17.185088, 32.748815], [-17.185096, 32.748848], [-17.185105, 32.748885], [-17.185129, 32.749009], [-17.185159, 32.749171], [-17.185164, 32.749236], [-17.185168, 32.749327], [-17.185164, 32.749456], [-17.185159, 32.749621], [-17.185156, 32.749722], [-17.185149, 32.749781], [-17.185144, 32.749835], [-17.18514, 32.749891], [-17.185136, 32.749987], [-17.18513, 32.75001], [-17.18512, 32.750032], [-17.185102, 32.750056], [-17.185016, 32.750173], [-17.184976, 32.750232], [-17.184973, 32.750243], [-17.184973, 32.750253], [-17.184978, 32.750265], [-17.184993, 32.750277], [-17.185033, 32.750303], [-17.185123, 32.750356], [-17.185152, 32.750378], [-17.185181, 32.750405], [-17.185211, 32.750437], [-17.185228, 32.750461], [-17.185293, 32.750582], [-17.185346, 32.750684], [-17.185369, 32.75074], [-17.18539, 32.750816], [-17.185399, 32.75083], [-17.185405, 32.750837], [-17.185411, 32.750842], [-17.185422, 32.750847], [-17.185424, 32.750846], [-17.185488, 32.750788], [-17.185501, 32.750772], [-17.18551, 32.750758], [-17.18555, 32.750687], [-17.185565, 32.750659], [-17.185584, 32.750612], [-17.185592, 32.750582], [-17.185595, 32.750558], [-17.185594, 32.750532], [-17.185591, 32.750472], [-17.185593, 32.750446], [-17.185598, 32.750428], [-17.185606, 32.75041], [-17.185624, 32.750389], [-17.185647, 32.750372], [-17.185682, 32.750357], [-17.185718, 32.750351], [-17.185746, 32.75035], [-17.185774, 32.750352], [-17.185816, 32.75036], [-17.185992, 32.750402], [-17.186113, 32.75042], [-17.18621, 32.750433], [-17.186223, 32.750434], [-17.18623, 32.750432], [-17.186322, 32.750398], [-17.186351, 32.750394], [-17.186379, 32.750395], [-17.186404, 32.7504], [-17.186428, 32.750409], [-17.186471, 32.750434], [-17.186562, 32.750505], [-17.18657, 32.750521], [-17.186578, 32.750564], [-17.186577, 32.750572], [-17.186572, 32.750594], [-17.186572, 32.750614], [-17.186577, 32.750636], [-17.186585, 32.75065], [-17.186598, 32.750658], [-17.186618, 32.750658], [-17.186673, 32.750655], [-17.186691, 32.750655], [-17.186713, 32.750659], [-17.186734, 32.750666], [-17.186814, 32.750705], [-17.186981, 32.750787], [-17.187195, 32.750888], [-17.187361, 32.750972], [-17.187411, 32.750998], [-17.18744, 32.751015], [-17.187491, 32.751053], [-17.187519, 32.751079], [-17.187535, 32.751098], [-17.187547, 32.751119], [-17.187555, 32.751142], [-17.187557, 32.751167], [-17.187555, 32.751206], [-17.187546, 32.751255], [-17.187535, 32.751291], [-17.187471, 32.751453], [-17.187423, 32.751574], [-17.187405, 32.751603], [-17.187388, 32.751624], [-17.187321, 32.751692], [-17.187283, 32.75173], [-17.18727, 32.751743], [-17.187264, 32.751757], [-17.187262, 32.751771], [-17.187272, 32.751846], [-17.18728, 32.751863], [-17.187319, 32.751942], [-17.187325, 32.751974], [-17.187324, 32.751998], [-17.187319, 32.752021], [-17.1873, 32.752058], [-17.187276, 32.752093], [-17.187261, 32.752111], [-17.187246, 32.752122], [-17.187232, 32.75213], [-17.187196, 32.752153], [-17.187158, 32.75218], [-17.187145, 32.752191], [-17.187135, 32.752205], [-17.187096, 32.752292], [-17.187094, 32.752298], [-17.187092, 32.75231], [-17.187091, 32.752322], [-17.187092, 32.752333], [-17.187095, 32.752352], [-17.187096, 32.752354], [-17.187099, 32.752357], [-17.187118, 32.752367], [-17.187119, 32.752367], [-17.18712, 32.752366], [-17.187311, 32.752278], [-17.1874, 32.752245], [-17.187462, 32.752231], [-17.187485, 32.75223], [-17.187509, 32.752232], [-17.18754, 32.752242], [-17.187567, 32.752258], [-17.187619, 32.752316], [-17.187628, 32.752322], [-17.187638, 32.752324], [-17.187655, 32.752324], [-17.18767, 32.752319], [-17.187739, 32.752256], [-17.187765, 32.75224], [-17.187791, 32.752227], [-17.188057, 32.752131], [-17.1881, 32.752122], [-17.18813, 32.752124], [-17.188527, 32.752157], [-17.188827, 32.752186], [-17.188858, 32.752184], [-17.18889, 32.752176], [-17.188955, 32.75215], [-17.188999, 32.752138], [-17.189031, 32.75213], [-17.189099, 32.752125], [-17.189113, 32.75212], [-17.189275, 32.752034], [-17.189311, 32.752019], [-17.189353, 32.752002], [-17.189371, 32.75199], [-17.18941, 32.751956], [-17.189465, 32.751905], [-17.189604, 32.751784], [-17.189641, 32.751762], [-17.189669, 32.75175], [-17.189755, 32.751719], [-17.190032, 32.751615], [-17.19005, 32.751607], [-17.190119, 32.751541], [-17.190136, 32.751529], [-17.190153, 32.751521], [-17.190226, 32.751492], [-17.190259, 32.751484], [-17.190334, 32.751473], [-17.190372, 32.751474], [-17.19094, 32.751561], [-17.190982, 32.751574], [-17.19114, 32.751638], [-17.191243, 32.751696], [-17.191278, 32.751721], [-17.191352, 32.751791], [-17.191401, 32.751861], [-17.191408, 32.751886], [-17.191409, 32.751923], [-17.19139, 32.752186], [-17.191389, 32.752203], [-17.191392, 32.752218], [-17.191399, 32.752237], [-17.19141, 32.752255], [-17.191583, 32.752502], [-17.191602, 32.752538], [-17.191627, 32.752622], [-17.19163, 32.752652], [-17.191627, 32.75278], [-17.191623, 32.752804], [-17.1916, 32.752864], [-17.19158, 32.752903], [-17.191534, 32.753006], [-17.191521, 32.753028], [-17.191498, 32.753058], [-17.191422, 32.753138], [-17.191319, 32.753245], [-17.191172, 32.753399], [-17.191094, 32.753478], [-17.191086, 32.753492], [-17.191065, 32.75354], [-17.19102, 32.753658], [-17.191004, 32.75369], [-17.190991, 32.753707], [-17.190917, 32.753775], [-17.190897, 32.753785], [-17.190789, 32.753852], [-17.190738, 32.753879], [-17.190644, 32.753925], [-17.190468, 32.754013], [-17.190263, 32.75411], [-17.190254, 32.754119], [-17.19025, 32.754131], [-17.190252, 32.754145], [-17.190261, 32.754157], [-17.19031, 32.754191], [-17.190339, 32.754225], [-17.190417, 32.754335], [-17.190446, 32.754384], [-17.190484, 32.754461], [-17.19049, 32.75448], [-17.190491, 32.7545], [-17.190484, 32.754528], [-17.190469, 32.754553], [-17.190437, 32.754585], [-17.190403, 32.754612], [-17.190171, 32.754782], [-17.189962, 32.754932], [-17.189803, 32.755038], [-17.189725, 32.755091], [-17.189691, 32.755118], [-17.18965, 32.755157], [-17.189619, 32.755191], [-17.18958, 32.755246], [-17.189496, 32.755367], [-17.189485, 32.755387], [-17.189423, 32.755547], [-17.189359, 32.755699], [-17.189344, 32.755722], [-17.189108, 32.755952], [-17.188896, 32.756164], [-17.188595, 32.756463], [-17.188581, 32.756482], [-17.188574, 32.756502], [-17.188572, 32.756524], [-17.188576, 32.756544], [-17.188587, 32.756565], [-17.188626, 32.756654], [-17.18876, 32.756986], [-17.188797, 32.757091], [-17.188801, 32.75716], [-17.188803, 32.757276], [-17.188798, 32.757295], [-17.188783, 32.757313], [-17.18876, 32.757325], [-17.188735, 32.757328], [-17.188509, 32.757335], [-17.188466, 32.757343], [-17.188364, 32.757367], [-17.188288, 32.757391], [-17.188236, 32.757413], [-17.188159, 32.757458], [-17.187778, 32.757634], [-17.187723, 32.75766], [-17.187662, 32.757696], [-17.18762, 32.757726], [-17.187229, 32.758042], [-17.186883, 32.758336], [-17.186782, 32.758407], [-17.186692, 32.758435], [-17.186509, 32.758494], [-17.186109, 32.758665], [-17.18603, 32.758719], [-17.185961, 32.758771], [-17.185896, 32.758835], [-17.185816, 32.758934], [-17.185785, 32.75896], [-17.185749, 32.758981], [-17.185708, 32.758997], [-17.185665, 32.759007], [-17.185451, 32.759026], [-17.18525, 32.759047], [-17.185213, 32.759051], [-17.185179, 32.75906], [-17.184768, 32.759313], [-17.184646, 32.759366], [-17.184566, 32.759414], [-17.184489, 32.759485], [-17.184471, 32.759506], [-17.184462, 32.759528], [-17.184459, 32.759557], [-17.18448, 32.759619], [-17.184522, 32.75964], [-17.184563, 32.75964], [-17.18469, 32.759629], [-17.184714, 32.759625], [-17.184724, 32.759619], [-17.184838, 32.759525], [-17.184877, 32.75949], [-17.184926, 32.75946], [-17.184991, 32.75943], [-17.185094, 32.759382], [-17.185197, 32.759332], [-17.185216, 32.759327], [-17.185241, 32.759328], [-17.18526, 32.759336], [-17.185279, 32.759341], [-17.185293, 32.759341], [-17.185326, 32.759338], [-17.185361, 32.759336], [-17.185397, 32.759341], [-17.185435, 32.75934], [-17.185481, 32.759342], [-17.18557, 32.759342], [-17.185784, 32.759335], [-17.185916, 32.759338], [-17.185952, 32.759336], [-17.185977, 32.759329], [-17.186073, 32.759301], [-17.186117, 32.75929], [-17.186153, 32.759284], [-17.186184, 32.759277], [-17.186202, 32.759269], [-17.186334, 32.759214], [-17.186374, 32.759192], [-17.186412, 32.759166], [-17.186441, 32.759154], [-17.186488, 32.759145], [-17.186561, 32.759134], [-17.186616, 32.759131], [-17.186896, 32.759155], [-17.186974, 32.759185], [-17.186994, 32.759205], [-17.187056, 32.759286], [-17.187064, 32.759293], [-17.187074, 32.759296], [-17.187082, 32.759295], [-17.18709, 32.75929], [-17.18716, 32.759226], [-17.187186, 32.759204], [-17.18722, 32.759187], [-17.18734, 32.759124], [-17.187529, 32.759043], [-17.187659, 32.758979], [-17.187756, 32.758927], [-17.187951, 32.75883], [-17.188003, 32.758807], [-17.188037, 32.758793], [-17.188083, 32.758779], [-17.188121, 32.758772], [-17.188255, 32.75876], [-17.18829, 32.758759], [-17.188339, 32.758761], [-17.188364, 32.758758], [-17.188387, 32.758753], [-17.188403, 32.758747], [-17.188469, 32.758705], [-17.188504, 32.758689], [-17.18854, 32.758674], [-17.188676, 32.758633], [-17.188735, 32.758619], [-17.188799, 32.758612], [-17.189027, 32.758602], [-17.189156, 32.758603], [-17.189207, 32.758599], [-17.18932, 32.758587], [-17.189458, 32.758583], [-17.189518, 32.758577], [-17.18961, 32.758565], [-17.189652, 32.758563], [-17.189796, 32.758557], [-17.189835, 32.75855], [-17.18985, 32.758544], [-17.190069, 32.758459], [-17.190216, 32.758401], [-17.190244, 32.758386], [-17.190279, 32.758354], [-17.190552, 32.758158], [-17.190734, 32.758027], [-17.190753, 32.758011], [-17.190772, 32.757989], [-17.190823, 32.757908], [-17.190884, 32.757814], [-17.190944, 32.757724], [-17.190974, 32.757657], [-17.191, 32.757601], [-17.191024, 32.757527], [-17.191036, 32.757503], [-17.191105, 32.757385], [-17.191116, 32.75736], [-17.191138, 32.757307], [-17.191155, 32.757281], [-17.191182, 32.757254], [-17.19124, 32.757214], [-17.191585, 32.756968], [-17.191644, 32.756932], [-17.191684, 32.756912], [-17.191733, 32.756896], [-17.191996, 32.756835], [-17.192088, 32.756811], [-17.192268, 32.75677], [-17.192727, 32.756683], [-17.192766, 32.75668], [-17.19293, 32.756679], [-17.192941, 32.756677], [-17.193068, 32.756633], [-17.193103, 32.756614], [-17.193137, 32.756589], [-17.193191, 32.756524], [-17.193423, 32.756227], [-17.193446, 32.756199], [-17.19347, 32.756181], [-17.193569, 32.756112], [-17.193591, 32.756103], [-17.193723, 32.75605], [-17.193746, 32.756046], [-17.193771, 32.756047], [-17.193789, 32.756053], [-17.193807, 32.756062], [-17.193842, 32.756107], [-17.194012, 32.756339], [-17.194027, 32.756355], [-17.194039, 32.756361], [-17.194056, 32.756365], [-17.194384, 32.756437], [-17.194417, 32.756453], [-17.194445, 32.756474], [-17.19447, 32.756504], [-17.194487, 32.756537], [-17.194579, 32.756779], [-17.194589, 32.756825], [-17.194593, 32.756897], [-17.194588, 32.756957], [-17.194575, 32.757027], [-17.194566, 32.757049], [-17.194557, 32.757067], [-17.194431, 32.75728], [-17.194409, 32.757325], [-17.194374, 32.757422], [-17.194369, 32.75745], [-17.194379, 32.757659], [-17.194381, 32.757665], [-17.194384, 32.75767], [-17.194389, 32.757674], [-17.194396, 32.757677], [-17.194447, 32.757685], [-17.194482, 32.757702], [-17.194506, 32.757719], [-17.194525, 32.75774], [-17.19455, 32.757778], [-17.194626, 32.75791], [-17.194655, 32.757954], [-17.194692, 32.757992], [-17.194745, 32.758041], [-17.194884, 32.758146], [-17.194904, 32.758164], [-17.194921, 32.758184], [-17.194932, 32.758199], [-17.19494, 32.758216], [-17.194946, 32.758243], [-17.194945, 32.75827], [-17.194936, 32.758297], [-17.194907, 32.75833], [-17.194816, 32.758404], [-17.194692, 32.758483], [-17.194639, 32.75851], [-17.194553, 32.758547], [-17.194519, 32.758556], [-17.19442, 32.758572], [-17.194367, 32.758581], [-17.194255, 32.758614], [-17.194044, 32.758674], [-17.194005, 32.758704], [-17.193979, 32.758739], [-17.193882, 32.75892], [-17.193845, 32.758966], [-17.193811, 32.758993], [-17.193736, 32.759023], [-17.193682, 32.759044], [-17.193658, 32.759063], [-17.19363, 32.759104], [-17.193578, 32.759171], [-17.193531, 32.759265], [-17.193462, 32.759507], [-17.193445, 32.759545], [-17.193405, 32.759587], [-17.193365, 32.759615], [-17.193211, 32.7597], [-17.193142, 32.759745], [-17.193091, 32.759793], [-17.193035, 32.759872], [-17.192968, 32.759987], [-17.192928, 32.76004], [-17.192888, 32.760091], [-17.192862, 32.760145], [-17.192839, 32.760209], [-17.192823, 32.760232], [-17.192788, 32.760269], [-17.192779, 32.760288], [-17.192777, 32.760338], [-17.192779, 32.760367], [-17.192798, 32.760421], [-17.192857, 32.760508], [-17.192869, 32.760523], [-17.192883, 32.760529], [-17.1929, 32.760533], [-17.192918, 32.760533], [-17.192938, 32.760528], [-17.192955, 32.760517], [-17.192968, 32.760503], [-17.192975, 32.760484], [-17.192966, 32.760412], [-17.192972, 32.76035], [-17.192981, 32.760326], [-17.193064, 32.760204], [-17.193098, 32.760165], [-17.193134, 32.760129], [-17.193193, 32.760081], [-17.193257, 32.76004], [-17.193287, 32.76002], [-17.193322, 32.760005], [-17.19336, 32.759994], [-17.193397, 32.759989], [-17.193458, 32.759988], [-17.193489, 32.759992], [-17.193503, 32.759988], [-17.193513, 32.759982], [-17.193566, 32.75995], [-17.193618, 32.759926], [-17.193819, 32.759846], [-17.193855, 32.759828], [-17.193961, 32.759758], [-17.194016, 32.759726], [-17.194057, 32.759716], [-17.194089, 32.759711], [-17.194118, 32.759709], [-17.194201, 32.759712], [-17.194218, 32.75971], [-17.194228, 32.759702], [-17.194267, 32.75967], [-17.194292, 32.759652], [-17.194316, 32.759643], [-17.194547, 32.759575], [-17.19459, 32.759567], [-17.194653, 32.759565], [-17.194767, 32.759563], [-17.194844, 32.759566], [-17.195094, 32.759586], [-17.195141, 32.759587], [-17.195155, 32.759584], [-17.195205, 32.759577], [-17.195244, 32.759575], [-17.195281, 32.75958], [-17.195311, 32.759589], [-17.19533, 32.759601], [-17.195376, 32.759644], [-17.195393, 32.759655], [-17.19541, 32.759662], [-17.195524, 32.759683], [-17.195581, 32.759702], [-17.195605, 32.759716], [-17.195652, 32.759742], [-17.195665, 32.759744], [-17.195679, 32.759744], [-17.195692, 32.759741], [-17.195703, 32.759736], [-17.195774, 32.759691], [-17.195923, 32.759594], [-17.195976, 32.759551], [-17.196035, 32.75949], [-17.19617, 32.759338], [-17.196202, 32.759309], [-17.196218, 32.759299], [-17.196232, 32.759289], [-17.196245, 32.759273], [-17.196299, 32.759193], [-17.196393, 32.759065], [-17.196425, 32.759018], [-17.196448, 32.758978], [-17.196573, 32.758746], [-17.196648, 32.758618], [-17.196669, 32.758595], [-17.196765, 32.758491], [-17.196795, 32.758457], [-17.196834, 32.758407], [-17.196896, 32.758321], [-17.196925, 32.758278], [-17.196942, 32.758243], [-17.197015, 32.758103], [-17.197042, 32.758064], [-17.197073, 32.758028], [-17.197109, 32.757995], [-17.197164, 32.757958], [-17.197203, 32.757937], [-17.197278, 32.757913], [-17.197291, 32.757905], [-17.197297, 32.757899], [-17.197301, 32.757892], [-17.197438, 32.757548], [-17.197504, 32.757389], [-17.197519, 32.757364], [-17.197539, 32.757342], [-17.197564, 32.757321], [-17.197592, 32.757303], [-17.197671, 32.757258], [-17.197688, 32.757247], [-17.197701, 32.757233], [-17.197714, 32.757212], [-17.197721, 32.757189], [-17.197726, 32.757155], [-17.197721, 32.757082], [-17.197717, 32.757062], [-17.197711, 32.757039], [-17.197669, 32.756963], [-17.197662, 32.756926], [-17.197662, 32.756894], [-17.197665, 32.756849], [-17.19766, 32.756806], [-17.197609, 32.75658], [-17.197595, 32.75654], [-17.197582, 32.756518], [-17.197466, 32.756367], [-17.197457, 32.756343], [-17.19745, 32.756294], [-17.197455, 32.756242], [-17.197469, 32.756213], [-17.197488, 32.756178], [-17.197543, 32.756112], [-17.197597, 32.756059], [-17.197647, 32.756016], [-17.197784, 32.755941], [-17.197966, 32.755874], [-17.198018, 32.755855], [-17.198057, 32.755842], [-17.198199, 32.755821], [-17.198245, 32.75582], [-17.198272, 32.755822], [-17.19848, 32.755879], [-17.198884, 32.75599], [-17.198918, 32.755998], [-17.199018, 32.75603], [-17.199048, 32.756041], [-17.199287, 32.756177]], [[-17.155766, 32.743509], [-17.15572, 32.743544], [-17.155686, 32.74357], [-17.155669, 32.743587], [-17.155638, 32.743614], [-17.155573, 32.743684], [-17.155548, 32.743704], [-17.155532, 32.743713], [-17.155514, 32.743719], [-17.155293, 32.743784], [-17.155151, 32.743827], [-17.155111, 32.743841], [-17.155074, 32.743861], [-17.155051, 32.743877], [-17.15503, 32.743895], [-17.154995, 32.743938], [-17.154933, 32.744026], [-17.154892, 32.744082], [-17.154868, 32.744122], [-17.154813, 32.744232], [-17.154798, 32.744258], [-17.154774, 32.744288], [-17.154711, 32.744357], [-17.154602, 32.744466], [-17.154556, 32.744502], [-17.15452, 32.744523], [-17.154482, 32.744541], [-17.154375, 32.744575], [-17.154343, 32.744588], [-17.154314, 32.744605], [-17.15429, 32.744626], [-17.154271, 32.744649], [-17.154256, 32.744675], [-17.154229, 32.744761], [-17.154221, 32.744775], [-17.154211, 32.744787], [-17.154192, 32.744802], [-17.154169, 32.744812], [-17.153991, 32.744881], [-17.153889, 32.744915], [-17.153867, 32.744921], [-17.153832, 32.744924], [-17.153707, 32.744919], [-17.153669, 32.744921], [-17.153624, 32.744929], [-17.153523, 32.744962], [-17.153396, 32.744999], [-17.153301, 32.745017], [-17.153264, 32.745028], [-17.153229, 32.745045], [-17.153202, 32.745065], [-17.15318, 32.745088], [-17.153163, 32.745114], [-17.153079, 32.74525], [-17.15298, 32.745373], [-17.152784, 32.745607], [-17.152774, 32.745614], [-17.152763, 32.745619], [-17.152755, 32.745621], [-17.152747, 32.745621], [-17.15271, 32.745616], [-17.152701, 32.745612], [-17.152695, 32.745607], [-17.152691, 32.745602], [-17.152682, 32.745532], [-17.152685, 32.745277], [-17.152677, 32.745179], [-17.152666, 32.745114], [-17.152586, 32.74485], [-17.152579, 32.744829], [-17.152566, 32.744809], [-17.152547, 32.744791], [-17.152516, 32.744773], [-17.152478, 32.744764], [-17.152286, 32.744773], [-17.152213, 32.744783], [-17.152141, 32.744798], [-17.152071, 32.744818], [-17.152, 32.744845], [-17.151932, 32.744877], [-17.151717, 32.745046], [-17.151679, 32.745072], [-17.15165, 32.745086], [-17.151515, 32.745136], [-17.151469, 32.745157], [-17.151419, 32.745187], [-17.15124, 32.745329], [-17.151176, 32.745382], [-17.151137, 32.745416], [-17.15099, 32.745583], [-17.150954, 32.745621], [-17.150924, 32.745646], [-17.150848, 32.745703], [-17.150806, 32.745731], [-17.150746, 32.745764], [-17.150557, 32.745848], [-17.150519, 32.745862], [-17.150338, 32.745914], [-17.1503, 32.745926], [-17.150264, 32.745944], [-17.150232, 32.745965], [-17.150204, 32.745989], [-17.150181, 32.746018], [-17.150135, 32.746127], [-17.150117, 32.74617], [-17.15012, 32.746205], [-17.150117, 32.746231], [-17.150104, 32.746263], [-17.149999, 32.746418], [-17.149964, 32.746491], [-17.149943, 32.746513], [-17.149885, 32.746543], [-17.149808, 32.746582], [-17.149769, 32.746599], [-17.149721, 32.746639], [-17.149704, 32.746672], [-17.149753, 32.746697], [-17.149771, 32.746751]]]}}, {"type": "Feature", "properties": {"name": "Levada Nova", "length_km": 24.08, "hasTunnel": false}, "geometry": {"type": "MultiLineString", "coordinates": [[[-17.231313, 32.778712], [-17.231358, 32.778785], [-17.231428, 32.778895], [-17.231434, 32.778922], [-17.231439, 32.77899], [-17.23143, 32.779017], [-17.231319, 32.779249], [-17.231293, 32.779289], [-17.231222, 32.779364], [-17.230988, 32.779545], [-17.230942, 32.779565], [-17.230806, 32.779617], [-17.230798, 32.779622], [-17.230805, 32.779683], [-17.231173, 32.779662], [-17.231535, 32.779659], [-17.231559, 32.779662], [-17.231582, 32.77967], [-17.231603, 32.779682], [-17.231621, 32.7797], [-17.231634, 32.779723], [-17.23163, 32.779761], [-17.231614, 32.779775], [-17.231609, 32.779785], [-17.231612, 32.779808], [-17.23163, 32.779818], [-17.23165, 32.779824], [-17.23168, 32.77982], [-17.231702, 32.77982], [-17.231723, 32.779826], [-17.23174, 32.779838], [-17.231752, 32.779856], [-17.231758, 32.780023], [-17.231742, 32.780094], [-17.231609, 32.780324], [-17.231605, 32.780335], [-17.231604, 32.780347], [-17.231606, 32.780361], [-17.231612, 32.780375], [-17.231672, 32.780493], [-17.231678, 32.780518], [-17.23168, 32.780542], [-17.231677, 32.780572], [-17.23167, 32.7806], [-17.231657, 32.780627], [-17.231606, 32.780707], [-17.231485, 32.780873], [-17.231439, 32.78094], [-17.231401, 32.780994], [-17.231395, 32.781018], [-17.231396, 32.781032], [-17.2314, 32.781047], [-17.231421, 32.781109], [-17.231423, 32.781132], [-17.231395, 32.781172], [-17.23139, 32.781186], [-17.231394, 32.781197], [-17.231401, 32.781205], [-17.23143, 32.781213], [-17.231447, 32.78121], [-17.231509, 32.781193], [-17.23156, 32.781185], [-17.231606, 32.781182], [-17.231645, 32.781185], [-17.232071, 32.781294], [-17.232108, 32.781302], [-17.232534, 32.781327], [-17.232566, 32.781334], [-17.232581, 32.781343], [-17.232631, 32.781405], [-17.232644, 32.781415], [-17.232652, 32.781421], [-17.232671, 32.781422], [-17.232698, 32.781417], [-17.232715, 32.781419], [-17.232729, 32.781426], [-17.232805, 32.781513], [-17.232873, 32.781645], [-17.23288, 32.781665], [-17.232877, 32.781743], [-17.232872, 32.781762], [-17.232858, 32.781777], [-17.232811, 32.781823], [-17.232794, 32.781844], [-17.23277, 32.781871], [-17.232751, 32.781899], [-17.232736, 32.781939], [-17.232681, 32.782153], [-17.232668, 32.782216], [-17.232655, 32.782255], [-17.232624, 32.782315], [-17.232602, 32.782359], [-17.232597, 32.782381], [-17.232586, 32.782536], [-17.232582, 32.78263], [-17.232585, 32.782641], [-17.232593, 32.782651], [-17.232604, 32.782658], [-17.232619, 32.782663], [-17.232768, 32.782682], [-17.232972, 32.782716], [-17.233001, 32.782732], [-17.233024, 32.782756], [-17.233055, 32.782801], [-17.233063, 32.782816], [-17.233064, 32.782833], [-17.233056, 32.782845], [-17.233044, 32.782858], [-17.233038, 32.782882], [-17.23305, 32.782894], [-17.233071, 32.782898], [-17.233216, 32.782859], [-17.233232, 32.782859], [-17.233248, 32.782864], [-17.23326, 32.782875], [-17.233265, 32.782889], [-17.233259, 32.783093], [-17.233256, 32.78312], [-17.233247, 32.783156], [-17.233201, 32.783296], [-17.23318, 32.78333], [-17.233157, 32.783364], [-17.233123, 32.783405], [-17.233087, 32.783444], [-17.232982, 32.783544], [-17.23289, 32.783633], [-17.232877, 32.783656], [-17.232869, 32.783681], [-17.232867, 32.783706], [-17.232871, 32.783731], [-17.232982, 32.784017], [-17.232987, 32.784041], [-17.232989, 32.784065], [-17.232985, 32.784107], [-17.232948, 32.784267], [-17.232941, 32.784285], [-17.23293, 32.784303], [-17.232912, 32.784322], [-17.232889, 32.784337], [-17.232834, 32.784365], [-17.232787, 32.784384], [-17.23255, 32.784435], [-17.232443, 32.784471], [-17.232248, 32.784545], [-17.232093, 32.784599], [-17.231842, 32.784728], [-17.231755, 32.784727], [-17.231643, 32.784737], [-17.231562, 32.784757], [-17.231493, 32.784764], [-17.230946, 32.784793], [-17.230853, 32.78482], [-17.230366, 32.785012], [-17.230282, 32.785055], [-17.230156, 32.78515], [-17.230095, 32.785228], [-17.230013, 32.785376], [-17.229992, 32.785392], [-17.22929, 32.785555], [-17.229099, 32.785611], [-17.228953, 32.785669], [-17.228513, 32.785996], [-17.228348, 32.786136], [-17.228173, 32.78625], [-17.228081, 32.786265], [-17.227082, 32.786054], [-17.226926, 32.786043], [-17.22673, 32.786051], [-17.22665, 32.78607], [-17.226362, 32.786195], [-17.226211, 32.786225], [-17.226151, 32.786246], [-17.226033, 32.786313], [-17.225636, 32.786662], [-17.225487, 32.786879], [-17.225428, 32.78713], [-17.225428, 32.78726], [-17.225452, 32.787274], [-17.225464, 32.78729]], [[-17.144729, 32.72997], [-17.144814, 32.730033], [-17.144841, 32.730074], [-17.144851, 32.73011], [-17.144879, 32.730379], [-17.144878, 32.730448], [-17.144838, 32.730646], [-17.144834, 32.730779], [-17.144775, 32.730858], [-17.14448, 32.731396], [-17.14433, 32.731513], [-17.144213, 32.731671], [-17.144181, 32.731775], [-17.144182, 32.731819], [-17.144196, 32.731871], [-17.144266, 32.731985], [-17.144378, 32.732127], [-17.144393, 32.732214], [-17.144396, 32.732255], [-17.144402, 32.732339], [-17.144416, 32.732426], [-17.144447, 32.732557], [-17.144481, 32.732686], [-17.144508, 32.732792], [-17.144512, 32.732807], [-17.144545, 32.732871], [-17.144567, 32.732928], [-17.144583, 32.732987], [-17.144589, 32.73303], [-17.144588, 32.733058], [-17.144545, 32.733266], [-17.144521, 32.733369], [-17.144474, 32.733461], [-17.144433, 32.73355], [-17.144379, 32.733727], [-17.144372, 32.733804], [-17.144361, 32.733832], [-17.144341, 32.73386], [-17.144318, 32.73389], [-17.144313, 32.733902], [-17.144313, 32.733909], [-17.144322, 32.733919], [-17.144331, 32.733923], [-17.144342, 32.733925], [-17.144406, 32.733916], [-17.144451, 32.733908], [-17.144472, 32.7339], [-17.144514, 32.733875], [-17.144568, 32.73384], [-17.144641, 32.733806], [-17.14484, 32.733744], [-17.144873, 32.73374], [-17.145312, 32.733738], [-17.145347, 32.733741], [-17.145371, 32.733747], [-17.145389, 32.733758], [-17.145407, 32.733771], [-17.145451, 32.733816], [-17.145489, 32.733851], [-17.145514, 32.733873], [-17.145536, 32.733883], [-17.145561, 32.733889], [-17.145644, 32.733894], [-17.145874, 32.73391], [-17.145924, 32.733919], [-17.145959, 32.733937], [-17.145982, 32.733955], [-17.146005, 32.733988], [-17.146038, 32.734038], [-17.146079, 32.734099], [-17.146112, 32.734154], [-17.146118, 32.734216], [-17.146051, 32.734485], [-17.145996, 32.734625], [-17.145972, 32.734664], [-17.145934, 32.734704], [-17.145754, 32.734813], [-17.145682, 32.734862], [-17.145628, 32.734911], [-17.14547, 32.735108], [-17.14534, 32.735286], [-17.1453, 32.73531], [-17.145238, 32.735332], [-17.145164, 32.73536], [-17.145134, 32.735388], [-17.145094, 32.735447], [-17.145052, 32.735599], [-17.145004, 32.7357], [-17.144957, 32.735757], [-17.144896, 32.735795], [-17.144781, 32.73585], [-17.144722, 32.735861], [-17.14465, 32.735859], [-17.14451, 32.735823], [-17.144487, 32.735825], [-17.144464, 32.735836], [-17.144444, 32.735861], [-17.14434, 32.736066], [-17.144255, 32.736205], [-17.144203, 32.736248], [-17.144147, 32.736275], [-17.14409, 32.736309], [-17.144009, 32.736388], [-17.143869, 32.736545], [-17.143606, 32.73679], [-17.143214, 32.737068], [-17.143139, 32.737182], [-17.142974, 32.737397], [-17.14283, 32.73758], [-17.142829, 32.737619], [-17.142837, 32.737639], [-17.142842, 32.737641], [-17.142869, 32.737633], [-17.143073, 32.737501], [-17.143165, 32.737422], [-17.143289, 32.737391], [-17.143372, 32.737364], [-17.143612, 32.737246], [-17.143706, 32.737212], [-17.143854, 32.737204], [-17.143905, 32.737215], [-17.143963, 32.737249], [-17.143989, 32.737259], [-17.144027, 32.73726], [-17.144064, 32.737252], [-17.144184, 32.737196], [-17.144215, 32.737182], [-17.144317, 32.73717], [-17.144443, 32.737185], [-17.14468, 32.737268], [-17.144747, 32.737301], [-17.144777, 32.737304], [-17.14482, 32.737297], [-17.144857, 32.737279], [-17.144877, 32.737262], [-17.144886, 32.737229], [-17.1449, 32.7372], [-17.144934, 32.737175], [-17.144977, 32.737158], [-17.145128, 32.737145], [-17.145171, 32.737137], [-17.145196, 32.737124], [-17.145214, 32.737105], [-17.145229, 32.737063], [-17.145247, 32.73704], [-17.145409, 32.736942], [-17.145459, 32.736936], [-17.1455, 32.736946], [-17.145537, 32.736973], [-17.145575, 32.737029], [-17.145632, 32.737085], [-17.145674, 32.737099], [-17.145726, 32.737107], [-17.145781, 32.737102], [-17.145832, 32.737085], [-17.145914, 32.737049], [-17.146208, 32.736856], [-17.14635, 32.736759], [-17.146448, 32.736699], [-17.146558, 32.736668], [-17.14667, 32.736658], [-17.146747, 32.736669], [-17.146918, 32.736721], [-17.147014, 32.736742], [-17.147199, 32.736767], [-17.147459, 32.73678], [-17.14752, 32.736792], [-17.147564, 32.736807], [-17.147708, 32.736885], [-17.147745, 32.736895], [-17.147785, 32.736897], [-17.147826, 32.736892], [-17.14793, 32.736848], [-17.147988, 32.736838], [-17.148261, 32.736872], [-17.148314, 32.736888], [-17.148353, 32.736905], [-17.148461, 32.736966], [-17.148505, 32.737002], [-17.1486, 32.737143], [-17.148613, 32.737184], [-17.148615, 32.737224], [-17.148606, 32.737266], [-17.14857, 32.737359], [-17.148406, 32.737651], [-17.148391, 32.73769], [-17.148388, 32.737893], [-17.148373, 32.737951], [-17.148323, 32.738031], [-17.148197, 32.738171], [-17.14819, 32.738198], [-17.148194, 32.738216], [-17.148207, 32.738237], [-17.148289, 32.738324], [-17.148304, 32.73836], [-17.148289, 32.738479], [-17.148233, 32.738586], [-17.148225, 32.738619], [-17.148227, 32.738656], [-17.148236, 32.738772], [-17.148254, 32.738834], [-17.148254, 32.73889], [-17.14823, 32.738927], [-17.148192, 32.738964], [-17.148101, 32.73903], [-17.147997, 32.739097], [-17.14789, 32.739242], [-17.147593, 32.73964], [-17.147458, 32.739881], [-17.147273, 32.740108], [-17.147183, 32.740391], [-17.147148, 32.740675], [-17.147258, 32.740938], [-17.147246, 32.74115], [-17.147257, 32.741185], [-17.147281, 32.741205], [-17.147307, 32.74122], [-17.147341, 32.741219], [-17.147377, 32.741205], [-17.147402, 32.74118], [-17.14749, 32.74103], [-17.147512, 32.740947], [-17.147554, 32.740878], [-17.147663, 32.740792], [-17.147855, 32.740459], [-17.148203, 32.740103], [-17.148636, 32.73993], [-17.149124, 32.739691], [-17.149304, 32.739665], [-17.149454, 32.739615], [-17.149692, 32.739516]], [[-17.137598, 32.723969], [-17.137615, 32.723993], [-17.137638, 32.72402], [-17.137685, 32.724043], [-17.138125, 32.724196], [-17.138193, 32.724234], [-17.138254, 32.724264], [-17.13844, 32.724299], [-17.138783, 32.72437], [-17.138902, 32.724406], [-17.138975, 32.724443], [-17.13901, 32.724457], [-17.139047, 32.72446], [-17.139217, 32.724436], [-17.139319, 32.724405], [-17.139581, 32.724392], [-17.139649, 32.724375], [-17.139736, 32.724347], [-17.139775, 32.724336], [-17.139879, 32.724338], [-17.139932, 32.724353], [-17.1401, 32.724358], [-17.140216, 32.724362], [-17.140245, 32.72438], [-17.140468, 32.724415], [-17.140562, 32.724406], [-17.140741, 32.724408], [-17.140789, 32.7244], [-17.140844, 32.724376], [-17.140899, 32.724348], [-17.140922, 32.724336], [-17.140962, 32.724326], [-17.141114, 32.724311], [-17.141129, 32.724308], [-17.14115, 32.724299], [-17.141346, 32.724194], [-17.141404, 32.724141], [-17.141484, 32.724093], [-17.141525, 32.724053], [-17.141607, 32.723991], [-17.141653, 32.723964], [-17.141944, 32.723869], [-17.142204, 32.723819], [-17.142257, 32.723804], [-17.14233, 32.723777], [-17.142437, 32.723754], [-17.142649, 32.723688], [-17.142714, 32.723673], [-17.142795, 32.723662], [-17.142882, 32.723656], [-17.143055, 32.723672], [-17.143366, 32.723676], [-17.143694, 32.723654], [-17.143886, 32.723636], [-17.144059, 32.723634], [-17.144126, 32.723647], [-17.144234, 32.723683], [-17.144264, 32.723706], [-17.144277, 32.723732], [-17.144271, 32.723767], [-17.144244, 32.723798], [-17.144241, 32.723809], [-17.14425, 32.723818], [-17.144321, 32.723841], [-17.144415, 32.723836], [-17.14444, 32.723841], [-17.144453, 32.723853], [-17.144485, 32.723935], [-17.144539, 32.724188], [-17.144592, 32.724438], [-17.144601, 32.724517], [-17.144604, 32.724584], [-17.144598, 32.724822], [-17.144593, 32.724947], [-17.144558, 32.725154], [-17.144513, 32.725419], [-17.144501, 32.725641], [-17.14447, 32.72585], [-17.144493, 32.725963], [-17.144485, 32.726152], [-17.144476, 32.726412], [-17.144455, 32.726554], [-17.144429, 32.726708], [-17.144418, 32.726728], [-17.144372, 32.726771], [-17.144375, 32.726809], [-17.144366, 32.726849], [-17.144457, 32.727229], [-17.144457, 32.727262], [-17.144463, 32.727505], [-17.144462, 32.727581], [-17.144448, 32.727645], [-17.144405, 32.727694], [-17.144354, 32.72772], [-17.14424, 32.727766], [-17.144129, 32.727836], [-17.143887, 32.728074], [-17.14379, 32.728166], [-17.14368, 32.728223], [-17.143645, 32.728246], [-17.14361, 32.728288], [-17.143585, 32.728331], [-17.143573, 32.728423], [-17.143578, 32.72852], [-17.143564, 32.72857], [-17.143506, 32.728694], [-17.143483, 32.728712], [-17.143458, 32.728722], [-17.143409, 32.728719], [-17.143247, 32.728701], [-17.14303, 32.728706], [-17.142798, 32.728782], [-17.142736, 32.728806], [-17.142673, 32.728819], [-17.142612, 32.728872], [-17.14252, 32.728938], [-17.142446, 32.729033], [-17.142308, 32.729201], [-17.142288, 32.729222], [-17.142285, 32.729247], [-17.1423, 32.72928], [-17.142322, 32.729328], [-17.14233, 32.729396], [-17.142327, 32.729478], [-17.142301, 32.729826], [-17.142297, 32.729845], [-17.142287, 32.729864], [-17.142266, 32.729885], [-17.142237, 32.729899], [-17.142205, 32.729905], [-17.141886, 32.729887], [-17.141851, 32.729899], [-17.141804, 32.729929], [-17.141542, 32.730121], [-17.141547, 32.730135], [-17.141614, 32.730204], [-17.141633, 32.730205], [-17.141953, 32.730136], [-17.14204, 32.73012], [-17.142105, 32.730126], [-17.142162, 32.730142], [-17.142263, 32.730195], [-17.142284, 32.730201], [-17.142425, 32.730199], [-17.142605, 32.730161], [-17.142701, 32.730112], [-17.142779, 32.73009], [-17.142831, 32.730064], [-17.142889, 32.729981], [-17.142995, 32.729859], [-17.143035, 32.729838], [-17.143083, 32.729832], [-17.143162, 32.729858], [-17.143251, 32.729866], [-17.143345, 32.729875], [-17.143374, 32.729881], [-17.14339, 32.729897], [-17.143393, 32.72992], [-17.143389, 32.730081], [-17.143399, 32.730117], [-17.143427, 32.730139], [-17.143542, 32.730166], [-17.144074, 32.730051], [-17.144215, 32.729994], [-17.144472, 32.729855], [-17.14451, 32.729851], [-17.144558, 32.729849], [-17.144624, 32.729919]], [[-17.137512, 32.723927], [-17.137507, 32.72387], [-17.137499, 32.723852], [-17.137466, 32.723804], [-17.13746, 32.723785], [-17.137457, 32.723742], [-17.137449, 32.723703], [-17.137423, 32.723673], [-17.137311, 32.723565], [-17.137266, 32.723514], [-17.137213, 32.723425], [-17.137149, 32.723229], [-17.137095, 32.723069], [-17.137096, 32.722956], [-17.137109, 32.722769], [-17.137112, 32.722606], [-17.137105, 32.722296], [-17.137095, 32.722133], [-17.137118, 32.721966], [-17.137134, 32.721852], [-17.137122, 32.721815], [-17.137126, 32.721801], [-17.137141, 32.721775], [-17.137148, 32.721747], [-17.137124, 32.721694], [-17.137122, 32.721558], [-17.137131, 32.72152], [-17.137155, 32.721477], [-17.137161, 32.72142], [-17.137173, 32.721397], [-17.137182, 32.721319], [-17.137178, 32.721297], [-17.137154, 32.721241], [-17.137136, 32.721111], [-17.137134, 32.721055], [-17.137144, 32.721001], [-17.137123, 32.720846], [-17.137112, 32.7208], [-17.137073, 32.720718], [-17.137065, 32.720691], [-17.137073, 32.720639], [-17.137064, 32.720582], [-17.137048, 32.720509], [-17.137018, 32.720335], [-17.137021, 32.720261], [-17.13706, 32.720167], [-17.1371, 32.720068], [-17.137133, 32.719929], [-17.137157, 32.719773], [-17.137118, 32.719306], [-17.137117, 32.719091], [-17.137135, 32.718894], [-17.137126, 32.718862], [-17.137074, 32.718821], [-17.137054, 32.718795]], [[-17.137082, 32.718726], [-17.13707, 32.718699], [-17.137058, 32.718657], [-17.137033, 32.718616], [-17.136999, 32.718599], [-17.136962, 32.71859], [-17.136892, 32.718595], [-17.136668, 32.718629], [-17.136452, 32.718657], [-17.136268, 32.718735], [-17.136077, 32.718813], [-17.135983, 32.718874], [-17.135731, 32.719105], [-17.135702, 32.71915], [-17.135658, 32.719244], [-17.13562, 32.719374], [-17.13561, 32.719427], [-17.135603, 32.71944], [-17.135591, 32.719445], [-17.135573, 32.719444], [-17.13555, 32.719426], [-17.13552, 32.719423], [-17.135491, 32.719432], [-17.135421, 32.719497], [-17.135267, 32.719702], [-17.135159, 32.719966], [-17.135123, 32.720017], [-17.135076, 32.720067], [-17.135031, 32.720095], [-17.134928, 32.720144], [-17.134896, 32.720163], [-17.134876, 32.720183], [-17.134853, 32.720219], [-17.134821, 32.720287], [-17.13477, 32.720349], [-17.134741, 32.720379], [-17.134435, 32.720632], [-17.134357, 32.720689], [-17.134297, 32.720715], [-17.134191, 32.720743], [-17.134135, 32.720773], [-17.134094, 32.720809], [-17.134005, 32.72095], [-17.133926, 32.721043], [-17.133854, 32.721098], [-17.133717, 32.721162], [-17.133655, 32.721216], [-17.133608, 32.721292], [-17.13356, 32.721352], [-17.133518, 32.721443], [-17.1335, 32.721527], [-17.133444, 32.721713], [-17.133385, 32.722015], [-17.133381, 32.722115]], [[-17.131275, 32.725045], [-17.131341, 32.725107], [-17.131378, 32.725175], [-17.131397, 32.725282], [-17.131401, 32.725374], [-17.131354, 32.725408], [-17.131225, 32.72546], [-17.131204, 32.725527], [-17.131162, 32.725569], [-17.131122, 32.725574], [-17.131101, 32.72556], [-17.13105, 32.725509], [-17.131008, 32.725476], [-17.130975, 32.725432], [-17.130983, 32.725372], [-17.130998, 32.725323], [-17.130968, 32.725294], [-17.130857, 32.725276], [-17.130783, 32.725243], [-17.130581, 32.725218], [-17.130532, 32.725199], [-17.130467, 32.725121], [-17.130424, 32.725067], [-17.130392, 32.725051], [-17.130337, 32.725037], [-17.130286, 32.725034], [-17.130178, 32.725052], [-17.130034, 32.725047], [-17.129938, 32.725036], [-17.129868, 32.725029], [-17.129779, 32.725031], [-17.129699, 32.725034], [-17.129651, 32.725029], [-17.12961, 32.725005], [-17.129547, 32.72499], [-17.129417, 32.724975], [-17.129237, 32.724973], [-17.129147, 32.72498], [-17.129072, 32.725009], [-17.128969, 32.725006], [-17.128904, 32.725007], [-17.128778, 32.724948], [-17.128718, 32.724891], [-17.128634, 32.724844]], [[-17.1188, 32.713746], [-17.118734, 32.713741], [-17.118673, 32.713725]], [[-17.1103, 32.7099], [-17.110332, 32.709901], [-17.11046, 32.709832], [-17.110559, 32.709803], [-17.110897, 32.709705], [-17.110976, 32.709697], [-17.111052, 32.709698], [-17.111102, 32.709708], [-17.111148, 32.709747], [-17.11123, 32.709869], [-17.111356, 32.71001], [-17.111473, 32.7101], [-17.111925, 32.710394], [-17.11195, 32.71043], [-17.111965, 32.71048], [-17.111991, 32.710656], [-17.112038, 32.710734], [-17.112164, 32.710834], [-17.112366, 32.710938], [-17.112496, 32.711027], [-17.112573, 32.711044], [-17.112776, 32.711108], [-17.112901, 32.711298], [-17.11298, 32.711503], [-17.113045, 32.711784], [-17.11307, 32.711851], [-17.11312, 32.711844], [-17.113348, 32.711438], [-17.113449, 32.71107], [-17.113479, 32.71086], [-17.113607, 32.710694], [-17.11378, 32.710609], [-17.113854, 32.710626], [-17.113884, 32.710669], [-17.113951, 32.710648], [-17.113996, 32.710643], [-17.114185, 32.710684], [-17.114226, 32.710721], [-17.114243, 32.710749], [-17.11428, 32.710771], [-17.114416, 32.710748], [-17.114491, 32.710754], [-17.114655, 32.710799], [-17.114949, 32.710919], [-17.115234, 32.711076], [-17.115411, 32.711182], [-17.115419, 32.71121], [-17.115382, 32.711303], [-17.115378, 32.711323], [-17.115423, 32.711341], [-17.115482, 32.711259], [-17.115506, 32.711253], [-17.115623, 32.711302], [-17.115753, 32.711393], [-17.115802, 32.711509], [-17.115839, 32.711652], [-17.115836, 32.711881], [-17.115841, 32.711946], [-17.115882, 32.712112], [-17.115887, 32.712219], [-17.115886, 32.712265], [-17.115881, 32.712298], [-17.115841, 32.712326], [-17.115832, 32.712341], [-17.115859, 32.712357], [-17.115902, 32.712347], [-17.115995, 32.712286], [-17.116074, 32.712262], [-17.116224, 32.712225], [-17.116264, 32.712223], [-17.116281, 32.712183], [-17.116286, 32.712157], [-17.116308, 32.712144], [-17.116414, 32.712059], [-17.116566, 32.711984], [-17.116702, 32.711961], [-17.116846, 32.711979], [-17.117036, 32.712018], [-17.117191, 32.712018], [-17.117335, 32.712097], [-17.117396, 32.712235], [-17.117482, 32.712321], [-17.117492, 32.712331], [-17.117537, 32.71234], [-17.117683, 32.712343], [-17.118009, 32.712545], [-17.118206, 32.712848], [-17.118264, 32.713009], [-17.118275, 32.713167], [-17.118314, 32.713324], [-17.118449, 32.713507]], [[-17.098142, 32.70692], [-17.098239, 32.706919], [-17.098365, 32.706947], [-17.098516, 32.70703], [-17.098605, 32.707055], [-17.098689, 32.707091], [-17.098825, 32.70718], [-17.098858, 32.707222], [-17.098946, 32.707269], [-17.099114, 32.707357], [-17.099212, 32.707387], [-17.099333, 32.707422], [-17.099442, 32.707469], [-17.099554, 32.70753], [-17.099676, 32.707606], [-17.099858, 32.707753], [-17.099996, 32.707887], [-17.100055, 32.707968], [-17.100059, 32.708081], [-17.100033, 32.708244], [-17.099945, 32.708663], [-17.099994, 32.70878], [-17.100018, 32.708832], [-17.100079, 32.709145], [-17.100262, 32.709917], [-17.100323, 32.710093], [-17.100359, 32.710178], [-17.100388, 32.710242], [-17.100406, 32.710316], [-17.100402, 32.710384], [-17.100314, 32.71053], [-17.100271, 32.710564], [-17.100205, 32.710597], [-17.100162, 32.710665], [-17.100164, 32.710713], [-17.100198, 32.710752], [-17.100261, 32.710782], [-17.100307, 32.710795], [-17.10038, 32.710826], [-17.10041, 32.710847], [-17.100489, 32.710932], [-17.100594, 32.71109], [-17.100665, 32.711224], [-17.100668, 32.711267], [-17.100645, 32.71139], [-17.100619, 32.711447], [-17.100702, 32.711481], [-17.100747, 32.71143], [-17.100778, 32.711396], [-17.100829, 32.71137], [-17.100873, 32.711325], [-17.100898, 32.711275], [-17.100921, 32.711206], [-17.100917, 32.711151], [-17.100906, 32.711104], [-17.100866, 32.710958], [-17.100829, 32.710829], [-17.100845, 32.710735], [-17.100873, 32.710681], [-17.101008, 32.71051], [-17.101055, 32.710411], [-17.101117, 32.7103], [-17.101142, 32.710225], [-17.101151, 32.710106], [-17.101164, 32.709871], [-17.101198, 32.709795], [-17.101269, 32.709717], [-17.101433, 32.709607], [-17.101564, 32.709471], [-17.101624, 32.709391], [-17.101694, 32.709237], [-17.101738, 32.709069], [-17.101764, 32.708934], [-17.101778, 32.708798], [-17.101791, 32.708629], [-17.10181, 32.708554], [-17.101859, 32.70846], [-17.101935, 32.708312], [-17.101997, 32.708198], [-17.102025, 32.708183], [-17.102174, 32.708177], [-17.102262, 32.7082], [-17.102417, 32.70825], [-17.102435, 32.708273], [-17.102467, 32.708352], [-17.102485, 32.70835], [-17.102506, 32.708348], [-17.102513, 32.708276], [-17.102552, 32.708234], [-17.102628, 32.708213], [-17.102842, 32.708196], [-17.102893, 32.708209], [-17.103092, 32.708356], [-17.103172, 32.708421], [-17.103302, 32.708548], [-17.103308, 32.708615], [-17.103303, 32.708675], [-17.103399, 32.708737], [-17.103457, 32.708919], [-17.103556, 32.709331], [-17.10364, 32.709954], [-17.103691, 32.710429], [-17.10383, 32.71098], [-17.103925, 32.71132], [-17.104015, 32.711471], [-17.104162, 32.711662], [-17.104312, 32.711795], [-17.104435, 32.711933], [-17.104561, 32.712145], [-17.104773, 32.712475], [-17.105028, 32.712716], [-17.105059, 32.712797], [-17.105041, 32.712918], [-17.104976, 32.712981], [-17.104852, 32.713041], [-17.10483, 32.713065], [-17.104864, 32.713127], [-17.10497, 32.71317], [-17.104977, 32.713237], [-17.104964, 32.713292], [-17.104914, 32.713382], [-17.104892, 32.713768], [-17.104913, 32.713956], [-17.104957, 32.714147], [-17.105057, 32.714354], [-17.105395, 32.714725], [-17.105471, 32.714762], [-17.105621, 32.714796], [-17.105772, 32.714841], [-17.105892, 32.714917], [-17.105961, 32.715034], [-17.106055, 32.715216], [-17.106067, 32.715411], [-17.106102, 32.715679], [-17.106146, 32.715949], [-17.106132, 32.716006], [-17.10611, 32.716053], [-17.10601, 32.716172], [-17.106015, 32.716222], [-17.106063, 32.71626], [-17.106174, 32.716237], [-17.106277, 32.716169], [-17.106301, 32.71611], [-17.106304, 32.716068], [-17.106319, 32.716025], [-17.106361, 32.715947], [-17.106411, 32.715809], [-17.106383, 32.715623], [-17.106566, 32.715227], [-17.106525, 32.714734], [-17.106377, 32.714463], [-17.106315, 32.714393], [-17.106136, 32.714231], [-17.106094, 32.714142], [-17.106111, 32.714069], [-17.106195, 32.713872], [-17.106333, 32.713721], [-17.106472, 32.713634], [-17.106618, 32.713447], [-17.106733, 32.713336], [-17.10688, 32.713177], [-17.107039, 32.713056], [-17.107088, 32.713003], [-17.107101, 32.712936], [-17.107076, 32.712837], [-17.107061, 32.712677], [-17.107081, 32.712475], [-17.107145, 32.712284], [-17.107136, 32.712174], [-17.107085, 32.712113], [-17.107069, 32.712062], [-17.107081, 32.711962], [-17.107091, 32.711859], [-17.10706, 32.71173], [-17.107027, 32.7115], [-17.107048, 32.711357], [-17.10716, 32.711169], [-17.107257, 32.711019], [-17.107349, 32.710925], [-17.107844, 32.710592], [-17.108096, 32.710504], [-17.10818, 32.710516], [-17.108244, 32.710479], [-17.108285, 32.710465], [-17.108303, 32.710436], [-17.108555, 32.710253], [-17.108615, 32.710164], [-17.108667, 32.710107], [-17.10876, 32.710028], [-17.108803, 32.710008], [-17.108879, 32.710024], [-17.108917, 32.710024], [-17.108956, 32.709998], [-17.109046, 32.709977], [-17.10911, 32.709963], [-17.109216, 32.709955], [-17.109375, 32.709961], [-17.109437, 32.70997], [-17.109508, 32.710016], [-17.10953, 32.710016], [-17.109556, 32.710006], [-17.109645, 32.709959], [-17.109726, 32.709936], [-17.109883, 32.70991], [-17.110025, 32.709894], [-17.110141, 32.709906], [-17.110211, 32.709913], [-17.110281, 32.709913]], [[-17.095372, 32.707218], [-17.095386, 32.707253], [-17.095148, 32.707353], [-17.095032, 32.70739], [-17.094627, 32.707447], [-17.094253, 32.707489], [-17.094082, 32.707528], [-17.09372, 32.70768], [-17.093697, 32.707702], [-17.093695, 32.707716], [-17.093714, 32.70777], [-17.093744, 32.707824], [-17.093744, 32.70786], [-17.093721, 32.707893], [-17.093713, 32.707911], [-17.093704, 32.707984], [-17.093707, 32.70807], [-17.093671, 32.708085], [-17.093462, 32.708139], [-17.093187, 32.708225], [-17.09297, 32.708255], [-17.092882, 32.708316], [-17.092415, 32.708929], [-17.092208, 32.709082], [-17.092062, 32.709193], [-17.091971, 32.709456], [-17.091725, 32.709663], [-17.091542, 32.709872], [-17.091321, 32.710146], [-17.090995, 32.71042], [-17.090793, 32.71067], [-17.090571, 32.710944], [-17.090368, 32.711317], [-17.090223, 32.711531], [-17.090291, 32.711703], [-17.090619, 32.711825], [-17.090993, 32.712216], [-17.091018, 32.712383], [-17.090941, 32.712426], [-17.090914, 32.712673], [-17.09098, 32.712903], [-17.091, 32.713059], [-17.091118, 32.713232], [-17.091193, 32.713371], [-17.091248, 32.713459], [-17.091299, 32.713588], [-17.091232, 32.713698], [-17.091103, 32.713819], [-17.091029, 32.713984], [-17.091026, 32.714157], [-17.090875, 32.714375], [-17.090837, 32.714565], [-17.0908, 32.714711], [-17.090907, 32.714766], [-17.091078, 32.714827], [-17.091196, 32.714896], [-17.091212, 32.715015], [-17.090899, 32.71528], [-17.090426, 32.715459], [-17.090287, 32.715528], [-17.090188, 32.715609], [-17.090239, 32.715763], [-17.090254, 32.715842], [-17.090288, 32.715932], [-17.090253, 32.715996], [-17.09011, 32.716095], [-17.089867, 32.71621], [-17.08974, 32.716327], [-17.089685, 32.716422], [-17.089694, 32.716493], [-17.089718, 32.716605], [-17.08977, 32.716729], [-17.089773, 32.716803], [-17.089614, 32.716951], [-17.089426, 32.717016], [-17.089281, 32.717101], [-17.089113, 32.717232], [-17.089011, 32.717414], [-17.08887, 32.717581], [-17.08878, 32.717748], [-17.088712, 32.717812], [-17.088675, 32.71781], [-17.08851, 32.717767], [-17.088452, 32.71781], [-17.088368, 32.717915], [-17.088273, 32.71796], [-17.088165, 32.717972], [-17.088047, 32.717979], [-17.087952, 32.717902], [-17.087701, 32.718035], [-17.087591, 32.718034], [-17.087448, 32.71796], [-17.08728, 32.717855], [-17.087163, 32.717846], [-17.0871, 32.717983], [-17.087023, 32.718275], [-17.086966, 32.718435], [-17.086891, 32.71862], [-17.086834, 32.718747], [-17.086384, 32.718943], [-17.08614, 32.71898], [-17.086118, 32.719111], [-17.086094, 32.71917], [-17.086124, 32.719266], [-17.08614, 32.719296], [-17.086076, 32.719583], [-17.086113, 32.719683], [-17.086201, 32.719742], [-17.086249, 32.719863], [-17.086243, 32.720032], [-17.086188, 32.720237], [-17.08612, 32.720519], [-17.086139, 32.720601], [-17.086239, 32.720733], [-17.086355, 32.720825], [-17.08651, 32.720916], [-17.086607, 32.720961], [-17.086689, 32.721006], [-17.086722, 32.721053], [-17.086739, 32.721075], [-17.08674, 32.721078], [-17.086775, 32.721166]], [[-17.086582, 32.69182], [-17.086687, 32.691776], [-17.08669, 32.691741], [-17.0867, 32.69172], [-17.086738, 32.691686], [-17.086771, 32.691665], [-17.086801, 32.691649], [-17.086904, 32.691618], [-17.087027, 32.691574], [-17.08705, 32.691575], [-17.087071, 32.691588], [-17.087148, 32.691647], [-17.087182, 32.691672], [-17.08723, 32.691721], [-17.087253, 32.691747], [-17.087357, 32.691859], [-17.087394, 32.691905], [-17.087408, 32.69193], [-17.087414, 32.691948], [-17.08742, 32.691979], [-17.087427, 32.692028], [-17.087434, 32.692054], [-17.087446, 32.692075], [-17.087485, 32.692127], [-17.087535, 32.692228], [-17.087543, 32.692257], [-17.087548, 32.692278], [-17.087546, 32.692298], [-17.087529, 32.692342], [-17.087513, 32.692373], [-17.087505, 32.692393], [-17.087504, 32.692405], [-17.087505, 32.692486], [-17.087504, 32.69258], [-17.087486, 32.692933], [-17.087463, 32.693275], [-17.087421, 32.693446], [-17.087393, 32.6935], [-17.087384, 32.693537], [-17.087371, 32.69359], [-17.087373, 32.693645], [-17.087379, 32.693679], [-17.087419, 32.693849], [-17.087444, 32.694017], [-17.087461, 32.694077], [-17.087491, 32.694132], [-17.087496, 32.69414], [-17.087579, 32.694223], [-17.087622, 32.69422]], [[-17.085546, 32.692456], [-17.085528, 32.69238], [-17.085466, 32.692372], [-17.08539, 32.692375], [-17.085198, 32.692462], [-17.085088, 32.692553], [-17.084986, 32.692666], [-17.084892, 32.692747], [-17.084834, 32.692792], [-17.084747, 32.692841], [-17.084706, 32.692859], [-17.084677, 32.692868], [-17.084652, 32.692867], [-17.084641, 32.692858], [-17.084631, 32.692839], [-17.08463, 32.69282], [-17.084629, 32.69276], [-17.084618, 32.692714], [-17.084581, 32.692628], [-17.084543, 32.692555], [-17.084496, 32.692474], [-17.084484, 32.692423], [-17.084465, 32.692352], [-17.084456, 32.692313], [-17.084455, 32.692271], [-17.084481, 32.692153], [-17.08451, 32.692033], [-17.084536, 32.691944], [-17.084558, 32.691894], [-17.084575, 32.691843], [-17.0846, 32.691749], [-17.084615, 32.691714], [-17.08462, 32.69165], [-17.084606, 32.69157], [-17.084579, 32.691494], [-17.08456, 32.69145], [-17.084532, 32.691397], [-17.084516, 32.691364], [-17.084499, 32.691346], [-17.084484, 32.691341], [-17.084426, 32.691357], [-17.08439, 32.691372], [-17.084359, 32.691408], [-17.08429, 32.691534], [-17.084224, 32.691618], [-17.084234, 32.691652], [-17.084243, 32.69168], [-17.084237, 32.691697], [-17.084166, 32.691755], [-17.084029, 32.691848], [-17.083956, 32.691908], [-17.083936, 32.691959], [-17.083922, 32.692009], [-17.083862, 32.692165], [-17.083823, 32.692241], [-17.083763, 32.692341], [-17.0837, 32.692483], [-17.083672, 32.692528], [-17.083615, 32.692594], [-17.083546, 32.69281], [-17.083525, 32.692857], [-17.083411, 32.693007], [-17.083299, 32.693117], [-17.083213, 32.693185], [-17.083114, 32.693251], [-17.083033, 32.693301], [-17.083003, 32.693325], [-17.082975, 32.693341], [-17.082938, 32.693385], [-17.082936, 32.693409], [-17.082871, 32.693485], [-17.082809, 32.693577], [-17.082743, 32.693655], [-17.082667, 32.693725], [-17.082565, 32.693809], [-17.082423, 32.693919], [-17.082303, 32.694032], [-17.082136, 32.694105], [-17.082111, 32.694128], [-17.082081, 32.694147], [-17.082009, 32.69417], [-17.081926, 32.694186], [-17.081748, 32.694203], [-17.081609, 32.6942], [-17.081487, 32.6942], [-17.081423, 32.694208], [-17.081336, 32.694245], [-17.081273, 32.694278], [-17.081209, 32.694326], [-17.081164, 32.694378], [-17.081136, 32.694413], [-17.081104, 32.694437], [-17.081068, 32.694456], [-17.081004, 32.694471], [-17.080954, 32.694491], [-17.080855, 32.694542], [-17.080786, 32.694568], [-17.080756, 32.694597], [-17.080727, 32.694657], [-17.080707, 32.694729], [-17.080663, 32.694799], [-17.080588, 32.694886], [-17.080529, 32.694922], [-17.080365, 32.694999], [-17.080252, 32.695108], [-17.080203, 32.695181], [-17.080174, 32.695259], [-17.080049, 32.695481], [-17.080041, 32.69549], [-17.079965, 32.695534], [-17.079954, 32.695554], [-17.079945, 32.695572], [-17.07993, 32.695594], [-17.079917, 32.695617], [-17.079896, 32.695637], [-17.079885, 32.695643], [-17.079847, 32.695656], [-17.07974, 32.695573]], [[-17.083997, 32.716672], [-17.084084, 32.717089], [-17.083933, 32.717323], [-17.083934, 32.717657], [-17.083763, 32.717798], [-17.083733, 32.717822], [-17.083683, 32.718203], [-17.083689, 32.718354], [-17.083595, 32.718584], [-17.083638, 32.718805], [-17.083638, 32.718818], [-17.083635, 32.719158], [-17.08358, 32.719365], [-17.083553, 32.719606], [-17.083576, 32.719764], [-17.083649, 32.719942], [-17.083603, 32.720014]], [[-16.818606, 32.715543], [-16.818539, 32.715599], [-16.818379, 32.715391], [-16.818237, 32.715094], [-16.818216, 32.714821], [-16.818319, 32.714578], [-16.818228, 32.714307], [-16.818147, 32.714181], [-16.818164, 32.714142], [-16.818197, 32.714021], [-16.817906, 32.713986], [-16.817569, 32.714004], [-16.817349, 32.713969], [-16.817248, 32.713858], [-16.81681, 32.713564], [-16.81676, 32.713456], [-16.816796, 32.713316], [-16.816781, 32.713258], [-16.816685, 32.71318], [-16.816614, 32.712906], [-16.816576, 32.712878], [-16.816421, 32.712872], [-16.816181, 32.712736], [-16.81599, 32.712638], [-16.815727, 32.712468], [-16.815668, 32.712342], [-16.815651, 32.712116], [-16.815617, 32.711975], [-16.815522, 32.71182], [-16.8154, 32.711624], [-16.814898, 32.711386], [-16.814728, 32.711244], [-16.814539, 32.710993], [-16.814445, 32.710802], [-16.814362, 32.710583], [-16.814279, 32.710498], [-16.81418, 32.710474], [-16.813971, 32.710431], [-16.813636, 32.710126], [-16.813424, 32.709884], [-16.813264, 32.709652], [-16.813153, 32.709464], [-16.813209, 32.709163], [-16.813217, 32.709086], [-16.813164, 32.709005], [-16.813159, 32.708881], [-16.813222, 32.708693], [-16.813215, 32.708574], [-16.812893, 32.707934], [-16.812877, 32.707535], [-16.812948, 32.707273], [-16.812932, 32.707168], [-16.812687, 32.706972], [-16.812555, 32.706805], [-16.812506, 32.706607], [-16.812232, 32.706075], [-16.811936, 32.705824], [-16.811874, 32.705688], [-16.811737, 32.705532], [-16.811366, 32.705512], [-16.811239, 32.705443], [-16.811065, 32.705366], [-16.810691, 32.705138], [-16.810384, 32.704899], [-16.810233, 32.704733], [-16.81011, 32.704514], [-16.81013, 32.704389], [-16.809871, 32.704125], [-16.809736, 32.704147], [-16.809421, 32.704163], [-16.809199, 32.704161], [-16.809059, 32.704112], [-16.808945, 32.70403], [-16.808784, 32.703869], [-16.808483, 32.7037], [-16.808277, 32.703614], [-16.80809, 32.703539], [-16.808087, 32.703537], [-16.807914, 32.703453], [-16.807745, 32.703411], [-16.807534, 32.703284], [-16.807351, 32.703094], [-16.807153, 32.702952], [-16.806817, 32.702871], [-16.806556, 32.70292], [-16.806439, 32.70292], [-16.806135, 32.702829], [-16.805992, 32.702779], [-16.805793, 32.70274], [-16.805687, 32.702738], [-16.805637, 32.702769], [-16.805561, 32.702887], [-16.805548, 32.702934], [-16.80553, 32.702953], [-16.805464, 32.703008], [-16.805298, 32.703172], [-16.804995, 32.703393], [-16.804875, 32.703501], [-16.804811, 32.703617], [-16.804805, 32.70373], [-16.804908, 32.704151], [-16.804977, 32.704567], [-16.805341, 32.705019], [-16.80523, 32.70513], [-16.805143, 32.70528], [-16.804985, 32.705319], [-16.804768, 32.705317], [-16.804165, 32.705164], [-16.804076, 32.705163], [-16.803983, 32.705183], [-16.803955, 32.705203], [-16.803924, 32.705226], [-16.803757, 32.705274], [-16.803606, 32.705478], [-16.80349, 32.705761], [-16.803392, 32.706015], [-16.803489, 32.706262], [-16.803828, 32.706442], [-16.804324, 32.706499], [-16.804738, 32.706685], [-16.805013, 32.70686], [-16.805273, 32.707067], [-16.805243, 32.707104], [-16.804795, 32.707029], [-16.80454, 32.707016], [-16.804236, 32.70712], [-16.804007, 32.707183], [-16.803605, 32.707465], [-16.803274, 32.707561], [-16.803139, 32.707753], [-16.803148, 32.707911], [-16.803177, 32.708059], [-16.803527, 32.708395], [-16.803682, 32.708601], [-16.804252, 32.708985], [-16.804528, 32.709252], [-16.804791, 32.709359], [-16.804857, 32.709456], [-16.8048, 32.709653], [-16.80461, 32.709722], [-16.80442, 32.709647], [-16.804129, 32.709552], [-16.803773, 32.709556], [-16.803178, 32.709465], [-16.802566, 32.709318], [-16.802244, 32.709229], [-16.802079, 32.709278], [-16.801943, 32.709613], [-16.801964, 32.710078], [-16.802043, 32.71034], [-16.802263, 32.71063], [-16.80303, 32.711179], [-16.803046, 32.711264], [-16.802963, 32.711412], [-16.802859, 32.711516], [-16.802838, 32.711557], [-16.80294, 32.712184], [-16.803036, 32.712414], [-16.803148, 32.712686], [-16.803104, 32.712722], [-16.803005, 32.712649], [-16.802548, 32.712281], [-16.802355, 32.71218], [-16.802085, 32.711835], [-16.801856, 32.711653], [-16.800779, 32.71123], [-16.800538, 32.711148], [-16.80041, 32.711205], [-16.800332, 32.711582], [-16.800293, 32.711849], [-16.800206, 32.711865], [-16.800002, 32.711598], [-16.799614, 32.711239], [-16.799507, 32.710626], [-16.799555, 32.709882], [-16.799504, 32.709754], [-16.7994, 32.70967], [-16.799231, 32.70962], [-16.79907, 32.709645], [-16.798749, 32.709809], [-16.798293, 32.710135], [-16.798167, 32.710135], [-16.798011, 32.710021], [-16.79771, 32.709988], [-16.797399, 32.710062], [-16.797127, 32.709956], [-16.797137, 32.709743], [-16.797341, 32.709155], [-16.797448, 32.708934], [-16.79741, 32.708703], [-16.797345, 32.7085], [-16.797289, 32.708366], [-16.79722, 32.708287], [-16.797121, 32.708209], [-16.797003, 32.708172], [-16.796824, 32.708173], [-16.796701, 32.708193], [-16.796589, 32.708234], [-16.796338, 32.708376], [-16.796217, 32.708503], [-16.795969, 32.708677], [-16.795843, 32.708689], [-16.794718, 32.708515], [-16.794491, 32.708499], [-16.794433, 32.708465], [-16.794119, 32.708441], [-16.793547, 32.708443], [-16.793386, 32.708429], [-16.793256, 32.708406], [-16.793073, 32.708363], [-16.792919, 32.708424], [-16.792798, 32.70847], [-16.792652, 32.708601], [-16.792566, 32.708764], [-16.792562, 32.708948], [-16.792626, 32.709158], [-16.792787, 32.709661], [-16.792829, 32.709832], [-16.792934, 32.710284], [-16.79295, 32.710518], [-16.792926, 32.710589], [-16.792816, 32.710731], [-16.792733, 32.710791], [-16.79269, 32.710872], [-16.792715, 32.711014], [-16.792761, 32.71113], [-16.792876, 32.711193], [-16.793122, 32.711312], [-16.793228, 32.711618], [-16.793782, 32.71228], [-16.793984, 32.7125], [-16.794274, 32.712766], [-16.79428, 32.712815], [-16.794228, 32.712849], [-16.794148, 32.712852], [-16.793859, 32.712747], [-16.793683, 32.712665], [-16.793338, 32.712473], [-16.793065, 32.712356], [-16.792955, 32.712329], [-16.792859, 32.712279], [-16.792559, 32.71201], [-16.792488, 32.711976], [-16.792386, 32.711955], [-16.792249, 32.711957], [-16.791917, 32.712003], [-16.791715, 32.711992], [-16.79159, 32.712006], [-16.791447, 32.71208], [-16.79135, 32.712174], [-16.791283, 32.712265], [-16.791188, 32.712445], [-16.791125, 32.712671], [-16.791116, 32.712777], [-16.79115, 32.713115], [-16.791205, 32.713208], [-16.791541, 32.713541], [-16.79157, 32.713605], [-16.791532, 32.713826], [-16.791544, 32.713896], [-16.791701, 32.714246], [-16.791748, 32.714456], [-16.791719, 32.714584], [-16.791616, 32.714806], [-16.791615, 32.714848], [-16.791659, 32.714965], [-16.79186, 32.715224], [-16.791973, 32.715314], [-16.792503, 32.715651], [-16.792757, 32.715777], [-16.792819, 32.715854], [-16.7928, 32.715915], [-16.792632, 32.716026], [-16.792592, 32.716092], [-16.79259, 32.716135], [-16.792624, 32.716214], [-16.792712, 32.716351], [-16.792711, 32.716404], [-16.792667, 32.716425], [-16.792598, 32.716421], [-16.79238, 32.716355], [-16.792117, 32.7163], [-16.791871, 32.716312], [-16.791779, 32.716299], [-16.791456, 32.716207], [-16.791343, 32.716158], [-16.791057, 32.715883], [-16.790653, 32.715609], [-16.790248, 32.715141], [-16.790159, 32.714969], [-16.790049, 32.714644], [-16.789971, 32.714529], [-16.789762, 32.714378], [-16.789673, 32.714361], [-16.78959, 32.714388], [-16.789553, 32.714427], [-16.789535, 32.714493], [-16.789585, 32.714919], [-16.789578, 32.714989], [-16.789538, 32.715058], [-16.789475, 32.715105], [-16.789409, 32.715129], [-16.789071, 32.715118], [-16.789006, 32.715156], [-16.788998, 32.7152], [-16.789034, 32.715289], [-16.789145, 32.715421], [-16.789174, 32.715478], [-16.789164, 32.715539], [-16.789098, 32.715579], [-16.789017, 32.715588], [-16.788378, 32.71559], [-16.788365, 32.715585], [-16.788236, 32.715553], [-16.787969, 32.715443], [-16.78788, 32.715441], [-16.787694, 32.715501]]]}}, {"type": "Feature", "properties": {"name": "Levada do Caniçal", "length_km": 15.55, "hasTunnel": true}, "geometry": {"type": "MultiLineString", "coordinates": [[[-16.804074, 32.735032], [-16.803979, 32.73508], [-16.80367, 32.73515], [-16.803557, 32.735187], [-16.803344, 32.735265], [-16.803313, 32.735281], [-16.803165, 32.735378], [-16.803023, 32.735468], [-16.802946, 32.735593]], [[-16.802778, 32.735912], [-16.802767, 32.735932], [-16.802607, 32.736172], [-16.802562, 32.736224], [-16.802497, 32.736265], [-16.802433, 32.736334], [-16.802389, 32.736371], [-16.802341, 32.736408], [-16.802328, 32.736437], [-16.802295, 32.736538], [-16.802274, 32.736568], [-16.802266, 32.736574], [-16.80221, 32.736621], [-16.802161, 32.736712], [-16.802142, 32.736731], [-16.801961, 32.736845], [-16.801931, 32.736873], [-16.801885, 32.73694], [-16.801863, 32.736954], [-16.801821, 32.736954], [-16.801751, 32.736949], [-16.8017, 32.73695], [-16.801656, 32.736961], [-16.801635, 32.736972], [-16.801602, 32.736996], [-16.801584, 32.73702], [-16.801562, 32.737078], [-16.801551, 32.737119], [-16.801548, 32.737227], [-16.801544, 32.737249], [-16.801535, 32.737263], [-16.801529, 32.73727]], [[-16.801485, 32.737281], [-16.801447, 32.737267], [-16.801389, 32.737191], [-16.801343, 32.737141], [-16.801248, 32.737066], [-16.801215, 32.73704], [-16.801194, 32.737017], [-16.801167, 32.736977], [-16.801145, 32.736958], [-16.801124, 32.736941], [-16.801101, 32.73693], [-16.801006, 32.736923], [-16.800922, 32.736917], [-16.800914, 32.736914], [-16.800902, 32.736905], [-16.800878, 32.73688], [-16.800838, 32.736859], [-16.800785, 32.736832], [-16.800712, 32.736815], [-16.800672, 32.736807], [-16.800535, 32.736758], [-16.800435, 32.736696], [-16.800422, 32.736682], [-16.80038, 32.736665], [-16.800306, 32.736668], [-16.800286, 32.736725], [-16.800217, 32.736876], [-16.800134, 32.737005], [-16.800085, 32.737103], [-16.800053, 32.737184], [-16.800045, 32.737376], [-16.800036, 32.737429], [-16.799937, 32.737527], [-16.799884, 32.73759], [-16.799842, 32.737654], [-16.799793, 32.737756], [-16.799762, 32.737823]], [[-16.799674, 32.737917], [-16.799632, 32.737913], [-16.799513, 32.738114], [-16.799464, 32.738166], [-16.79944, 32.738206], [-16.799416, 32.738257], [-16.799384, 32.738377], [-16.799377, 32.73842], [-16.799379, 32.738458], [-16.799385, 32.738512], [-16.799431, 32.738734], [-16.79947, 32.738876], [-16.799503, 32.73896], [-16.799561, 32.73905], [-16.799567, 32.739067], [-16.799569, 32.739155], [-16.799576, 32.739238], [-16.799588, 32.739275], [-16.799668, 32.739438], [-16.799819, 32.739632], [-16.799969, 32.739837], [-16.800014, 32.739907], [-16.800042, 32.740026], [-16.800045, 32.740061], [-16.800041, 32.740095], [-16.800029, 32.74013], [-16.80001, 32.740164], [-16.799971, 32.740214], [-16.799878, 32.740292], [-16.799758, 32.740389], [-16.799601, 32.740511], [-16.799495, 32.740605], [-16.799404, 32.740715], [-16.799391, 32.740739], [-16.799388, 32.740755], [-16.799387, 32.740775], [-16.799389, 32.740789], [-16.799391, 32.740808], [-16.799413, 32.74091], [-16.79944, 32.74098], [-16.799486, 32.74109], [-16.799515, 32.741129], [-16.799555, 32.741176], [-16.79974, 32.741353], [-16.799768, 32.741387], [-16.799788, 32.741421], [-16.799802, 32.741482], [-16.799821, 32.741606], [-16.79984, 32.741704], [-16.799862, 32.741762], [-16.799881, 32.741793], [-16.799901, 32.741815], [-16.799923, 32.74183], [-16.799964, 32.741835], [-16.799985, 32.741832], [-16.800021, 32.74182], [-16.800297, 32.741618], [-16.800484, 32.741549], [-16.800555, 32.741547], [-16.800602, 32.741556], [-16.800632, 32.741572], [-16.800657, 32.741594], [-16.800674, 32.741621], [-16.800682, 32.741647], [-16.800683, 32.741674], [-16.800676, 32.741699], [-16.800651, 32.741725], [-16.800511, 32.741814], [-16.800369, 32.741888], [-16.80023, 32.741989], [-16.800026, 32.742138], [-16.799884, 32.742246], [-16.799868, 32.742255], [-16.799851, 32.742261], [-16.799825, 32.742265], [-16.799799, 32.742265], [-16.799763, 32.742261], [-16.799732, 32.742251], [-16.799676, 32.742229], [-16.799637, 32.742203], [-16.799573, 32.742146], [-16.799524, 32.742088], [-16.799495, 32.742046], [-16.799411, 32.741869]], [[-16.797756, 32.738679], [-16.797743, 32.738668], [-16.797727, 32.738662], [-16.797708, 32.738661], [-16.797691, 32.738666], [-16.797629, 32.738724], [-16.797535, 32.738841], [-16.797426, 32.739029], [-16.79736, 32.739167], [-16.797342, 32.739217], [-16.797327, 32.739234], [-16.797307, 32.73925], [-16.797288, 32.739266], [-16.797169, 32.739395], [-16.797152, 32.739427], [-16.797127, 32.739473], [-16.79709, 32.739532], [-16.796993, 32.739777], [-16.796974, 32.739794], [-16.796954, 32.739799], [-16.79693, 32.739795], [-16.796896, 32.73978], [-16.796884, 32.739761], [-16.796876, 32.739738], [-16.796883, 32.739715], [-16.796902, 32.739644], [-16.796911, 32.739613], [-16.79691, 32.739551], [-16.796898, 32.739396], [-16.796877, 32.739227], [-16.796864, 32.739164], [-16.796839, 32.739111], [-16.796714, 32.738827], [-16.796669, 32.738726], [-16.796645, 32.738698], [-16.796627, 32.738684], [-16.796592, 32.738666], [-16.796581, 32.738663], [-16.796562, 32.738657], [-16.796402, 32.73861], [-16.796066, 32.738498], [-16.79606, 32.738493], [-16.796056, 32.738488], [-16.796055, 32.738478], [-16.79606, 32.738467], [-16.796104, 32.738421], [-16.796115, 32.738407], [-16.796123, 32.738392], [-16.796129, 32.738375], [-16.79613, 32.738358], [-16.796151, 32.738139], [-16.79615, 32.738084], [-16.796146, 32.738036], [-16.796125, 32.737966], [-16.796109, 32.737935], [-16.796084, 32.737901], [-16.79605, 32.737864], [-16.795964, 32.737783], [-16.79595, 32.737765], [-16.79587, 32.737655], [-16.795856, 32.737635], [-16.795731, 32.737479], [-16.795671, 32.737421], [-16.795591, 32.737371], [-16.795539, 32.737365], [-16.795097, 32.737385], [-16.794812, 32.737385], [-16.794507, 32.737316], [-16.794035, 32.737174], [-16.793922, 32.737151], [-16.793712, 32.737087], [-16.793488, 32.736992], [-16.793389, 32.736998], [-16.793335, 32.737028], [-16.793014, 32.737324], [-16.792804, 32.737524], [-16.792729, 32.737561], [-16.792535, 32.737652], [-16.792393, 32.737732], [-16.792185, 32.737829], [-16.792131, 32.737867], [-16.792022, 32.737974], [-16.791982, 32.738004], [-16.791928, 32.73802], [-16.791862, 32.738031], [-16.791816, 32.738035], [-16.791762, 32.738028], [-16.791718, 32.738008], [-16.791607, 32.737927], [-16.791575, 32.737913], [-16.791549, 32.737913], [-16.791528, 32.737913], [-16.791475, 32.737911], [-16.791392, 32.737929], [-16.791323, 32.73797], [-16.791294, 32.73801], [-16.791295, 32.738021], [-16.791294, 32.738037], [-16.791321, 32.738136], [-16.791399, 32.738229], [-16.791444, 32.738288], [-16.791469, 32.738367], [-16.791469, 32.738427], [-16.791456, 32.738489], [-16.791446, 32.738585], [-16.791452, 32.738662], [-16.791527, 32.739119], [-16.791548, 32.739171], [-16.791583, 32.739215], [-16.79167, 32.739322], [-16.791679, 32.739338], [-16.791693, 32.739419], [-16.791689, 32.739495], [-16.791683, 32.739508], [-16.791666, 32.739523], [-16.791483, 32.739606], [-16.791308, 32.739648], [-16.791192, 32.739669], [-16.791165, 32.739676], [-16.79114, 32.73969], [-16.791121, 32.739706], [-16.791106, 32.739725], [-16.791097, 32.739746], [-16.791093, 32.739782], [-16.791108, 32.739826], [-16.791151, 32.739885], [-16.79118, 32.739974], [-16.791287, 32.740304], [-16.791337, 32.740432], [-16.791335, 32.740503], [-16.791328, 32.740573], [-16.791306, 32.740585], [-16.791252, 32.740601], [-16.791219, 32.740618], [-16.791143, 32.740681], [-16.791128, 32.740707], [-16.791122, 32.740735], [-16.791106, 32.740846], [-16.791101, 32.740873], [-16.791089, 32.740904], [-16.79103, 32.740986], [-16.790937, 32.741055], [-16.790831, 32.741123], [-16.790811, 32.741132]], [[-16.79077, 32.741124], [-16.790762, 32.741108], [-16.790765, 32.741045], [-16.790807, 32.740929], [-16.790811, 32.740911], [-16.790807, 32.740896], [-16.790772, 32.740816], [-16.790763, 32.740796], [-16.790732, 32.740703], [-16.790724, 32.740689], [-16.7907, 32.740651], [-16.790668, 32.740611], [-16.790568, 32.740505], [-16.790478, 32.740427], [-16.790382, 32.740346], [-16.790371, 32.740334], [-16.790362, 32.740319], [-16.790353, 32.7403], [-16.790319, 32.7402], [-16.790294, 32.740131], [-16.790279, 32.740091], [-16.790266, 32.740063], [-16.790231, 32.740012], [-16.790209, 32.739986], [-16.790182, 32.739949], [-16.790175, 32.739935], [-16.790169, 32.73992], [-16.790125, 32.739822], [-16.790108, 32.739779], [-16.790076, 32.739688], [-16.790066, 32.73967], [-16.790052, 32.739643], [-16.790049, 32.739634], [-16.790037, 32.739578], [-16.790031, 32.739559], [-16.790012, 32.739508], [-16.789973, 32.739416], [-16.789967, 32.739395], [-16.789959, 32.73925], [-16.789948, 32.739162], [-16.789947, 32.739139], [-16.78996, 32.739085], [-16.789967, 32.739072], [-16.789996, 32.739028], [-16.790001, 32.739014], [-16.790003, 32.739001], [-16.790009, 32.738945], [-16.790012, 32.738922], [-16.790018, 32.738897], [-16.790029, 32.738864], [-16.790032, 32.738844], [-16.790028, 32.738821], [-16.790023, 32.738804], [-16.790004, 32.738775], [-16.789962, 32.738729], [-16.789913, 32.738692], [-16.789838, 32.738644], [-16.789726, 32.738579], [-16.789689, 32.738557], [-16.789597, 32.738492], [-16.789505, 32.738431], [-16.789463, 32.738418], [-16.789439, 32.738415], [-16.789406, 32.738419], [-16.789383, 32.738425], [-16.78936, 32.738434], [-16.789339, 32.738459], [-16.789331, 32.738479], [-16.789326, 32.73852], [-16.789393, 32.738728], [-16.789402, 32.738795], [-16.789397, 32.738845], [-16.789381, 32.738917], [-16.789285, 32.739159], [-16.789277, 32.739166], [-16.789265, 32.739169], [-16.789256, 32.739168], [-16.789248, 32.739164], [-16.789242, 32.739157], [-16.789169, 32.738988], [-16.789132, 32.738903], [-16.789108, 32.738874], [-16.789087, 32.738854], [-16.789047, 32.738824], [-16.788994, 32.738796], [-16.788808, 32.738732], [-16.788593, 32.738591], [-16.788581, 32.738578], [-16.788508, 32.738451], [-16.788493, 32.738428], [-16.788475, 32.738406], [-16.788442, 32.738377], [-16.788419, 32.738363], [-16.788394, 32.738352], [-16.788231, 32.738304], [-16.788185, 32.738284], [-16.788157, 32.738264], [-16.788136, 32.738244], [-16.788115, 32.738214], [-16.788098, 32.738187], [-16.788059, 32.738098], [-16.788049, 32.738085], [-16.788032, 32.738071], [-16.787985, 32.738042], [-16.787963, 32.738032], [-16.787945, 32.73803], [-16.787933, 32.738031], [-16.787915, 32.738035], [-16.787876, 32.738053], [-16.787861, 32.738062], [-16.787733, 32.738156], [-16.787725, 32.738159], [-16.787715, 32.738159], [-16.787511, 32.738141], [-16.787503, 32.738138], [-16.787483, 32.738116], [-16.78747, 32.738081], [-16.787417, 32.737958], [-16.787391, 32.737893], [-16.787387, 32.737884], [-16.787278, 32.737766], [-16.787229, 32.737708], [-16.787115, 32.73756], [-16.78708, 32.737516], [-16.787074, 32.737506], [-16.787006, 32.737376], [-16.786945, 32.737272], [-16.786939, 32.737258], [-16.78692, 32.737205], [-16.786919, 32.737184], [-16.786931, 32.737088], [-16.786943, 32.737006], [-16.786947, 32.736972], [-16.786951, 32.736884], [-16.786959, 32.736805], [-16.786954, 32.73671], [-16.786946, 32.736689], [-16.786934, 32.736672], [-16.786915, 32.736657], [-16.786845, 32.736613], [-16.786826, 32.7366], [-16.786768, 32.736548], [-16.786758, 32.736536], [-16.78672, 32.736472], [-16.78671, 32.736452], [-16.786683, 32.736382], [-16.786675, 32.736353], [-16.786669, 32.736326], [-16.786665, 32.736237], [-16.786662, 32.736214], [-16.786632, 32.736142], [-16.786614, 32.736086], [-16.786601, 32.736052], [-16.786547, 32.73597], [-16.786518, 32.735942], [-16.786479, 32.735913], [-16.786437, 32.735889], [-16.786401, 32.735874], [-16.78632, 32.735857], [-16.786272, 32.735842], [-16.786231, 32.735819], [-16.7862, 32.735794], [-16.786123, 32.735713], [-16.786072, 32.735673], [-16.786041, 32.735662], [-16.786019, 32.735661], [-16.785979, 32.735664], [-16.785956, 32.735674], [-16.785922, 32.73569], [-16.785815, 32.735721], [-16.785775, 32.735727], [-16.785648, 32.735735], [-16.785606, 32.735738], [-16.785539, 32.735727], [-16.785459, 32.7357], [-16.785414, 32.735681], [-16.785215, 32.73559], [-16.785055, 32.735506], [-16.785036, 32.735501], [-16.784619, 32.735522], [-16.784342, 32.73544], [-16.784235, 32.73538], [-16.784199, 32.735367], [-16.784153, 32.735361], [-16.783907, 32.73538], [-16.783809, 32.735389], [-16.783697, 32.735421], [-16.783407, 32.735428], [-16.783028, 32.735441], [-16.782986, 32.735425], [-16.782945, 32.73542], [-16.782903, 32.735424], [-16.782798, 32.735454], [-16.782704, 32.735491], [-16.782694, 32.735523], [-16.782685, 32.735557], [-16.782686, 32.735575], [-16.782718, 32.735682], [-16.782734, 32.735771], [-16.782745, 32.73584], [-16.782741, 32.735977], [-16.782737, 32.736027], [-16.782732, 32.736045], [-16.782721, 32.736068], [-16.782682, 32.736111], [-16.782608, 32.736174], [-16.782525, 32.736247], [-16.782416, 32.736359], [-16.782313, 32.736477], [-16.782301, 32.736494], [-16.782291, 32.73652], [-16.782263, 32.736677], [-16.782209, 32.736826], [-16.782164, 32.736972], [-16.782136, 32.737048], [-16.782082, 32.73718], [-16.78207, 32.737224], [-16.782065, 32.737256], [-16.782072, 32.737287], [-16.782096, 32.737319], [-16.782136, 32.737378], [-16.782184, 32.737426], [-16.782236, 32.737483], [-16.782251, 32.737502], [-16.782262, 32.737526], [-16.78227, 32.737552], [-16.782273, 32.737594], [-16.782276, 32.737633], [-16.782286, 32.737697], [-16.782297, 32.737716], [-16.782317, 32.737775], [-16.782348, 32.737868], [-16.782369, 32.737924], [-16.782398, 32.737967], [-16.782435, 32.738005], [-16.782556, 32.738122], [-16.782745, 32.738285], [-16.782875, 32.738425], [-16.782903, 32.738468], [-16.782911, 32.738494], [-16.782907, 32.738528], [-16.782892, 32.738568], [-16.782892, 32.738647], [-16.782906, 32.73874], [-16.782942, 32.738882], [-16.782962, 32.738985], [-16.782964, 32.739013], [-16.782942, 32.739109], [-16.782915, 32.739203], [-16.782885, 32.739299], [-16.782874, 32.739327], [-16.782858, 32.739364], [-16.782789, 32.739469], [-16.782776, 32.739489], [-16.782734, 32.739535], [-16.782521, 32.739702], [-16.782494, 32.739714], [-16.78247, 32.739721], [-16.782261, 32.739779], [-16.782228, 32.739799], [-16.782217, 32.73981], [-16.782207, 32.739829], [-16.782201, 32.739865], [-16.782203, 32.739886], [-16.78221, 32.739904], [-16.782235, 32.73994], [-16.782345, 32.74004], [-16.782454, 32.740129], [-16.782552, 32.740203], [-16.782606, 32.740237], [-16.782628, 32.740254], [-16.782649, 32.740273], [-16.782698, 32.740322], [-16.782749, 32.740371], [-16.782818, 32.740429], [-16.782945, 32.740589], [-16.782984, 32.740626], [-16.783011, 32.74065], [-16.783077, 32.740693], [-16.783105, 32.740708], [-16.783136, 32.740721], [-16.783207, 32.740747], [-16.783277, 32.740792], [-16.78329, 32.74081], [-16.78334, 32.740895], [-16.7834, 32.740993], [-16.783447, 32.741042], [-16.783502, 32.741076], [-16.783556, 32.741107], [-16.783579, 32.741125], [-16.783602, 32.741153], [-16.783647, 32.741234], [-16.783689, 32.741281], [-16.783728, 32.741308], [-16.783765, 32.741329], [-16.783797, 32.741342], [-16.78384, 32.741357], [-16.783922, 32.741367], [-16.784197, 32.741424], [-16.784252, 32.741438], [-16.784276, 32.741448], [-16.784366, 32.741493], [-16.784453, 32.741545], [-16.784595, 32.741614], [-16.784652, 32.741644], [-16.784682, 32.741663], [-16.784707, 32.741681], [-16.784729, 32.741703], [-16.784766, 32.741745], [-16.784784, 32.741776], [-16.784785, 32.741787], [-16.784786, 32.7418], [-16.784782, 32.741813], [-16.784776, 32.741823], [-16.784767, 32.741832], [-16.784583, 32.741931], [-16.784504, 32.74201], [-16.784484, 32.742023], [-16.784259, 32.742122], [-16.784189, 32.742143], [-16.784136, 32.742156], [-16.784038, 32.742214], [-16.783992, 32.742229], [-16.783844, 32.742283], [-16.783768, 32.742336], [-16.783736, 32.74238], [-16.783724, 32.742418], [-16.783729, 32.742466], [-16.783759, 32.742572], [-16.783813, 32.742786], [-16.783867, 32.742907], [-16.783877, 32.742939], [-16.78388, 32.742962], [-16.78387, 32.743029], [-16.783842, 32.743178], [-16.783842, 32.743207], [-16.78385, 32.743253], [-16.78388, 32.743325], [-16.783931, 32.743392], [-16.784015, 32.743499], [-16.784086, 32.743597], [-16.784132, 32.743683], [-16.784163, 32.743745], [-16.784224, 32.743807], [-16.78424, 32.743839], [-16.784241, 32.743854], [-16.784236, 32.743863], [-16.784229, 32.74387], [-16.784218, 32.743875], [-16.784209, 32.743875], [-16.783954, 32.743795], [-16.783857, 32.743765], [-16.783793, 32.743724], [-16.783763, 32.743717], [-16.783707, 32.743713], [-16.783572, 32.743722], [-16.783481, 32.74373], [-16.783433, 32.74373], [-16.7834, 32.743725], [-16.78338, 32.743719], [-16.783353, 32.743709], [-16.783289, 32.743664], [-16.783134, 32.743568], [-16.783099, 32.743554], [-16.783076, 32.743545], [-16.783057, 32.743543], [-16.783034, 32.743558], [-16.783028, 32.743573], [-16.783, 32.743642], [-16.782973, 32.743688], [-16.782851, 32.743854], [-16.782759, 32.744025], [-16.782677, 32.744121], [-16.78262, 32.744179], [-16.782588, 32.744198], [-16.782525, 32.744237], [-16.782497, 32.744259], [-16.782461, 32.74429], [-16.782429, 32.744334], [-16.782416, 32.744356], [-16.782412, 32.744376], [-16.782412, 32.744395], [-16.782421, 32.744436], [-16.782429, 32.744448], [-16.782495, 32.744515], [-16.782605, 32.744627], [-16.782668, 32.744698], [-16.782684, 32.744724], [-16.782689, 32.744742], [-16.782696, 32.744838], [-16.782704, 32.744921], [-16.782737, 32.745104], [-16.782735, 32.745113], [-16.782726, 32.745122], [-16.782712, 32.745133], [-16.782664, 32.745146], [-16.782639, 32.745159], [-16.782621, 32.745173], [-16.782606, 32.745198], [-16.782603, 32.745214], [-16.782625, 32.745352], [-16.782632, 32.745366], [-16.782676, 32.745422], [-16.782694, 32.745448], [-16.782718, 32.745537], [-16.782754, 32.745607], [-16.782772, 32.74564], [-16.782777, 32.745667], [-16.782781, 32.745728], [-16.782776, 32.745814], [-16.782789, 32.745912], [-16.782787, 32.745918], [-16.782782, 32.745923], [-16.782776, 32.745925]], [[-16.78272, 32.745914], [-16.782682, 32.745879], [-16.782597, 32.745807], [-16.78255, 32.745687], [-16.782527, 32.745565], [-16.782507, 32.74553], [-16.782477, 32.745511], [-16.782399, 32.74548], [-16.782279, 32.745432], [-16.782201, 32.745389], [-16.782121, 32.74537], [-16.782109, 32.745363], [-16.781939, 32.745128], [-16.781901, 32.745047], [-16.781868, 32.745005], [-16.78177, 32.744937], [-16.781714, 32.744895], [-16.781672, 32.744856], [-16.781647, 32.744821], [-16.781624, 32.744777], [-16.781613, 32.744737], [-16.781624, 32.744662], [-16.78164, 32.744601], [-16.781642, 32.744578], [-16.781637, 32.744554], [-16.781626, 32.744535], [-16.781612, 32.744519], [-16.781582, 32.744492], [-16.781551, 32.744468], [-16.781538, 32.744459], [-16.781514, 32.744426], [-16.781492, 32.744376], [-16.781414, 32.744131], [-16.781409, 32.744109], [-16.781408, 32.744041], [-16.781442, 32.74395], [-16.78156, 32.743814], [-16.781592, 32.743767], [-16.781747, 32.743525], [-16.781758, 32.743499], [-16.781763, 32.743475], [-16.781766, 32.743446], [-16.781755, 32.743402], [-16.781721, 32.743273], [-16.781705, 32.743215], [-16.7817, 32.743181], [-16.781713, 32.743053], [-16.781713, 32.743034], [-16.781706, 32.743002], [-16.781691, 32.742927], [-16.781702, 32.742866], [-16.781708, 32.742838], [-16.781702, 32.742803], [-16.781692, 32.742777], [-16.781661, 32.74274], [-16.781631, 32.742719], [-16.781589, 32.742702], [-16.781472, 32.742655], [-16.781448, 32.742636], [-16.781387, 32.74256], [-16.781304, 32.742572], [-16.781229, 32.742537], [-16.781009, 32.742448], [-16.780915, 32.742395], [-16.78085, 32.742369], [-16.78083, 32.742363], [-16.780657, 32.74237], [-16.780524, 32.742366], [-16.780467, 32.742346], [-16.780364, 32.742293], [-16.780272, 32.742261], [-16.780114, 32.742267], [-16.779952, 32.742309], [-16.7798, 32.742318], [-16.779613, 32.742298], [-16.779511, 32.742263], [-16.779422, 32.742208], [-16.779332, 32.742132], [-16.779168, 32.74204], [-16.779131, 32.742027], [-16.779104, 32.742023], [-16.779059, 32.742021], [-16.77895, 32.742015], [-16.778896, 32.741998], [-16.778834, 32.741957], [-16.778813, 32.741952], [-16.778748, 32.741941], [-16.778662, 32.741935], [-16.7786, 32.741912], [-16.778583, 32.741911], [-16.778568, 32.741913], [-16.778542, 32.741923], [-16.778524, 32.741938], [-16.778518, 32.741945], [-16.778506, 32.741962], [-16.778455, 32.742064], [-16.77845, 32.742081], [-16.778431, 32.742357], [-16.77843, 32.742365], [-16.77839, 32.742485], [-16.778365, 32.742581], [-16.778358, 32.742637], [-16.778349, 32.742719], [-16.778345, 32.742731], [-16.778319, 32.742798], [-16.778309, 32.74281], [-16.778177, 32.74294], [-16.778099, 32.743004], [-16.778082, 32.743019], [-16.778033, 32.743072], [-16.778023, 32.743098], [-16.778019, 32.743122], [-16.77802, 32.743145], [-16.778031, 32.743189], [-16.778046, 32.74323], [-16.778088, 32.743346], [-16.778096, 32.743423], [-16.778087, 32.74348], [-16.77807, 32.743524], [-16.778024, 32.743623], [-16.778022, 32.743639], [-16.778024, 32.743665], [-16.778031, 32.74368], [-16.778049, 32.743704], [-16.778083, 32.743744], [-16.7781, 32.743788], [-16.778119, 32.743918], [-16.778131, 32.743999], [-16.77813, 32.744074], [-16.778119, 32.744196], [-16.77811, 32.744227], [-16.778073, 32.744335], [-16.778059, 32.744355], [-16.778056, 32.744358], [-16.77804, 32.744364], [-16.778032, 32.744364], [-16.778006, 32.744361], [-16.777965, 32.744352], [-16.777814, 32.744311], [-16.777516, 32.744235], [-16.777449, 32.744219], [-16.777379, 32.744173], [-16.777269, 32.744085], [-16.777079, 32.743935], [-16.777056, 32.743921], [-16.777036, 32.743914], [-16.777015, 32.743912], [-16.776838, 32.743899], [-16.776822, 32.743893], [-16.776774, 32.743866], [-16.776713, 32.743819], [-16.776693, 32.743813], [-16.776673, 32.743813], [-16.776662, 32.743818], [-16.776644, 32.743829], [-16.776558, 32.743896], [-16.776532, 32.743924], [-16.776474, 32.743995], [-16.776395, 32.74411], [-16.776383, 32.744121], [-16.776367, 32.744128], [-16.776266, 32.74416], [-16.7762, 32.744215], [-16.77608, 32.744334], [-16.776066, 32.744354], [-16.775938, 32.744559], [-16.775934, 32.744572], [-16.775931, 32.744619], [-16.775906, 32.744805], [-16.775893, 32.744849], [-16.775845, 32.744955], [-16.77583, 32.745013], [-16.775835, 32.745134], [-16.775829, 32.745168], [-16.775809, 32.74521], [-16.77573, 32.745294], [-16.775668, 32.745344], [-16.775635, 32.745368], [-16.775629, 32.745379], [-16.775604, 32.745494], [-16.775609, 32.745531], [-16.775612, 32.745601], [-16.775619, 32.745619], [-16.775666, 32.745731], [-16.775668, 32.745743], [-16.775662, 32.745833], [-16.775631, 32.745953], [-16.775584, 32.746056], [-16.775536, 32.746175], [-16.775517, 32.74621], [-16.775456, 32.746293], [-16.775449, 32.74631], [-16.77544, 32.746352], [-16.77543, 32.74644], [-16.775422, 32.746503], [-16.775367, 32.746678], [-16.775325, 32.746834], [-16.775317, 32.74685], [-16.775246, 32.746959], [-16.77524, 32.746973], [-16.775237, 32.74699], [-16.775234, 32.74707], [-16.775225, 32.747105], [-16.775208, 32.747135], [-16.775196, 32.74715], [-16.775162, 32.747176], [-16.775149, 32.747186], [-16.775117, 32.7472], [-16.775047, 32.747215], [-16.774934, 32.747243], [-16.774893, 32.74726], [-16.774863, 32.747281], [-16.774851, 32.747298], [-16.774845, 32.747317], [-16.774844, 32.747332], [-16.774847, 32.747346], [-16.774854, 32.747365], [-16.774861, 32.747379], [-16.774889, 32.747406], [-16.775078, 32.747564], [-16.775105, 32.747596], [-16.775232, 32.747758], [-16.775261, 32.747786], [-16.775289, 32.747817], [-16.775293, 32.747823], [-16.775295, 32.74783], [-16.775293, 32.747836], [-16.775289, 32.747842], [-16.775283, 32.747847], [-16.775211, 32.747887], [-16.775197, 32.747893], [-16.77502, 32.747926], [-16.775004, 32.747936], [-16.774992, 32.747949], [-16.774986, 32.747964], [-16.774985, 32.74798], [-16.77499, 32.74801], [-16.775052, 32.748262], [-16.775071, 32.748297], [-16.775101, 32.748395], [-16.775103, 32.748478], [-16.775113, 32.748737], [-16.775113, 32.748749], [-16.775109, 32.748757], [-16.775101, 32.748764], [-16.775088, 32.748767], [-16.775075, 32.748766], [-16.77505, 32.748752], [-16.774979, 32.748697], [-16.774855, 32.748612], [-16.774802, 32.748592], [-16.774771, 32.748588], [-16.774728, 32.748587], [-16.774566, 32.748604], [-16.774513, 32.748627], [-16.774411, 32.748723], [-16.77432, 32.748852], [-16.774249, 32.74892], [-16.77422, 32.748961], [-16.774202, 32.749017], [-16.774192, 32.749075], [-16.774172, 32.749239], [-16.774153, 32.749369], [-16.774142, 32.749399], [-16.774112, 32.74945], [-16.774083, 32.749476], [-16.774053, 32.749497], [-16.773998, 32.74953], [-16.773927, 32.749568], [-16.773773, 32.74966], [-16.773716, 32.749701], [-16.773625, 32.749771], [-16.773555, 32.749821], [-16.773484, 32.749858], [-16.77329, 32.749932], [-16.773207, 32.749972], [-16.773194, 32.749973], [-16.773181, 32.749971], [-16.773172, 32.749967], [-16.773167, 32.749964], [-16.773163, 32.749959], [-16.773159, 32.74995], [-16.773323, 32.749604], [-16.773411, 32.749434], [-16.773452, 32.749389], [-16.773486, 32.749354], [-16.773529, 32.749335], [-16.773576, 32.74932], [-16.77364, 32.749296], [-16.773713, 32.749264], [-16.773739, 32.749243], [-16.773746, 32.749221], [-16.773748, 32.749205], [-16.773748, 32.749191], [-16.773758, 32.749109], [-16.773756, 32.749092], [-16.773741, 32.749001], [-16.773735, 32.748984], [-16.773716, 32.74896], [-16.7737, 32.748951], [-16.773663, 32.74894], [-16.773646, 32.748938], [-16.773533, 32.748928], [-16.773479, 32.748911], [-16.773473, 32.748907], [-16.773447, 32.748881], [-16.773442, 32.748868], [-16.773438, 32.748848], [-16.77344, 32.748819], [-16.773445, 32.748811], [-16.773506, 32.748741], [-16.773545, 32.748674], [-16.773582, 32.74861], [-16.773595, 32.748574], [-16.773599, 32.748528], [-16.773598, 32.748355], [-16.773597, 32.748231], [-16.773574, 32.748043], [-16.773543, 32.747908], [-16.773535, 32.747858], [-16.773533, 32.747811], [-16.773517, 32.747745], [-16.7735, 32.74769], [-16.773483, 32.747666], [-16.773476, 32.747649], [-16.773439, 32.74747], [-16.773425, 32.74734], [-16.773424, 32.747273], [-16.773422, 32.747196], [-16.773422, 32.74715], [-16.773425, 32.747117], [-16.773458, 32.747025], [-16.773507, 32.746938], [-16.773529, 32.746878], [-16.773532, 32.746857], [-16.773541, 32.746781], [-16.773548, 32.746725], [-16.773551, 32.746712], [-16.773558, 32.746695], [-16.77358, 32.746665], [-16.773623, 32.746614], [-16.773641, 32.746589], [-16.773646, 32.74658], [-16.773649, 32.746562], [-16.773645, 32.746544], [-16.773626, 32.746505], [-16.773593, 32.74644], [-16.77351, 32.74634], [-16.773378, 32.746211], [-16.773349, 32.746149], [-16.773331, 32.746111], [-16.773308, 32.745998], [-16.773283, 32.745878], [-16.773277, 32.745784], [-16.773276, 32.745768], [-16.773238, 32.745632], [-16.773236, 32.74562], [-16.773229, 32.745565], [-16.773218, 32.74553], [-16.773185, 32.745452], [-16.773183, 32.745443], [-16.773174, 32.745378], [-16.773178, 32.745211], [-16.773177, 32.745196], [-16.773161, 32.745107], [-16.773148, 32.74503], [-16.773142, 32.744974], [-16.773141, 32.744938], [-16.773176, 32.744781], [-16.773187, 32.744749], [-16.773198, 32.744728], [-16.773217, 32.744704], [-16.773274, 32.744662], [-16.773288, 32.744645], [-16.773303, 32.744622], [-16.773305, 32.744611], [-16.773304, 32.744521], [-16.773305, 32.744443], [-16.7733, 32.744419], [-16.773264, 32.744314], [-16.77326, 32.744298], [-16.773259, 32.744286], [-16.773246, 32.744185], [-16.773224, 32.744026], [-16.773246, 32.743921], [-16.77326, 32.743777], [-16.773286, 32.743598], [-16.773323, 32.743441], [-16.773351, 32.743368], [-16.773394, 32.743286], [-16.773452, 32.743186], [-16.773518, 32.743091], [-16.773524, 32.743079], [-16.773529, 32.743052], [-16.773532, 32.742915], [-16.773533, 32.742901], [-16.773562, 32.742782], [-16.773617, 32.742611], [-16.773624, 32.742572], [-16.77363, 32.742535], [-16.773632, 32.742511], [-16.773632, 32.742487], [-16.773629, 32.742371], [-16.773629, 32.742354], [-16.773625, 32.742339], [-16.773616, 32.742328], [-16.773609, 32.742323], [-16.773595, 32.742318], [-16.77358, 32.742316], [-16.773564, 32.742318], [-16.773551, 32.742323], [-16.773533, 32.74233], [-16.773498, 32.742353], [-16.773395, 32.742429], [-16.773348, 32.742449], [-16.773247, 32.742484], [-16.773044, 32.742542], [-16.772909, 32.742589], [-16.772883, 32.742595], [-16.772742, 32.742617], [-16.772687, 32.742627], [-16.772486, 32.742684], [-16.77245, 32.742697], [-16.772378, 32.742748], [-16.772277, 32.742825], [-16.772109, 32.742894], [-16.772064, 32.74292], [-16.772014, 32.742962], [-16.77197, 32.743009], [-16.771937, 32.743048], [-16.771893, 32.743073], [-16.771871, 32.743079], [-16.771857, 32.743079], [-16.771848, 32.743076], [-16.771845, 32.743075], [-16.771823, 32.743056], [-16.771822, 32.743049], [-16.77182, 32.743039], [-16.771822, 32.743025], [-16.771828, 32.742991], [-16.771844, 32.742905], [-16.771856, 32.742846], [-16.771858, 32.742842], [-16.771879, 32.74282], [-16.77189, 32.742803], [-16.771897, 32.742779], [-16.771902, 32.74275], [-16.771904, 32.742712], [-16.771903, 32.742671], [-16.771901, 32.742642], [-16.771903, 32.742634], [-16.771927, 32.742543], [-16.771953, 32.74248], [-16.771973, 32.742438], [-16.771991, 32.74241], [-16.772015, 32.74238], [-16.772081, 32.74232], [-16.772173, 32.742252], [-16.772195, 32.742233], [-16.772216, 32.742211], [-16.772233, 32.74219], [-16.772255, 32.74214], [-16.772278, 32.742117], [-16.77229, 32.742106], [-16.772485, 32.741994], [-16.772594, 32.741928], [-16.772667, 32.741862], [-16.772757, 32.741716], [-16.772795, 32.741633], [-16.772842, 32.741528], [-16.772846, 32.741504], [-16.772863, 32.741382], [-16.7729, 32.741244], [-16.772935, 32.741178], [-16.772966, 32.741113], [-16.772993, 32.741049], [-16.772987, 32.74099], [-16.772955, 32.740941], [-16.772882, 32.740892], [-16.772697, 32.7408], [-16.772606, 32.740753], [-16.772449, 32.740713], [-16.772403, 32.740696], [-16.772394, 32.74069], [-16.772206, 32.740532], [-16.772207, 32.740513], [-16.772301, 32.740409], [-16.772399, 32.740296], [-16.772418, 32.740278], [-16.772491, 32.740215], [-16.77254, 32.740181], [-16.77264, 32.740124], [-16.772669, 32.740103], [-16.772684, 32.740086], [-16.772691, 32.740077], [-16.772694, 32.740062], [-16.772696, 32.740049], [-16.772696, 32.740035], [-16.772693, 32.74001], [-16.772689, 32.740002], [-16.772672, 32.739981], [-16.772651, 32.739967], [-16.772619, 32.739947], [-16.772395, 32.739863], [-16.772239, 32.739803], [-16.772144, 32.739739], [-16.772137, 32.739732], [-16.772106, 32.739685], [-16.772088, 32.739635], [-16.772086, 32.739613], [-16.772092, 32.73955], [-16.772111, 32.739521], [-16.772126, 32.739509], [-16.77214, 32.739504], [-16.772255, 32.739493], [-16.772293, 32.739486], [-16.77235, 32.739473], [-16.772394, 32.739456], [-16.772507, 32.739399], [-16.772608, 32.739357], [-16.772635, 32.739348], [-16.772746, 32.739319], [-16.772817, 32.739305], [-16.77288, 32.739299], [-16.772994, 32.73928], [-16.773096, 32.73926], [-16.773239, 32.739228], [-16.773279, 32.739214], [-16.773316, 32.739201], [-16.773333, 32.739191], [-16.773353, 32.739174], [-16.773363, 32.739164], [-16.773379, 32.739135], [-16.773395, 32.739104], [-16.7734, 32.739084], [-16.773407, 32.73905], [-16.773408, 32.739037], [-16.7734, 32.73899], [-16.773348, 32.73882], [-16.77332, 32.738743], [-16.773312, 32.738729], [-16.773269, 32.738665], [-16.773212, 32.738602], [-16.773094, 32.738493], [-16.773084, 32.738483], [-16.772996, 32.738375], [-16.772852, 32.738202], [-16.772849, 32.738187], [-16.772804, 32.738052]], [[-16.764273, 32.732819], [-16.764297, 32.732887], [-16.764461, 32.732934], [-16.764531, 32.732948], [-16.764654, 32.732943], [-16.764733, 32.732961], [-16.764918, 32.733013], [-16.765111, 32.733101], [-16.765208, 32.733163], [-16.765291, 32.733228], [-16.765361, 32.733279], [-16.765502, 32.733383], [-16.765548, 32.733435], [-16.765601, 32.733516], [-16.765629, 32.733594], [-16.765659, 32.733638], [-16.765708, 32.733677], [-16.765789, 32.733714], [-16.765851, 32.733735], [-16.765875, 32.733745], [-16.76593, 32.73375], [-16.766024, 32.733752], [-16.766106, 32.733741], [-16.766273, 32.733677], [-16.766391, 32.733629], [-16.766486, 32.733591], [-16.766553, 32.733565], [-16.766604, 32.733521], [-16.766663, 32.733461], [-16.766734, 32.733375], [-16.766847, 32.733182], [-16.766919, 32.733105], [-16.767023, 32.733025], [-16.767084, 32.732962], [-16.767207, 32.732805], [-16.767247, 32.732745], [-16.767301, 32.7326], [-16.767319, 32.73257], [-16.767351, 32.732556], [-16.76765, 32.732531], [-16.767673, 32.732525], [-16.767809, 32.732442], [-16.76794, 32.732354], [-16.767975, 32.732339], [-16.768002, 32.732336], [-16.76803, 32.732344], [-16.768183, 32.732438], [-16.768198, 32.732463], [-16.768197, 32.732495], [-16.768127, 32.732638], [-16.768114, 32.732694], [-16.768102, 32.732815], [-16.768096, 32.732886], [-16.768101, 32.732933], [-16.768118, 32.732981], [-16.768138, 32.73302], [-16.768174, 32.733059], [-16.768249, 32.733121], [-16.768331, 32.73318], [-16.768447, 32.73322], [-16.768563, 32.733243], [-16.768631, 32.733268], [-16.768667, 32.733295], [-16.768692, 32.733328], [-16.768695, 32.733365], [-16.768684, 32.733407], [-16.768643, 32.733451], [-16.768636, 32.733463], [-16.768632, 32.73347], [-16.768477, 32.733612], [-16.768407, 32.733657], [-16.768264, 32.733727], [-16.76817, 32.733787], [-16.768133, 32.733836], [-16.768111, 32.733878], [-16.768098, 32.733927], [-16.768062, 32.73404], [-16.768, 32.734131], [-16.767939, 32.734242], [-16.767861, 32.734372], [-16.767756, 32.734575], [-16.767702, 32.734672], [-16.767695, 32.734724], [-16.767707, 32.734743], [-16.767765, 32.734862], [-16.767797, 32.734923], [-16.767938, 32.735032], [-16.767974, 32.735052], [-16.768031, 32.735072], [-16.768071, 32.735075], [-16.768237, 32.735082], [-16.768414, 32.735082], [-16.768477, 32.735093], [-16.768537, 32.735109], [-16.768699, 32.7352], [-16.768828, 32.735242], [-16.768962, 32.735268], [-16.769014, 32.735275], [-16.769085, 32.735271], [-16.769172, 32.735246], [-16.769344, 32.735172], [-16.769461, 32.735129], [-16.769542, 32.735096], [-16.769662, 32.735089], [-16.769764, 32.73508], [-16.76995, 32.735059], [-16.770152, 32.735077], [-16.770322, 32.735084], [-16.770524, 32.735043], [-16.770596, 32.735039], [-16.770693, 32.735043], [-16.770884, 32.735067], [-16.77103, 32.73508], [-16.771159, 32.735092], [-16.771453, 32.735139], [-16.771545, 32.73514], [-16.771704, 32.735135], [-16.77195, 32.735122], [-16.772209, 32.735051], [-16.772275, 32.735043], [-16.772442, 32.734983], [-16.772508, 32.734967], [-16.772556, 32.734966], [-16.772655, 32.734988], [-16.772823, 32.735038], [-16.772958, 32.735059], [-16.773006, 32.735081], [-16.773039, 32.735111], [-16.773113, 32.735242], [-16.7732, 32.735384], [-16.773345, 32.735551], [-16.773431, 32.735617], [-16.77353, 32.735687], [-16.773551, 32.735708], [-16.77356, 32.735727], [-16.773567, 32.735751], [-16.773565, 32.735782], [-16.773555, 32.735891], [-16.773574, 32.736119], [-16.773557, 32.736241], [-16.77354, 32.736344], [-16.773576, 32.736573], [-16.773607, 32.736657], [-16.773611, 32.736697], [-16.773608, 32.736744], [-16.773561, 32.736867], [-16.773472, 32.737064], [-16.773457, 32.73713], [-16.773472, 32.737218], [-16.773502, 32.737305], [-16.773543, 32.737387], [-16.773576, 32.737431], [-16.773635, 32.737482], [-16.773775, 32.737547], [-16.773845, 32.737587], [-16.77387, 32.737613], [-16.773877, 32.737648], [-16.77387, 32.737683], [-16.773832, 32.737716], [-16.773698, 32.737784], [-16.77367, 32.737787], [-16.773513, 32.737793], [-16.773421, 32.737794], [-16.773345, 32.737807], [-16.773012, 32.737907], [-16.773025, 32.737933]], [[-16.757414, 32.737094], [-16.757259, 32.737248], [-16.757143, 32.7374], [-16.757131, 32.737426], [-16.757077, 32.737477], [-16.756976, 32.737523], [-16.756943, 32.737569], [-16.75692, 32.737636], [-16.756875, 32.737674], [-16.756822, 32.737698], [-16.75663, 32.737713], [-16.756471, 32.737798], [-16.756318, 32.737899], [-16.756217, 32.737932], [-16.756129, 32.737971], [-16.75606, 32.738029], [-16.755966, 32.738124], [-16.755915, 32.738149], [-16.755484, 32.738245], [-16.75512, 32.738355], [-16.755074, 32.738377], [-16.755056, 32.738411], [-16.755036, 32.738465], [-16.755032, 32.738533], [-16.755032, 32.73861], [-16.755012, 32.738699], [-16.754948, 32.738883], [-16.754935, 32.738896], [-16.754897, 32.738901], [-16.754802, 32.738906], [-16.754721, 32.738921], [-16.754655, 32.738956], [-16.754578, 32.739017], [-16.754537, 32.739057], [-16.754487, 32.739134], [-16.754407, 32.739181], [-16.754347, 32.739178], [-16.754277, 32.739163], [-16.753983, 32.739024], [-16.753662, 32.738843], [-16.753556, 32.738784], [-16.753487, 32.738761], [-16.753405, 32.738742], [-16.753245, 32.738731], [-16.75311, 32.738708], [-16.752982, 32.738711], [-16.752923, 32.738715], [-16.75288, 32.738724], [-16.752841, 32.738752], [-16.7528, 32.738813], [-16.752768, 32.738832], [-16.752625, 32.738866], [-16.752412, 32.738848], [-16.752363, 32.738854], [-16.752332, 32.738865], [-16.75217, 32.738866], [-16.752055, 32.73889], [-16.751951, 32.738917], [-16.751896, 32.738943], [-16.751844, 32.738974], [-16.751758, 32.739004], [-16.751613, 32.739035], [-16.751551, 32.739041], [-16.751361, 32.739083], [-16.75129, 32.739118], [-16.751172, 32.739185], [-16.751149, 32.73921], [-16.751128, 32.739239], [-16.751057, 32.739404], [-16.75103, 32.739496], [-16.750985, 32.739606], [-16.750939, 32.739673], [-16.750858, 32.739742], [-16.7508, 32.739776], [-16.750585, 32.739864], [-16.750554, 32.739868], [-16.750331, 32.739858], [-16.750188, 32.739875], [-16.750021, 32.73987], [-16.749803, 32.739843], [-16.749696, 32.739805], [-16.749521, 32.739758], [-16.749445, 32.739744], [-16.749333, 32.739739], [-16.749215, 32.739742], [-16.749162, 32.739745], [-16.749114, 32.73974], [-16.749018, 32.73971], [-16.748999, 32.739707], [-16.748974, 32.739708], [-16.748848, 32.739743], [-16.748704, 32.739794], [-16.748661, 32.739825], [-16.748628, 32.73985], [-16.748592, 32.739871], [-16.748551, 32.73989], [-16.748503, 32.739908], [-16.748446, 32.739922], [-16.748433, 32.739927], [-16.748423, 32.739941], [-16.748422, 32.739965], [-16.748428, 32.739979], [-16.748433, 32.739987], [-16.748454, 32.740011], [-16.748465, 32.740041], [-16.748491, 32.740102], [-16.748516, 32.740137], [-16.748572, 32.740225], [-16.748618, 32.740339], [-16.74864, 32.740439], [-16.748634, 32.740519], [-16.748619, 32.74058], [-16.748602, 32.740632], [-16.748604, 32.740665], [-16.748612, 32.7407], [-16.748609, 32.740797], [-16.748578, 32.740917], [-16.748557, 32.741042], [-16.748525, 32.741095], [-16.748479, 32.741268], [-16.748473, 32.741311], [-16.74848, 32.741326], [-16.748521, 32.741352], [-16.748569, 32.741371], [-16.748644, 32.741414], [-16.748712, 32.74147], [-16.748771, 32.74153], [-16.748825, 32.741583], [-16.748887, 32.741647], [-16.748994, 32.741725], [-16.749034, 32.741739], [-16.749175, 32.741769], [-16.749229, 32.741787], [-16.749294, 32.741815], [-16.749321, 32.741836], [-16.749354, 32.741865], [-16.7494, 32.741926], [-16.749451, 32.741979], [-16.749482, 32.741997], [-16.749557, 32.742037], [-16.749635, 32.742098], [-16.749685, 32.742205], [-16.749771, 32.742355], [-16.749774, 32.742377], [-16.749771, 32.742401], [-16.749766, 32.742413], [-16.749759, 32.742425], [-16.749717, 32.742488], [-16.749676, 32.742574], [-16.749647, 32.742614], [-16.749511, 32.742734], [-16.749402, 32.742835], [-16.749259, 32.742933], [-16.74923, 32.742959], [-16.749089, 32.743091], [-16.749074, 32.743115], [-16.749021, 32.743204], [-16.749009, 32.743217], [-16.748921, 32.743294], [-16.748847, 32.743349], [-16.748786, 32.743392], [-16.748704, 32.74344], [-16.748682, 32.743455], [-16.748643, 32.743485], [-16.748539, 32.743575], [-16.748523, 32.743594], [-16.748412, 32.743752], [-16.748348, 32.743867], [-16.748245, 32.743997], [-16.748236, 32.744021], [-16.748232, 32.744049], [-16.748246, 32.744087], [-16.74826, 32.744105], [-16.748351, 32.744228], [-16.748431, 32.744314], [-16.74855, 32.744476], [-16.74857, 32.744498], [-16.748619, 32.744546], [-16.748624, 32.744553], [-16.748645, 32.744608], [-16.748648, 32.744622], [-16.74865, 32.744678], [-16.748647, 32.744698], [-16.748635, 32.744763], [-16.748618, 32.74492], [-16.748615, 32.744932], [-16.748533, 32.745094], [-16.748516, 32.745118], [-16.748335, 32.745385], [-16.748307, 32.745432], [-16.748298, 32.74546], [-16.748276, 32.745535], [-16.748275, 32.74555], [-16.748277, 32.745565], [-16.748283, 32.745582], [-16.748301, 32.745604], [-16.748308, 32.745613], [-16.748318, 32.745621], [-16.748372, 32.745648], [-16.748492, 32.745688], [-16.748509, 32.745692], [-16.748614, 32.745704], [-16.748715, 32.745723], [-16.748743, 32.745731], [-16.748786, 32.745747], [-16.748797, 32.745756], [-16.748834, 32.745796], [-16.748913, 32.745902], [-16.748989, 32.745953], [-16.749031, 32.746004], [-16.74905, 32.746023], [-16.749124, 32.74608], [-16.749199, 32.746127], [-16.749322, 32.746205], [-16.749344, 32.746215], [-16.749398, 32.746236], [-16.749524, 32.746303], [-16.749631, 32.746377], [-16.74965, 32.746397], [-16.749737, 32.74651], [-16.749742, 32.746525], [-16.74976, 32.746627], [-16.749758, 32.746639], [-16.749751, 32.746648], [-16.749737, 32.74666], [-16.749734, 32.746667], [-16.749741, 32.746708], [-16.749708, 32.746904], [-16.7497, 32.746963], [-16.749742, 32.747009], [-16.749799, 32.747038], [-16.749909, 32.747057], [-16.750097, 32.747084], [-16.750324, 32.747155], [-16.750477, 32.747171], [-16.750656, 32.747162], [-16.75074, 32.747184], [-16.750824, 32.747257], [-16.750997, 32.747401], [-16.751137, 32.747549], [-16.751441, 32.747684], [-16.751495, 32.747692], [-16.751552, 32.747705], [-16.751596, 32.747728], [-16.75161, 32.747755], [-16.7516, 32.747798], [-16.751544, 32.747835], [-16.75141, 32.747885], [-16.75123, 32.747949], [-16.751157, 32.747961], [-16.751079, 32.747951], [-16.750853, 32.747869], [-16.750641, 32.747822], [-16.750449, 32.747796], [-16.750304, 32.747806], [-16.750135, 32.74786], [-16.749782, 32.747977], [-16.749645, 32.747995], [-16.749565, 32.748016], [-16.749531, 32.748045], [-16.749507, 32.748102], [-16.749467, 32.748199], [-16.749442, 32.74823], [-16.749417, 32.748248], [-16.749385, 32.748266], [-16.749344, 32.748269], [-16.749227, 32.748255], [-16.749114, 32.748222], [-16.748986, 32.748212], [-16.748938, 32.748216], [-16.748888, 32.748242], [-16.748835, 32.74829], [-16.748814, 32.748331], [-16.748812, 32.748364], [-16.74885, 32.748407], [-16.748874, 32.748449], [-16.748875, 32.748519], [-16.748868, 32.748612], [-16.748871, 32.748643], [-16.748878, 32.748669], [-16.749108, 32.749021], [-16.749198, 32.749151], [-16.749536, 32.749389], [-16.749858, 32.749636], [-16.750154, 32.749922], [-16.750575, 32.750341], [-16.750613, 32.750386], [-16.750626, 32.750431], [-16.75063, 32.75047], [-16.750627, 32.750523], [-16.750594, 32.750579], [-16.750547, 32.750615], [-16.750415, 32.750621], [-16.750058, 32.750628], [-16.749773, 32.750632], [-16.749658, 32.750601], [-16.749402, 32.750489], [-16.749331, 32.750468], [-16.749265, 32.750461], [-16.74901, 32.750466], [-16.748964, 32.750475], [-16.74891, 32.750489], [-16.748509, 32.750739], [-16.7484, 32.750814], [-16.748301, 32.750857], [-16.74823, 32.750887], [-16.748182, 32.750885], [-16.748163, 32.750854], [-16.748158, 32.750804], [-16.748219, 32.750557], [-16.748219, 32.750434], [-16.748195, 32.750251], [-16.748149, 32.750152], [-16.748089, 32.750085], [-16.748024, 32.750036], [-16.747893, 32.749975], [-16.747677, 32.74991], [-16.747553, 32.749871], [-16.747507, 32.749823], [-16.7474, 32.74971], [-16.747356, 32.749681], [-16.74729, 32.749646], [-16.747207, 32.749637], [-16.747106, 32.749648], [-16.747023, 32.749671], [-16.746939, 32.749707], [-16.746782, 32.749799], [-16.746693, 32.749835], [-16.746654, 32.749842], [-16.7466, 32.749839], [-16.746395, 32.749806], [-16.74627, 32.74983], [-16.746055, 32.749815], [-16.74592, 32.749825], [-16.745641, 32.749777], [-16.745541, 32.749779], [-16.745477, 32.749786], [-16.745378, 32.749809], [-16.745329, 32.749825], [-16.745291, 32.749869], [-16.74531, 32.749936], [-16.745392, 32.750074], [-16.745393, 32.750131], [-16.745419, 32.750223], [-16.745679, 32.750549], [-16.745789, 32.75073], [-16.745839, 32.750841], [-16.745812, 32.750882], [-16.745768, 32.750913], [-16.745709, 32.750939], [-16.745658, 32.750987], [-16.74565, 32.751055], [-16.745626, 32.751081], [-16.745563, 32.751084], [-16.745503, 32.751063], [-16.745436, 32.751036], [-16.745382, 32.751025], [-16.745342, 32.751025], [-16.745193, 32.751072], [-16.745146, 32.751074], [-16.745005, 32.751052], [-16.744871, 32.750962], [-16.74475, 32.750918], [-16.744583, 32.750909], [-16.74443, 32.7509], [-16.744241, 32.75089], [-16.744237, 32.75088], [-16.744024, 32.750705], [-16.743808, 32.750513], [-16.743761, 32.750444], [-16.743683, 32.750398], [-16.743214, 32.750015], [-16.74314, 32.74998], [-16.742445, 32.749722], [-16.741925, 32.749538], [-16.741874, 32.749514], [-16.741821, 32.749488], [-16.741618, 32.74932], [-16.741415, 32.749129], [-16.741378, 32.749095], [-16.741283, 32.749003], [-16.741104, 32.748846], [-16.741089, 32.748843]]]}}, {"type": "Feature", "properties": {"name": "Levada do Castelejo", "length_km": 11.45, "hasTunnel": true}, "geometry": {"type": "MultiLineString", "coordinates": [[[-16.861285, 32.744245], [-16.861207, 32.744308], [-16.86114, 32.744384], [-16.861039, 32.744475], [-16.860884, 32.744561], [-16.860683, 32.744693], [-16.860534, 32.744896], [-16.860404, 32.744958], [-16.860321, 32.745018], [-16.860246, 32.745046], [-16.860166, 32.745057], [-16.8601, 32.74504], [-16.860037, 32.745011], [-16.859983, 32.745037], [-16.859779, 32.745209], [-16.85956, 32.745272], [-16.859405, 32.745335], [-16.859418, 32.745416], [-16.859066, 32.745686], [-16.858835, 32.745732], [-16.858685, 32.745858], [-16.858584, 32.74589], [-16.858491, 32.745998], [-16.858478, 32.74606], [-16.858518, 32.74616], [-16.858535, 32.74621], [-16.858431, 32.746372], [-16.858397, 32.746643], [-16.858454, 32.746859], [-16.85845, 32.74701], [-16.858417, 32.747189], [-16.858381, 32.747375], [-16.858367, 32.747421], [-16.858296, 32.74742], [-16.858162, 32.747335], [-16.858034, 32.747296], [-16.857889, 32.747279], [-16.857677, 32.747303], [-16.857476, 32.747335], [-16.857247, 32.747437], [-16.856998, 32.747483], [-16.856743, 32.747525], [-16.856629, 32.747526], [-16.856544, 32.747535], [-16.856513, 32.747577], [-16.856504, 32.747629], [-16.856556, 32.747676], [-16.856779, 32.747805], [-16.856874, 32.747864], [-16.856946, 32.747945], [-16.856958, 32.748112], [-16.85693, 32.748307], [-16.856938, 32.748454], [-16.856926, 32.748554], [-16.85703, 32.748792], [-16.857177, 32.749029], [-16.85728, 32.749092], [-16.85743, 32.749061], [-16.857525, 32.749133], [-16.857526, 32.749236], [-16.857511, 32.749346], [-16.857478, 32.749438], [-16.857438, 32.749499], [-16.85735, 32.749583], [-16.856996, 32.749828], [-16.856869, 32.749966], [-16.856742, 32.750349], [-16.856646, 32.750537], [-16.856444, 32.75066], [-16.856326, 32.750677], [-16.856276, 32.750697], [-16.856261, 32.750708], [-16.856256, 32.750723], [-16.856265, 32.750793], [-16.856267, 32.750869], [-16.856241, 32.75097], [-16.856187, 32.751137], [-16.856097, 32.751367], [-16.856067, 32.751447], [-16.856066, 32.751509], [-16.856099, 32.75159], [-16.856161, 32.751693], [-16.856171, 32.751787], [-16.85614, 32.751867], [-16.856132, 32.75197], [-16.856084, 32.752051], [-16.855991, 32.752125], [-16.855863, 32.75223], [-16.85579, 32.752339], [-16.85575, 32.75239], [-16.855658, 32.75242], [-16.855566, 32.752397], [-16.855519, 32.752348], [-16.855437, 32.752321], [-16.855324, 32.752319], [-16.855172, 32.752341], [-16.855046, 32.752434], [-16.854946, 32.752514], [-16.854865, 32.752512], [-16.854793, 32.752448], [-16.85473, 32.752437], [-16.854685, 32.752446], [-16.854648, 32.752484], [-16.854635, 32.752528], [-16.854583, 32.752656], [-16.854467, 32.752783], [-16.854243, 32.752935], [-16.854066, 32.75298], [-16.853966, 32.752979], [-16.853807, 32.752998], [-16.853723, 32.753071], [-16.853707, 32.75314], [-16.85369, 32.753228], [-16.853669, 32.753299], [-16.853661, 32.753325], [-16.853669, 32.753355], [-16.85369, 32.753368], [-16.85372, 32.753366], [-16.853804, 32.753341], [-16.853891, 32.753314], [-16.853985, 32.753321], [-16.854101, 32.753349], [-16.854293, 32.753416], [-16.854314, 32.753416], [-16.85434, 32.753396], [-16.854381, 32.753384], [-16.854447, 32.75334], [-16.854556, 32.753322], [-16.854629, 32.75334], [-16.854703, 32.753323], [-16.854758, 32.753317], [-16.854865, 32.753269], [-16.854974, 32.753254], [-16.855049, 32.753272], [-16.855164, 32.753312], [-16.85522, 32.753318], [-16.855265, 32.753361], [-16.85528, 32.753399], [-16.85527, 32.753433], [-16.855271, 32.753469], [-16.855282, 32.753515], [-16.85531, 32.753559], [-16.855354, 32.753618], [-16.855367, 32.753645], [-16.855372, 32.753743], [-16.855389, 32.753799], [-16.855444, 32.753937], [-16.85548, 32.754133], [-16.855522, 32.754264], [-16.85556, 32.754357], [-16.85561, 32.754493], [-16.855587, 32.754573], [-16.855548, 32.754664], [-16.855514, 32.754731], [-16.855507, 32.754843], [-16.855505, 32.754898], [-16.85552, 32.754927], [-16.855543, 32.754949], [-16.855588, 32.754974], [-16.855603, 32.755014], [-16.85559, 32.755043], [-16.855533, 32.755081], [-16.85548, 32.755128], [-16.855395, 32.755244], [-16.855359, 32.755298], [-16.855325, 32.755401], [-16.855304, 32.755485], [-16.855297, 32.755575], [-16.85531, 32.755631], [-16.855326, 32.755666], [-16.855355, 32.755685], [-16.855405, 32.755694], [-16.855501, 32.755684], [-16.855624, 32.755668], [-16.855728, 32.755643], [-16.85583, 32.755625], [-16.855889, 32.755621], [-16.855928, 32.755648], [-16.855938, 32.755679], [-16.855944, 32.755727], [-16.855926, 32.755774], [-16.855879, 32.755836], [-16.855821, 32.755877], [-16.855731, 32.755962], [-16.855651, 32.75608], [-16.855593, 32.756135], [-16.855559, 32.756178], [-16.855552, 32.756202], [-16.85557, 32.756241], [-16.855618, 32.756312], [-16.855617, 32.75637], [-16.85562, 32.756438], [-16.855498, 32.756523], [-16.855358, 32.756651], [-16.855289, 32.756714], [-16.855288, 32.756755], [-16.855293, 32.756797], [-16.855309, 32.756827], [-16.855339, 32.756865], [-16.855323, 32.756913], [-16.855294, 32.756948], [-16.855188, 32.757035], [-16.85503, 32.757174], [-16.854945, 32.757314], [-16.854875, 32.757497], [-16.85483, 32.757609], [-16.854802, 32.757728], [-16.854755, 32.757809], [-16.854747, 32.757897], [-16.854784, 32.757925], [-16.854818, 32.757936], [-16.854876, 32.757938], [-16.854949, 32.75794], [-16.855002, 32.757952], [-16.855054, 32.758004], [-16.855069, 32.758037], [-16.855083, 32.758116], [-16.855077, 32.758158], [-16.85505, 32.758202], [-16.854927, 32.758239], [-16.854701, 32.758361], [-16.854557, 32.758445], [-16.854472, 32.75851], [-16.854388, 32.758553], [-16.854176, 32.758599], [-16.854015, 32.758625], [-16.853907, 32.758645], [-16.85384, 32.758668], [-16.853806, 32.758698], [-16.853802, 32.758721], [-16.85381, 32.758748], [-16.853869, 32.758809], [-16.853904, 32.75885], [-16.853929, 32.758854], [-16.853987, 32.758846], [-16.854046, 32.758851], [-16.854105, 32.758865], [-16.854126, 32.758902], [-16.854115, 32.75898], [-16.854092, 32.759063], [-16.854042, 32.759134], [-16.85394, 32.759184], [-16.853842, 32.759232], [-16.853792, 32.759306], [-16.853738, 32.759394], [-16.853724, 32.759519], [-16.853695, 32.759681], [-16.853692, 32.759847], [-16.853721, 32.759899], [-16.853766, 32.759943], [-16.853845, 32.760023], [-16.853904, 32.7601], [-16.853981, 32.760174], [-16.854027, 32.760241], [-16.853989, 32.760275], [-16.853926, 32.760334], [-16.853763, 32.76046], [-16.853724, 32.760545], [-16.853707, 32.760667], [-16.85371, 32.760779], [-16.853683, 32.760863], [-16.853664, 32.760933], [-16.853649, 32.761014], [-16.853629, 32.761098], [-16.85358, 32.761176], [-16.853521, 32.761246], [-16.853473, 32.76128], [-16.853444, 32.761316], [-16.853431, 32.76137], [-16.853445, 32.761426], [-16.853518, 32.761526], [-16.853607, 32.761685], [-16.853613, 32.761738], [-16.853596, 32.761804], [-16.85357, 32.76185], [-16.853522, 32.761931], [-16.853513, 32.762], [-16.853538, 32.762068], [-16.853592, 32.762107], [-16.853737, 32.7622], [-16.853799, 32.762254], [-16.853826, 32.762305], [-16.853836, 32.762371], [-16.853841, 32.762459], [-16.85385, 32.762555], [-16.853901, 32.762653], [-16.853974, 32.762753], [-16.85403, 32.762843], [-16.854091, 32.762918], [-16.854186, 32.76305], [-16.854293, 32.763173], [-16.854343, 32.763207], [-16.854454, 32.763267], [-16.854494, 32.763313], [-16.854509, 32.763368], [-16.854489, 32.763412], [-16.854483, 32.763439], [-16.854452, 32.763481], [-16.854394, 32.76352], [-16.854336, 32.763545], [-16.854253, 32.763571], [-16.854217, 32.763604], [-16.85418, 32.763663], [-16.854132, 32.763683], [-16.854095, 32.763685], [-16.854046, 32.763676], [-16.854002, 32.763689], [-16.853977, 32.763707], [-16.853941, 32.76375], [-16.853863, 32.763797], [-16.853753, 32.763837], [-16.853624, 32.763888], [-16.853496, 32.763922], [-16.853335, 32.763918], [-16.853255, 32.763935], [-16.853213, 32.76396], [-16.853179, 32.764003], [-16.853166, 32.764041], [-16.853164, 32.764094], [-16.853176, 32.764136], [-16.853197, 32.764188], [-16.853192, 32.764231], [-16.853161, 32.764269], [-16.853086, 32.764316], [-16.852984, 32.764333], [-16.852883, 32.764348], [-16.852845, 32.764373], [-16.852823, 32.764405], [-16.852801, 32.764494], [-16.852798, 32.76455], [-16.8528, 32.764599], [-16.852824, 32.764705], [-16.852871, 32.764801], [-16.852956, 32.764904], [-16.852977, 32.764974], [-16.853007, 32.765048], [-16.853022, 32.765104], [-16.853028, 32.76522], [-16.852992, 32.765262], [-16.852921, 32.765282], [-16.852776, 32.765287], [-16.852657, 32.765309], [-16.852538, 32.765358], [-16.852471, 32.765407], [-16.852433, 32.765454], [-16.852413, 32.765495], [-16.8524, 32.765574], [-16.852349, 32.765746], [-16.852345, 32.765839], [-16.852369, 32.765912], [-16.852402, 32.76597], [-16.852433, 32.766028], [-16.852446, 32.766078], [-16.852454, 32.766149], [-16.852444, 32.766219], [-16.852393, 32.766301], [-16.85234, 32.766398], [-16.852314, 32.766433], [-16.852314, 32.766482], [-16.85238, 32.766542], [-16.85247, 32.76663], [-16.852549, 32.766683], [-16.852572, 32.766717], [-16.852566, 32.766736], [-16.852544, 32.76675], [-16.852456, 32.76679], [-16.852383, 32.766803], [-16.852301, 32.766838], [-16.852211, 32.766884], [-16.852145, 32.766981], [-16.852103, 32.767086], [-16.852112, 32.767144], [-16.852121, 32.767184], [-16.852173, 32.76723], [-16.852227, 32.767292], [-16.852263, 32.767372], [-16.852283, 32.76747], [-16.852291, 32.767517], [-16.852293, 32.767549], [-16.852316, 32.767616], [-16.852348, 32.767644], [-16.852422, 32.767697], [-16.852503, 32.767736], [-16.852522, 32.767756], [-16.85253, 32.767788], [-16.852493, 32.76782], [-16.8524, 32.767891], [-16.852327, 32.767954], [-16.852282, 32.768032], [-16.852275, 32.768059], [-16.852269, 32.768107], [-16.852256, 32.768137], [-16.85223, 32.768158], [-16.852199, 32.768168], [-16.852162, 32.76818], [-16.852077, 32.768218], [-16.852006, 32.768267], [-16.851962, 32.768313], [-16.851899, 32.768487], [-16.851905, 32.768575], [-16.851907, 32.768703], [-16.851925, 32.768789], [-16.851914, 32.768819], [-16.851883, 32.768836], [-16.851844, 32.768833], [-16.8518, 32.768813], [-16.851767, 32.768791], [-16.851709, 32.768749], [-16.851699, 32.768742], [-16.851571, 32.76865], [-16.851491, 32.76857], [-16.851325, 32.768405], [-16.851274, 32.768342], [-16.851249, 32.768268], [-16.851238, 32.768203], [-16.851247, 32.76808], [-16.85128, 32.767958], [-16.851286, 32.767851], [-16.851283, 32.76783], [-16.851276, 32.767786], [-16.851285, 32.767763], [-16.851343, 32.767711], [-16.851373, 32.767661], [-16.85138, 32.767607], [-16.851377, 32.76755], [-16.851371, 32.767501], [-16.85134, 32.767457], [-16.851262, 32.767364], [-16.85125, 32.767314], [-16.851238, 32.767228], [-16.851224, 32.767175], [-16.851176, 32.767113], [-16.851101, 32.766982], [-16.851091, 32.766933], [-16.851073, 32.766888], [-16.851064, 32.76688], [-16.851046, 32.766875], [-16.851014, 32.766877], [-16.850999, 32.766885], [-16.85097, 32.76697], [-16.85094, 32.767042], [-16.850914, 32.767082], [-16.850879, 32.767122], [-16.85083, 32.767168], [-16.850805, 32.767168]], [[-16.85077, 32.767226], [-16.850733, 32.767223], [-16.850677, 32.76727], [-16.850602, 32.767376], [-16.850546, 32.767418], [-16.850476, 32.767438], [-16.850417, 32.767442], [-16.850042, 32.767459], [-16.849979, 32.767485], [-16.84984, 32.767553], [-16.849778, 32.767574], [-16.849679, 32.767593], [-16.849323, 32.767633], [-16.84916, 32.767615], [-16.849105, 32.767595], [-16.848976, 32.767521], [-16.848905, 32.767483], [-16.848711, 32.767407], [-16.848627, 32.767387], [-16.848479, 32.767373], [-16.848381, 32.767375], [-16.848341, 32.767368], [-16.848235, 32.767335], [-16.84821, 32.767329], [-16.848184, 32.767328], [-16.848155, 32.767333], [-16.848055, 32.767349], [-16.848017, 32.767343], [-16.847897, 32.767314], [-16.847657, 32.767273], [-16.847488, 32.767255], [-16.847444, 32.767238], [-16.847324, 32.767178], [-16.846947, 32.766932], [-16.846896, 32.766889], [-16.846853, 32.766841], [-16.846823, 32.766798], [-16.8468, 32.766752], [-16.846782, 32.766703], [-16.846773, 32.766605], [-16.846776, 32.766496], [-16.846778, 32.766321], [-16.846773, 32.766237], [-16.846748, 32.766162], [-16.846709, 32.766069], [-16.846691, 32.766006], [-16.846683, 32.76593], [-16.84666, 32.765743], [-16.846663, 32.765721], [-16.846682, 32.765696], [-16.846718, 32.765659], [-16.846721, 32.76565], [-16.84672, 32.765641], [-16.846715, 32.765633], [-16.846708, 32.765627], [-16.846698, 32.765624], [-16.846652, 32.765624], [-16.846629, 32.765613], [-16.846616, 32.765597], [-16.846611, 32.765581], [-16.846573, 32.765495], [-16.846566, 32.765491], [-16.846556, 32.76549], [-16.846546, 32.765493], [-16.846538, 32.765498], [-16.846534, 32.765506], [-16.846533, 32.765561], [-16.846524, 32.765628], [-16.846499, 32.765701], [-16.846399, 32.765869], [-16.84637, 32.765897], [-16.846325, 32.765968], [-16.846228, 32.766126], [-16.846181, 32.766158], [-16.846136, 32.766176], [-16.845963, 32.766224], [-16.845918, 32.766243], [-16.845862, 32.766276], [-16.845815, 32.766325], [-16.845779, 32.766401], [-16.845704, 32.766574], [-16.845672, 32.766608], [-16.845636, 32.766638], [-16.845594, 32.766667], [-16.845548, 32.766692], [-16.845499, 32.766713], [-16.845448, 32.766726], [-16.845395, 32.766732], [-16.845316, 32.766735], [-16.84502, 32.766738], [-16.845, 32.766737], [-16.844979, 32.766732], [-16.844956, 32.766721], [-16.84494, 32.766714], [-16.844915, 32.766684], [-16.844922, 32.766641], [-16.844953, 32.766459], [-16.84496, 32.766441], [-16.844977, 32.766416], [-16.844995, 32.766395], [-16.845098, 32.766341], [-16.845114, 32.76633], [-16.845207, 32.766237], [-16.845216, 32.766213], [-16.845223, 32.766189], [-16.845222, 32.766122], [-16.845218, 32.766067], [-16.845202, 32.766007], [-16.845177, 32.765941], [-16.845163, 32.765923], [-16.845091, 32.765831], [-16.845069, 32.765791], [-16.845061, 32.765754], [-16.845061, 32.765727], [-16.845066, 32.765702], [-16.845099, 32.765588], [-16.845103, 32.765561], [-16.845099, 32.765533], [-16.845088, 32.765507], [-16.845075, 32.765488], [-16.845057, 32.765472], [-16.845036, 32.765458], [-16.845007, 32.765443], [-16.844977, 32.765432], [-16.844856, 32.765414], [-16.844823, 32.765398], [-16.844776, 32.765357], [-16.844721, 32.765327], [-16.844673, 32.765303], [-16.844629, 32.765284], [-16.844602, 32.76527], [-16.844475, 32.765192], [-16.844416, 32.765165], [-16.844371, 32.765155], [-16.844262, 32.765133], [-16.844233, 32.765121], [-16.844208, 32.765105], [-16.844182, 32.765079], [-16.844172, 32.765065], [-16.844164, 32.765048], [-16.844157, 32.765025], [-16.844157, 32.765001], [-16.844186, 32.764791], [-16.844183, 32.764715], [-16.84418, 32.764678], [-16.844165, 32.764634], [-16.84416, 32.764627], [-16.844152, 32.764623], [-16.844142, 32.764621], [-16.84413, 32.764623], [-16.844024, 32.764654], [-16.843875, 32.764694], [-16.843845, 32.764693], [-16.843816, 32.764686], [-16.843792, 32.764675], [-16.843771, 32.76466], [-16.843744, 32.764621], [-16.8437, 32.764528], [-16.843675, 32.764506], [-16.843611, 32.764483], [-16.843577, 32.764461], [-16.843559, 32.764425], [-16.8435, 32.764246], [-16.843457, 32.764213], [-16.843436, 32.764215], [-16.843396, 32.764223], [-16.843383, 32.764237], [-16.84333, 32.764333], [-16.843275, 32.764479], [-16.843229, 32.764577], [-16.843161, 32.764639], [-16.843005, 32.764738], [-16.842988, 32.764742], [-16.84297, 32.764741], [-16.842957, 32.764734], [-16.842948, 32.764724], [-16.842943, 32.764713], [-16.84288, 32.764486], [-16.84285, 32.76441], [-16.84283, 32.764386], [-16.842774, 32.764337], [-16.84271, 32.764288], [-16.842614, 32.764244], [-16.842472, 32.764211], [-16.842395, 32.764208], [-16.842239, 32.764211], [-16.842162, 32.764226], [-16.841932, 32.764352], [-16.841835, 32.764369], [-16.84153, 32.764369], [-16.841428, 32.764388], [-16.841028, 32.764559], [-16.840966, 32.764568], [-16.840925, 32.764558], [-16.840878, 32.764533], [-16.840761, 32.764399], [-16.840661, 32.764306], [-16.840523, 32.764247], [-16.840113, 32.764234], [-16.839932, 32.764243], [-16.839848, 32.764241], [-16.839776, 32.764219], [-16.839693, 32.764175], [-16.839626, 32.76412], [-16.839465, 32.764056]], [[-16.836834, 32.755947], [-16.836876, 32.755921], [-16.836901, 32.75591], [-16.836935, 32.75589], [-16.837111, 32.75571], [-16.837198, 32.755622], [-16.83724, 32.755593], [-16.837258, 32.755584], [-16.837336, 32.755567], [-16.837364, 32.755563], [-16.837404, 32.755563], [-16.837424, 32.755568], [-16.837498, 32.755615], [-16.837526, 32.755629], [-16.837616, 32.755659], [-16.837634, 32.755661], [-16.837651, 32.755659], [-16.83767, 32.755653], [-16.837686, 32.755643], [-16.83791, 32.755449], [-16.837924, 32.755435], [-16.837935, 32.755418], [-16.837942, 32.755398], [-16.837945, 32.755377], [-16.837937, 32.755283], [-16.837944, 32.755271], [-16.837968, 32.755246], [-16.837974, 32.755234], [-16.837975, 32.755221], [-16.837969, 32.755203], [-16.837956, 32.75519], [-16.83791, 32.755161], [-16.837873, 32.755138], [-16.837857, 32.755122], [-16.83784, 32.755081], [-16.837837, 32.754771], [-16.837843, 32.754703], [-16.837866, 32.754636], [-16.837931, 32.754545], [-16.838017, 32.754452], [-16.838158, 32.754347], [-16.838181, 32.754325], [-16.838187, 32.754303], [-16.838184, 32.754236], [-16.838187, 32.754225], [-16.838239, 32.754179], [-16.838397, 32.754073], [-16.838482, 32.754056], [-16.838539, 32.754061], [-16.838584, 32.754076], [-16.838624, 32.754109], [-16.83866, 32.754152], [-16.838714, 32.754209], [-16.838785, 32.754245], [-16.839039, 32.754317], [-16.839296, 32.754394], [-16.839452, 32.754458], [-16.839579, 32.754537], [-16.839757, 32.754721], [-16.839781, 32.75473], [-16.839836, 32.754723], [-16.839901, 32.754693], [-16.840004, 32.754645], [-16.840105, 32.754556], [-16.840223, 32.754387], [-16.840252, 32.75439], [-16.840321, 32.754419], [-16.840307, 32.754451], [-16.840295, 32.754522], [-16.840297, 32.754619], [-16.840299, 32.754666], [-16.840287, 32.754722], [-16.840272, 32.754758], [-16.840238, 32.754807], [-16.840199, 32.754861], [-16.840184, 32.754874], [-16.840161, 32.754887], [-16.840115, 32.754903], [-16.840065, 32.754919], [-16.840032, 32.754941], [-16.840013, 32.75496], [-16.839958, 32.755056], [-16.839948, 32.755069], [-16.839935, 32.75508], [-16.839914, 32.755092], [-16.83979, 32.755133], [-16.839563, 32.755195], [-16.839521, 32.755203], [-16.839493, 32.755203], [-16.839475, 32.755196], [-16.83944, 32.755177], [-16.839422, 32.75517], [-16.839363, 32.755165], [-16.839345, 32.755163], [-16.839326, 32.755169], [-16.839311, 32.755181], [-16.839303, 32.755196], [-16.839303, 32.755212], [-16.839315, 32.755319], [-16.83933, 32.755373], [-16.839358, 32.755449], [-16.839368, 32.755488], [-16.839377, 32.755641], [-16.839364, 32.755671], [-16.83936, 32.75569], [-16.839375, 32.755717], [-16.839395, 32.755737], [-16.839427, 32.755762], [-16.839452, 32.755786], [-16.839501, 32.755849], [-16.839548, 32.755885], [-16.839612, 32.755928], [-16.839661, 32.755954], [-16.839712, 32.755977], [-16.839766, 32.755994], [-16.839788, 32.755997], [-16.839808, 32.755993], [-16.839853, 32.755973], [-16.839942, 32.75592], [-16.840203, 32.755745], [-16.840244, 32.755723], [-16.840269, 32.755715], [-16.840328, 32.755704], [-16.840402, 32.755699], [-16.840494, 32.755687], [-16.840592, 32.755667], [-16.840846, 32.755568], [-16.840888, 32.755559], [-16.840916, 32.755558], [-16.841063, 32.755573], [-16.841183, 32.755576], [-16.841237, 32.755572], [-16.84128, 32.755566], [-16.84136, 32.755545], [-16.841381, 32.755538], [-16.841387, 32.755539], [-16.8414, 32.755544], [-16.841423, 32.755568], [-16.841432, 32.755581], [-16.841428, 32.7556], [-16.841421, 32.755638], [-16.841417, 32.755655], [-16.841411, 32.755672], [-16.841398, 32.755693], [-16.841387, 32.755705], [-16.841379, 32.755714], [-16.841356, 32.75573], [-16.84134, 32.755744], [-16.841322, 32.755765], [-16.841297, 32.7558], [-16.841292, 32.755809], [-16.84113, 32.755995], [-16.841053, 32.756062], [-16.841006, 32.756107], [-16.840909, 32.756223], [-16.840882, 32.756262], [-16.840866, 32.756285], [-16.840844, 32.756317], [-16.840841, 32.756331], [-16.84083, 32.756445], [-16.840828, 32.756497], [-16.840819, 32.756549], [-16.840798, 32.756666], [-16.840795, 32.756685], [-16.840789, 32.756727], [-16.84079, 32.756852], [-16.840797, 32.756868], [-16.840807, 32.756875], [-16.840819, 32.75688], [-16.840935, 32.75689], [-16.841013, 32.756894], [-16.841091, 32.756892], [-16.841174, 32.756886], [-16.841256, 32.756874], [-16.84159, 32.756769], [-16.841615, 32.756764], [-16.841641, 32.756765], [-16.841665, 32.756771], [-16.841682, 32.75678], [-16.841696, 32.75679], [-16.841779, 32.756993], [-16.841822, 32.7571], [-16.841824, 32.757123], [-16.841805, 32.757233], [-16.841812, 32.757264], [-16.841828, 32.757291], [-16.841841, 32.757304], [-16.841856, 32.757315], [-16.841914, 32.757358], [-16.841992, 32.757401], [-16.842071, 32.75743], [-16.842164, 32.757464], [-16.842269, 32.757513], [-16.842316, 32.757536], [-16.842421, 32.7576], [-16.842471, 32.757618], [-16.842685, 32.757667], [-16.842988, 32.757744], [-16.843182, 32.757802], [-16.843383, 32.75788], [-16.843553, 32.757939], [-16.84358, 32.757954], [-16.843611, 32.757976], [-16.843641, 32.757992], [-16.843684, 32.757996], [-16.843827, 32.758018], [-16.843928, 32.758062], [-16.843968, 32.758076], [-16.844046, 32.758092], [-16.844139, 32.758102], [-16.844174, 32.758111], [-16.84423, 32.758142], [-16.844317, 32.758209], [-16.844334, 32.758219], [-16.844353, 32.758226], [-16.844431, 32.758239], [-16.844448, 32.758245], [-16.844462, 32.758255], [-16.844467, 32.758269], [-16.844464, 32.758284], [-16.844458, 32.758293], [-16.84445, 32.758303], [-16.844442, 32.758309], [-16.844391, 32.758311], [-16.844317, 32.758316], [-16.844226, 32.758329], [-16.844197, 32.758337], [-16.84413, 32.758365], [-16.844072, 32.758383], [-16.844036, 32.758381], [-16.843849, 32.758307], [-16.843806, 32.758297], [-16.843772, 32.758296], [-16.843553, 32.758331], [-16.843397, 32.75835], [-16.843132, 32.758379], [-16.84282, 32.758459], [-16.842767, 32.758461], [-16.842602, 32.758433], [-16.842451, 32.758426], [-16.842375, 32.758413], [-16.842222, 32.758378], [-16.842097, 32.758375], [-16.842026, 32.758365], [-16.84177, 32.758296], [-16.841644, 32.758274], [-16.841494, 32.758276], [-16.841376, 32.758279], [-16.84127, 32.758265], [-16.841145, 32.758259], [-16.84105, 32.758268], [-16.841016, 32.758278], [-16.840989, 32.758297], [-16.84097, 32.758319], [-16.840959, 32.758344], [-16.840966, 32.758434], [-16.840966, 32.758466], [-16.840954, 32.758518], [-16.840923, 32.758592], [-16.84089, 32.75865], [-16.840851, 32.758706], [-16.840815, 32.75875], [-16.840774, 32.758793], [-16.840763, 32.758808], [-16.840756, 32.758825], [-16.840753, 32.758846], [-16.840763, 32.758927], [-16.840778, 32.75897], [-16.840828, 32.759076], [-16.840851, 32.759131], [-16.840857, 32.759153], [-16.840856, 32.759175], [-16.840824, 32.75926], [-16.840799, 32.759305], [-16.840767, 32.759345], [-16.840657, 32.759472], [-16.840619, 32.759528], [-16.840614, 32.759546], [-16.840619, 32.759566], [-16.84063, 32.75958], [-16.840647, 32.759589], [-16.840665, 32.759592], [-16.840863, 32.759599], [-16.841126, 32.759599], [-16.841213, 32.759599], [-16.841382, 32.759591], [-16.841482, 32.759591], [-16.8416, 32.759601], [-16.841863, 32.75957], [-16.842134, 32.75951], [-16.84243, 32.759439], [-16.842473, 32.759443], [-16.842521, 32.759455], [-16.842636, 32.759485], [-16.842681, 32.759498], [-16.842809, 32.759571], [-16.842834, 32.759593], [-16.842939, 32.759709], [-16.843072, 32.759888], [-16.843092, 32.759904], [-16.843139, 32.759924], [-16.843145, 32.75993], [-16.843148, 32.759937], [-16.843148, 32.759948], [-16.843143, 32.759958], [-16.843071, 32.760062], [-16.843064, 32.760082], [-16.843064, 32.760107], [-16.843113, 32.760274], [-16.843122, 32.76029], [-16.843135, 32.760302], [-16.843216, 32.76034], [-16.84323, 32.760349], [-16.843245, 32.760368], [-16.843255, 32.760394], [-16.843254, 32.760407], [-16.843248, 32.760416], [-16.843238, 32.760423], [-16.843224, 32.760426], [-16.843101, 32.760455], [-16.84307, 32.760459], [-16.842983, 32.760468], [-16.84295, 32.760468], [-16.842908, 32.76046], [-16.842846, 32.760438], [-16.84282, 32.760436], [-16.842796, 32.760441], [-16.842773, 32.76045], [-16.842756, 32.760463], [-16.842743, 32.76048], [-16.842686, 32.760703], [-16.84268, 32.760708], [-16.842671, 32.760712], [-16.842661, 32.760713], [-16.842652, 32.760711], [-16.842527, 32.760637], [-16.842492, 32.760623], [-16.842459, 32.760616], [-16.842425, 32.760614], [-16.842398, 32.760616], [-16.842371, 32.760621], [-16.842242, 32.760687], [-16.842215, 32.760697], [-16.842196, 32.7607], [-16.842178, 32.7607], [-16.842023, 32.760665], [-16.841998, 32.760665], [-16.841976, 32.760671], [-16.841956, 32.76068], [-16.841912, 32.760714], [-16.841882, 32.760762], [-16.841858, 32.760954], [-16.841869, 32.761004], [-16.841871, 32.761015], [-16.841869, 32.761023], [-16.841863, 32.76103], [-16.841851, 32.761036], [-16.841836, 32.761035], [-16.841602, 32.760987], [-16.841572, 32.760987], [-16.841547, 32.760995], [-16.841523, 32.761012], [-16.841416, 32.761209], [-16.84139, 32.761247], [-16.84133, 32.761306], [-16.841279, 32.76134], [-16.841065, 32.761436], [-16.841019, 32.761453], [-16.840941, 32.761474], [-16.840875, 32.761487], [-16.840743, 32.761525], [-16.840722, 32.761537], [-16.840708, 32.76155], [-16.840702, 32.761568], [-16.840707, 32.761588], [-16.840723, 32.761604], [-16.840798, 32.761639], [-16.840817, 32.761653], [-16.840838, 32.761675], [-16.840848, 32.761692], [-16.84085, 32.761704], [-16.840849, 32.761713], [-16.840846, 32.761719], [-16.840835, 32.761725], [-16.84081, 32.761732], [-16.840787, 32.761746], [-16.84071, 32.761803], [-16.840615, 32.761875], [-16.840592, 32.761896], [-16.840568, 32.761924], [-16.840524, 32.761996], [-16.840497, 32.762032], [-16.84048, 32.762051], [-16.84045, 32.762072], [-16.840378, 32.762127], [-16.840361, 32.762138], [-16.840295, 32.762178], [-16.840282, 32.762202], [-16.840259, 32.762259], [-16.840254, 32.762273], [-16.840256, 32.762295], [-16.84028, 32.762394], [-16.840278, 32.762411], [-16.840275, 32.762415], [-16.840272, 32.762418], [-16.840265, 32.762419], [-16.840236, 32.762416], [-16.840179, 32.762394], [-16.840153, 32.762385], [-16.840122, 32.762382], [-16.840094, 32.762387], [-16.840069, 32.762398], [-16.840018, 32.762436], [-16.839965, 32.762461], [-16.839895, 32.762484], [-16.839862, 32.762502], [-16.839711, 32.762607], [-16.839662, 32.762623], [-16.839613, 32.76263], [-16.839566, 32.762628], [-16.839521, 32.762621], [-16.839393, 32.762579], [-16.83936, 32.76257], [-16.839323, 32.762571], [-16.839288, 32.762575], [-16.839243, 32.762587], [-16.839204, 32.762605], [-16.839095, 32.762692], [-16.839017, 32.762754], [-16.838972, 32.762776], [-16.838911, 32.762805], [-16.838898, 32.762817], [-16.838894, 32.762833], [-16.838898, 32.762847], [-16.838907, 32.762857], [-16.839185, 32.763027], [-16.839223, 32.763061], [-16.839257, 32.763089], [-16.839287, 32.763131], [-16.839301, 32.763166], [-16.839324, 32.763224], [-16.839344, 32.763248], [-16.839372, 32.76333], [-16.839369, 32.763347], [-16.83936, 32.763359], [-16.839228, 32.76345], [-16.839198, 32.763467], [-16.839114, 32.763587], [-16.839101, 32.763619], [-16.839086, 32.763698]], [[-16.836773, 32.755964], [-16.836728, 32.755967], [-16.836728, 32.756001], [-16.836651, 32.756], [-16.836605, 32.755976], [-16.836558, 32.75594], [-16.836526, 32.755889], [-16.836513, 32.755862], [-16.836493, 32.75581], [-16.836477, 32.755774], [-16.836466, 32.755753], [-16.836443, 32.755737], [-16.836388, 32.755706], [-16.83625, 32.755675], [-16.836138, 32.755644], [-16.836042, 32.75559], [-16.835956, 32.755541], [-16.835878, 32.755518], [-16.835779, 32.755514], [-16.83569, 32.755499], [-16.835637, 32.755482], [-16.835594, 32.755452], [-16.835572, 32.755409], [-16.835494, 32.755184], [-16.835489, 32.754923], [-16.835484, 32.75483], [-16.835464, 32.754718], [-16.83545, 32.754585], [-16.835462, 32.754535]], [[-16.835195, 32.754709], [-16.835143, 32.754756], [-16.835115, 32.754928], [-16.835089, 32.755025], [-16.835064, 32.755115], [-16.834995, 32.755202], [-16.83493, 32.755222], [-16.834786, 32.755231], [-16.834661, 32.755233], [-16.83448, 32.755254], [-16.834211, 32.755272], [-16.833934, 32.755161], [-16.833735, 32.755153], [-16.833689, 32.755149], [-16.833641, 32.75511], [-16.833593, 32.755025], [-16.833496, 32.75492], [-16.833375, 32.75479], [-16.833237, 32.754638], [-16.832977, 32.754391], [-16.83296, 32.754368], [-16.832953, 32.754321], [-16.83297, 32.754244], [-16.832964, 32.754199], [-16.832926, 32.754155], [-16.83286, 32.754126], [-16.832801, 32.754125], [-16.83274, 32.754132], [-16.832691, 32.754157], [-16.832668, 32.754209], [-16.832659, 32.75427], [-16.832684, 32.754363], [-16.832718, 32.754446], [-16.832765, 32.754515], [-16.832815, 32.754605], [-16.832819, 32.754638], [-16.832793, 32.754658], [-16.832749, 32.754669], [-16.832687, 32.754669], [-16.832588, 32.75465], [-16.832507, 32.754619], [-16.83241, 32.754526], [-16.83238, 32.754409], [-16.832376, 32.754323], [-16.832387, 32.754229], [-16.832381, 32.754144], [-16.832363, 32.754036], [-16.832353, 32.753935], [-16.832367, 32.753835], [-16.832359, 32.753721], [-16.832333, 32.753658], [-16.832286, 32.753602], [-16.832222, 32.753546], [-16.832091, 32.753515], [-16.831983, 32.753482], [-16.831879, 32.753453], [-16.831794, 32.75345], [-16.831741, 32.753475], [-16.831669, 32.753542], [-16.831571, 32.753653], [-16.831452, 32.753781], [-16.831393, 32.753854], [-16.831322, 32.753926], [-16.831275, 32.753956], [-16.831138, 32.753985], [-16.831087, 32.754006], [-16.831063, 32.754033], [-16.831035, 32.754114], [-16.831029, 32.754277], [-16.831013, 32.75431], [-16.830959, 32.754341], [-16.830864, 32.754363], [-16.830801, 32.754392], [-16.83076, 32.75444], [-16.83074, 32.754521], [-16.830754, 32.754608], [-16.83076, 32.754699], [-16.830756, 32.754778], [-16.830731, 32.754853], [-16.83068, 32.754898], [-16.830634, 32.754916], [-16.830598, 32.754917], [-16.830531, 32.754897], [-16.830462, 32.754864], [-16.830377, 32.754783], [-16.830324, 32.754712], [-16.830267, 32.754636], [-16.830223, 32.754605], [-16.830156, 32.75459], [-16.830007, 32.754626], [-16.829915, 32.754662], [-16.829807, 32.754709], [-16.829728, 32.754748], [-16.829656, 32.754761], [-16.829611, 32.754756], [-16.829594, 32.754742], [-16.829569, 32.754657], [-16.829518, 32.754568], [-16.82951, 32.754515], [-16.829515, 32.754414], [-16.829521, 32.754318], [-16.829576, 32.754231], [-16.829596, 32.754151], [-16.829557, 32.754076], [-16.829498, 32.754015], [-16.829448, 32.753937], [-16.829374, 32.75385], [-16.829334, 32.753723], [-16.829308, 32.753636], [-16.829223, 32.75354], [-16.829173, 32.753445], [-16.829133, 32.753392], [-16.829139, 32.753372], [-16.829163, 32.753359], [-16.829226, 32.75336], [-16.829296, 32.753338], [-16.829372, 32.753319], [-16.829444, 32.753321], [-16.829513, 32.753322], [-16.829569, 32.753318], [-16.829652, 32.753295], [-16.829729, 32.753266], [-16.829764, 32.753231], [-16.829797, 32.753169], [-16.829857, 32.753106], [-16.829929, 32.753046], [-16.830034, 32.752855], [-16.83006, 32.752802], [-16.830063, 32.752744], [-16.830043, 32.752697], [-16.829978, 32.752639], [-16.829906, 32.752593], [-16.829795, 32.752485], [-16.829763, 32.752411], [-16.829731, 32.752323], [-16.829706, 32.752143], [-16.829727, 32.752056], [-16.829713, 32.752002], [-16.829726, 32.751941], [-16.82968, 32.751912], [-16.82963, 32.751892], [-16.829565, 32.751888], [-16.829509, 32.751939], [-16.829434, 32.752084], [-16.829363, 32.752175], [-16.829281, 32.752235], [-16.829211, 32.752301], [-16.82919, 32.752346], [-16.829168, 32.75239], [-16.82914, 32.752415], [-16.829102, 32.752428], [-16.829041, 32.752431], [-16.828887, 32.752426], [-16.828769, 32.752429], [-16.828743, 32.752415], [-16.828741, 32.752392], [-16.828763, 32.752294], [-16.828824, 32.75218], [-16.828829, 32.752081], [-16.828801, 32.751934], [-16.828718, 32.751859], [-16.828721, 32.751849], [-16.828722, 32.751797], [-16.828739, 32.751743]], [[-16.828408, 32.751918], [-16.828501, 32.751957], [-16.828559, 32.751961], [-16.828568, 32.751964], [-16.828587, 32.752003], [-16.828572, 32.752041], [-16.828504, 32.752097], [-16.828332, 32.752182], [-16.828094, 32.752244], [-16.827949, 32.752215], [-16.827867, 32.752154], [-16.827668, 32.752117], [-16.827512, 32.752111], [-16.82743, 32.75203], [-16.827369, 32.752058], [-16.827343, 32.752169], [-16.827239, 32.752271], [-16.82714, 32.752283], [-16.827069, 32.752263], [-16.827048, 32.752284], [-16.827108, 32.752412], [-16.827012, 32.752503], [-16.827023, 32.752568], [-16.827078, 32.752646], [-16.827157, 32.752698], [-16.827186, 32.752825], [-16.827286, 32.753073], [-16.827358, 32.753122], [-16.827362, 32.753236], [-16.827326, 32.753347], [-16.827348, 32.753443], [-16.827383, 32.753484], [-16.82743, 32.753523], [-16.827423, 32.753799], [-16.827424, 32.753959], [-16.82738, 32.753998], [-16.827333, 32.754054], [-16.827229, 32.754087], [-16.82717, 32.754119], [-16.827133, 32.754118], [-16.827052, 32.754085], [-16.826869, 32.754005], [-16.82667, 32.753932], [-16.826574, 32.753937], [-16.826457, 32.753959], [-16.826427, 32.75396], [-16.826399, 32.753944], [-16.826389, 32.753918], [-16.826394, 32.753875], [-16.826402, 32.753786], [-16.826402, 32.753746], [-16.826391, 32.753692], [-16.826348, 32.753594], [-16.826273, 32.753511], [-16.826209, 32.753487], [-16.826119, 32.753473]]]}}, {"type": "Feature", "properties": {"name": "Levada da Ribeira da Janela", "length_km": 11.13, "hasTunnel": true}, "geometry": {"type": "MultiLineString", "coordinates": [[[-17.15754, 32.789395], [-17.157753, 32.789246], [-17.157936, 32.789387], [-17.1585, 32.789461], [-17.158745, 32.789633], [-17.158367, 32.790329], [-17.157612, 32.790634], [-17.15757, 32.790991], [-17.157385, 32.791197], [-17.157651, 32.792645], [-17.157694, 32.793204], [-17.157629, 32.793872], [-17.157715, 32.794647], [-17.157865, 32.795243], [-17.157869, 32.795912], [-17.158445, 32.796433], [-17.158745, 32.796703], [-17.159036, 32.797222], [-17.159153, 32.797641], [-17.159587, 32.798434], [-17.160045, 32.798698], [-17.161218, 32.799608], [-17.161424, 32.799866], [-17.169781, 32.806703], [-17.171381, 32.808002], [-17.17184, 32.808388], [-17.171272, 32.809246], [-17.171233, 32.809576], [-17.171332, 32.810089], [-17.171472, 32.810205], [-17.17164, 32.810186], [-17.17172, 32.810045], [-17.172103, 32.809915], [-17.172183, 32.809986], [-17.171849, 32.810407], [-17.171779, 32.810556], [-17.171775, 32.810708], [-17.171864, 32.810879], [-17.172063, 32.811056], [-17.172151, 32.811241], [-17.172012, 32.811338], [-17.171779, 32.81144], [-17.171335, 32.812179], [-17.171745, 32.812539], [-17.172207, 32.812883], [-17.172956, 32.814273], [-17.17328, 32.81439], [-17.173682, 32.814624], [-17.174074, 32.814882], [-17.174446, 32.815076], [-17.174579, 32.815139], [-17.17478, 32.815152], [-17.174701, 32.815244], [-17.174588, 32.815292], [-17.173955, 32.815173], [-17.173338, 32.81511], [-17.173093, 32.815152], [-17.172944, 32.815182], [-17.173117, 32.815477], [-17.173294, 32.815775], [-17.173658, 32.816106], [-17.173654, 32.81644], [-17.173699, 32.816703], [-17.173916, 32.81701], [-17.174045, 32.817241], [-17.174212, 32.817338], [-17.174168, 32.817445], [-17.174244, 32.817644], [-17.17428, 32.81787], [-17.174555, 32.818036], [-17.174971, 32.818172], [-17.175064, 32.818379], [-17.174959, 32.81864], [-17.175074, 32.818821], [-17.174944, 32.81904], [-17.174834, 32.819283], [-17.174852, 32.819322], [-17.174579, 32.819403], [-17.174181, 32.820136], [-17.174469, 32.820371], [-17.174664, 32.820453], [-17.175075, 32.820664], [-17.175323, 32.820734], [-17.175505, 32.82085], [-17.175642, 32.821057], [-17.175766, 32.821174], [-17.176994, 32.82288], [-17.176646, 32.823464], [-17.17648, 32.824102], [-17.17634, 32.824152], [-17.17607, 32.824139], [-17.175886, 32.824176], [-17.175733, 32.824233], [-17.175888, 32.824584], [-17.17585, 32.824752], [-17.175785, 32.824882], [-17.175773, 32.824958], [-17.175821, 32.824999], [-17.175883, 32.825024], [-17.175988, 32.825029], [-17.176079, 32.82507], [-17.176237, 32.825117], [-17.176386, 32.825129], [-17.176668, 32.825072], [-17.176975, 32.825017], [-17.178284, 32.823623], [-17.178349, 32.823679], [-17.178421, 32.823741], [-17.17809, 32.824525], [-17.17812, 32.824848], [-17.178086, 32.825063], [-17.178117, 32.825122], [-17.178198, 32.825116], [-17.17829, 32.825051], [-17.178591, 32.824757], [-17.178925, 32.8246], [-17.179249, 32.82452], [-17.180188, 32.824311], [-17.180554, 32.824403], [-17.180665, 32.824417], [-17.180722, 32.824483], [-17.180704, 32.824546], [-17.180643, 32.824604], [-17.180472, 32.824668], [-17.18089, 32.827556], [-17.180985, 32.827654], [-17.181154, 32.827764], [-17.181084, 32.827915], [-17.180864, 32.828013], [-17.180558, 32.828081], [-17.179947, 32.828169], [-17.179754, 32.82807], [-17.179614, 32.828038], [-17.179484, 32.828061], [-17.179434, 32.828289], [-17.17906, 32.828945], [-17.179025, 32.829147], [-17.17909, 32.829435], [-17.179018, 32.829716], [-17.179261, 32.829978], [-17.179137, 32.830132], [-17.178655, 32.830149], [-17.177849, 32.830721], [-17.177581, 32.830965], [-17.176969, 32.831165], [-17.176599, 32.831237], [-17.176471, 32.831324], [-17.17647, 32.831498], [-17.176596, 32.831634], [-17.176756, 32.83172], [-17.177001, 32.83177], [-17.177261, 32.831914], [-17.177411, 32.832128], [-17.177432, 32.832299], [-17.177376, 32.832716], [-17.177245, 32.832907], [-17.177269, 32.833045], [-17.177429, 32.833086], [-17.177579, 32.833085], [-17.178132, 32.833294], [-17.178254, 32.833262], [-17.178334, 32.833324], [-17.178422, 32.833444], [-17.178495, 32.833596], [-17.178652, 32.833706], [-17.179019, 32.833797], [-17.179304, 32.833904], [-17.17936, 32.834038], [-17.179357, 32.834152], [-17.179275, 32.83421], [-17.17873, 32.834366], [-17.17867, 32.834441], [-17.178647, 32.834513], [-17.178781, 32.834653], [-17.179402, 32.83505], [-17.179611, 32.835149], [-17.1799, 32.835318], [-17.179957, 32.835445], [-17.180237, 32.835835], [-17.180311, 32.835946], [-17.180258, 32.835988], [-17.180222, 32.836024], [-17.180163, 32.836017], [-17.180044, 32.835945], [-17.179982, 32.835791], [-17.179382, 32.835582], [-17.17912, 32.835551], [-17.178849, 32.835585], [-17.178599, 32.835589], [-17.178355, 32.835487], [-17.178215, 32.83548], [-17.178042, 32.835522], [-17.177636, 32.835572], [-17.177361, 32.835585], [-17.177165, 32.835643], [-17.176649, 32.835916], [-17.176571, 32.835966], [-17.17647, 32.836078], [-17.176497, 32.836217], [-17.176303, 32.836467], [-17.176205, 32.836571], [-17.176278, 32.836732], [-17.176303, 32.836915], [-17.17625, 32.836981], [-17.176151, 32.837031], [-17.175963, 32.837169], [-17.175651, 32.837305], [-17.175572, 32.837355], [-17.175403, 32.837417], [-17.175416, 32.837494], [-17.1755, 32.837609], [-17.175504, 32.837767], [-17.175414, 32.837908], [-17.175286, 32.838051], [-17.175168, 32.838102], [-17.174599, 32.838222], [-17.174521, 32.838289], [-17.174427, 32.838455], [-17.174301, 32.838533], [-17.174119, 32.83862], [-17.173881, 32.838783], [-17.173864, 32.838958], [-17.173914, 32.839131], [-17.173924, 32.839223], [-17.173894, 32.83931], [-17.173816, 32.839375], [-17.173759, 32.839436], [-17.173651, 32.83951], [-17.173596, 32.839612], [-17.173581, 32.839823], [-17.173552, 32.839908], [-17.173499, 32.840004], [-17.173449, 32.840066], [-17.173421, 32.840117], [-17.17343, 32.840181], [-17.173435, 32.840214], [-17.173418, 32.840297], [-17.173404, 32.840328], [-17.173371, 32.840412], [-17.17336, 32.8405], [-17.173329, 32.840645], [-17.173331, 32.840923], [-17.173338, 32.840947], [-17.173351, 32.840992], [-17.173406, 32.841019], [-17.173522, 32.84104], [-17.173663, 32.841047], [-17.173741, 32.84105], [-17.173844, 32.841063], [-17.17387, 32.841071]], [[-17.157439, 32.804483], [-17.158123, 32.801519], [-17.157908, 32.801249], [-17.157844, 32.800798], [-17.15793, 32.800597], [-17.158123, 32.800149], [-17.158102, 32.799806], [-17.157908, 32.798914], [-17.157723, 32.798297], [-17.157122, 32.797817], [-17.15701, 32.797363], [-17.156771, 32.797082], [-17.156619, 32.796929], [-17.156031, 32.796341], [-17.156557, 32.796271], [-17.156685, 32.795495], [-17.156471, 32.794611], [-17.15675, 32.792555], [-17.15594, 32.79187], [-17.15608, 32.791291], [-17.156111, 32.791165], [-17.157706, 32.789853]]]}}, {"type": "Feature", "properties": {"name": "Levada da Serra do Faial", "length_km": 11.04, "hasTunnel": true}, "geometry": {"type": "MultiLineString", "coordinates": [[[-16.927549, 32.743667], [-16.927442, 32.743673], [-16.927338, 32.743672], [-16.927199, 32.743643], [-16.926938, 32.743512], [-16.926932, 32.743509], [-16.926913, 32.743348], [-16.926862, 32.743293], [-16.926722, 32.743277], [-16.926448, 32.743338], [-16.926167, 32.743401], [-16.925628, 32.743198], [-16.92462, 32.742765], [-16.923772, 32.742485], [-16.922344, 32.741913], [-16.922246, 32.741722], [-16.922161, 32.741277], [-16.9221, 32.741298], [-16.922097, 32.741352], [-16.922088, 32.741489], [-16.922055, 32.741811], [-16.921702, 32.741852], [-16.92158, 32.741807], [-16.92145, 32.74178], [-16.921291, 32.741664], [-16.921007, 32.741619], [-16.920856, 32.741465], [-16.920701, 32.741342], [-16.920498, 32.741188], [-16.920327, 32.741048], [-16.920067, 32.741199], [-16.919844, 32.741171], [-16.919592, 32.741195], [-16.919127, 32.740833], [-16.918597, 32.740427], [-16.918504, 32.740355], [-16.917464, 32.739814], [-16.91653, 32.739507], [-16.915447, 32.739534], [-16.915272, 32.739561], [-16.91527, 32.739557], [-16.91509, 32.739063], [-16.914778, 32.737738]], [[-16.855363, 32.682833], [-16.855736, 32.683014], [-16.856124, 32.683247], [-16.856219, 32.683302], [-16.85632, 32.683281], [-16.856417, 32.683207], [-16.8565, 32.683077], [-16.856651, 32.682997], [-16.85681, 32.682955], [-16.856991, 32.682991], [-16.857267, 32.683074], [-16.8573, 32.683058], [-16.857225, 32.682956], [-16.857187, 32.682847], [-16.857158, 32.682733], [-16.857048, 32.682668], [-16.856925, 32.682557], [-16.856765, 32.682414], [-16.856662, 32.6823], [-16.856473, 32.682124], [-16.856396, 32.681968], [-16.856412, 32.681859], [-16.856426, 32.681819], [-16.856456, 32.681775], [-16.85656, 32.681761], [-16.856732, 32.681781], [-16.856887, 32.681806], [-16.857058, 32.681798], [-16.857256, 32.681792], [-16.857366, 32.68175], [-16.857417, 32.681683], [-16.857383, 32.68164], [-16.857339, 32.681576], [-16.857292, 32.681539], [-16.857188, 32.681469], [-16.857016, 32.681335], [-16.856933, 32.681226], [-16.856807, 32.681102], [-16.856686, 32.68099], [-16.856502, 32.680835], [-16.856347, 32.680743], [-16.856163, 32.68067], [-16.856063, 32.68061], [-16.855942, 32.680543], [-16.855829, 32.680539], [-16.855686, 32.680532], [-16.855548, 32.680529], [-16.855419, 32.680476], [-16.855266, 32.680387], [-16.855173, 32.680356], [-16.855068, 32.680339], [-16.854946, 32.6803], [-16.854817, 32.680191], [-16.854803, 32.68009], [-16.854817, 32.679948], [-16.85488, 32.679773], [-16.854916, 32.679691], [-16.855084, 32.679588], [-16.855094, 32.679578], [-16.855119, 32.6794], [-16.855151, 32.679247], [-16.855206, 32.679173], [-16.855247, 32.679099], [-16.855218, 32.679043], [-16.855189, 32.679008], [-16.855151, 32.678966], [-16.855089, 32.678929], [-16.854913, 32.678916], [-16.854202, 32.678902], [-16.854106, 32.678849], [-16.85406, 32.678772], [-16.854037, 32.678655], [-16.854044, 32.678112], [-16.8541, 32.677872], [-16.854165, 32.677654]], [[-16.853134, 32.685879], [-16.853249, 32.685977], [-16.853662, 32.686185], [-16.854013, 32.686285], [-16.854129, 32.686357], [-16.854226, 32.686462], [-16.854297, 32.686577], [-16.854589, 32.6868], [-16.854722, 32.68695], [-16.854903, 32.687072], [-16.855026, 32.687115], [-16.855099, 32.687123], [-16.85552, 32.687042], [-16.855639, 32.68704], [-16.855789, 32.687073], [-16.856079, 32.687229], [-16.856263, 32.687437], [-16.85634, 32.687481], [-16.856483, 32.68753], [-16.856662, 32.687567], [-16.85688, 32.687584], [-16.856993, 32.687606], [-16.857033, 32.687642], [-16.857019, 32.687692], [-16.856823, 32.687779], [-16.856371, 32.687888], [-16.856196, 32.687902], [-16.855866, 32.687816], [-16.855846, 32.687813], [-16.855714, 32.687815], [-16.855501, 32.68789], [-16.855428, 32.687937], [-16.855317, 32.688068], [-16.855251, 32.68812], [-16.855144, 32.688125]], [[-16.853866, 32.685333], [-16.854055, 32.685279], [-16.854139, 32.685191], [-16.854341, 32.68499], [-16.85442, 32.684931], [-16.854508, 32.684924], [-16.854582, 32.684941], [-16.854671, 32.685004], [-16.854804, 32.685064], [-16.855098, 32.685166], [-16.855174, 32.685189], [-16.855244, 32.685189], [-16.855264, 32.68517], [-16.855258, 32.685136], [-16.855087, 32.685023], [-16.854955, 32.684981], [-16.854881, 32.684819], [-16.854656, 32.68461], [-16.854438, 32.684466], [-16.854306, 32.684443], [-16.854162, 32.684461], [-16.853979, 32.684445], [-16.85382, 32.684368], [-16.853616, 32.684337]], [[-16.853533, 32.684334], [-16.853326, 32.684411], [-16.853203, 32.684456], [-16.853047, 32.684468], [-16.852932, 32.684416], [-16.852799, 32.68433], [-16.852583, 32.684327], [-16.85247, 32.684311], [-16.852394, 32.684259], [-16.852277, 32.68417], [-16.852151, 32.684049], [-16.852023, 32.683943], [-16.851848, 32.683762], [-16.851814, 32.683642], [-16.851802, 32.683552], [-16.851818, 32.683337], [-16.851823, 32.683267]], [[-16.836362, 32.713006], [-16.836021, 32.713538], [-16.835991, 32.713673], [-16.836351, 32.714217], [-16.836437, 32.714672], [-16.836812, 32.715343], [-16.836953, 32.715425], [-16.837066, 32.715456], [-16.837179, 32.715437], [-16.837466, 32.715304], [-16.837689, 32.715257], [-16.837823, 32.71527], [-16.837886, 32.715334], [-16.83794, 32.71555], [-16.83803, 32.715672], [-16.83803, 32.715773], [-16.837975, 32.715908], [-16.837845, 32.715984], [-16.8378, 32.71606], [-16.837885, 32.716262], [-16.837945, 32.716343], [-16.838496, 32.716515], [-16.838566, 32.716646], [-16.838637, 32.716827], [-16.838687, 32.71687], [-16.838677, 32.716975], [-16.838601, 32.717042], [-16.838607, 32.717144], [-16.838702, 32.717199], [-16.838957, 32.717464], [-16.839093, 32.717548], [-16.839113, 32.717637], [-16.839083, 32.717894], [-16.839218, 32.718033], [-16.839413, 32.718105], [-16.839504, 32.718291], [-16.839624, 32.718624], [-16.839704, 32.718716], [-16.839869, 32.718767], [-16.84024, 32.718738], [-16.840581, 32.71886], [-16.840747, 32.718965], [-16.840736, 32.719007], [-16.840491, 32.719096], [-16.840311, 32.719218], [-16.84016, 32.719459], [-16.84005, 32.719526], [-16.84008, 32.719631], [-16.8403, 32.719766], [-16.841072, 32.719724], [-16.841207, 32.719775], [-16.841403, 32.719661], [-16.841413, 32.71961], [-16.841508, 32.71948], [-16.841669, 32.719391], [-16.841638, 32.719606], [-16.841694, 32.72023], [-16.841664, 32.720276], [-16.841628, 32.720483], [-16.841724, 32.720622], [-16.841759, 32.720791], [-16.841324, 32.720934], [-16.841433, 32.721381], [-16.841553, 32.72152], [-16.841603, 32.721613], [-16.841684, 32.72163], [-16.841839, 32.721967], [-16.841934, 32.721997], [-16.84208, 32.722014], [-16.842175, 32.721946], [-16.84222, 32.721858], [-16.842315, 32.721832], [-16.842405, 32.721761], [-16.842405, 32.721659], [-16.84246, 32.72155], [-16.842566, 32.721394], [-16.842636, 32.721381], [-16.842756, 32.721415], [-16.842891, 32.721508], [-16.842931, 32.721596], [-16.842871, 32.721963], [-16.842801, 32.722005], [-16.842806, 32.722182], [-16.84291, 32.722397], [-16.843008, 32.722553], [-16.843126, 32.722649], [-16.8432, 32.722696], [-16.843256, 32.722714], [-16.843364, 32.72271], [-16.843465, 32.72274], [-16.843792, 32.722701], [-16.843872, 32.722723], [-16.843966, 32.72271], [-16.844048, 32.72273], [-16.844094, 32.722758], [-16.844111, 32.722781], [-16.844106, 32.722808], [-16.843947, 32.722926], [-16.843898, 32.722992], [-16.84387, 32.723074], [-16.843883, 32.723133], [-16.843916, 32.723143], [-16.843973, 32.723188], [-16.844067, 32.723286], [-16.844181, 32.723354], [-16.844315, 32.723408], [-16.844449, 32.723421], [-16.844738, 32.723327], [-16.844819, 32.723332], [-16.845002, 32.723372], [-16.845074, 32.723433], [-16.845178, 32.72348], [-16.845206, 32.723514], [-16.845191, 32.723561], [-16.84505, 32.7236], [-16.845018, 32.723708], [-16.845008, 32.724051], [-16.845023, 32.724363], [-16.84533, 32.724785], [-16.845465, 32.724929], [-16.845579, 32.725078], [-16.845652, 32.72521], [-16.845748, 32.725345], [-16.845781, 32.725421], [-16.845871, 32.725487], [-16.84593, 32.72556], [-16.845941, 32.725622], [-16.845901, 32.72567], [-16.845861, 32.725689], [-16.845792, 32.725694], [-16.845681, 32.725677], [-16.845633, 32.725655], [-16.845496, 32.725626], [-16.845376, 32.725662], [-16.845306, 32.7257], [-16.84525, 32.725706], [-16.845148, 32.725695], [-16.845051, 32.725658], [-16.844875, 32.725682], [-16.844825, 32.725669], [-16.844709, 32.725682], [-16.844306, 32.725668], [-16.844193, 32.72571], [-16.844096, 32.725722], [-16.843985, 32.725713], [-16.843907, 32.725676], [-16.843522, 32.725618], [-16.843356, 32.725714], [-16.843252, 32.726037], [-16.843186, 32.726135], [-16.84308, 32.726231], [-16.842933, 32.726247], [-16.842749, 32.726207], [-16.842655, 32.726135], [-16.842543, 32.725969], [-16.842537, 32.725902], [-16.842449, 32.725844], [-16.842301, 32.725814], [-16.842125, 32.725841], [-16.841731, 32.725731], [-16.841602, 32.72574], [-16.841516, 32.725797], [-16.841493, 32.725863], [-16.841445, 32.725895], [-16.841326, 32.725918], [-16.841016, 32.725915], [-16.840849, 32.725875], [-16.840672, 32.725869], [-16.8405, 32.725883], [-16.840422, 32.725903], [-16.840365, 32.725939], [-16.84029, 32.725954], [-16.839947, 32.726082], [-16.839826, 32.726127], [-16.839749, 32.726185], [-16.839706, 32.726275], [-16.839751, 32.726378], [-16.839779, 32.726409], [-16.839908, 32.726474], [-16.840052, 32.726513], [-16.840129, 32.726509], [-16.840462, 32.726621], [-16.840646, 32.72667], [-16.84083, 32.726757], [-16.840889, 32.726855], [-16.840852, 32.727057], [-16.840855, 32.727187], [-16.84089, 32.727215], [-16.841124, 32.727262], [-16.841237, 32.727272], [-16.841722, 32.727195], [-16.84186, 32.7272], [-16.841944, 32.727252], [-16.84209, 32.727398], [-16.842129, 32.727488], [-16.842084, 32.727576], [-16.842021, 32.727647], [-16.841977, 32.727809], [-16.842011, 32.72795], [-16.841934, 32.728114], [-16.841826, 32.728152], [-16.841699, 32.728169], [-16.841548, 32.728287], [-16.841533, 32.72835], [-16.841588, 32.728565], [-16.841734, 32.728724], [-16.841812, 32.728763], [-16.841904, 32.728783], [-16.842245, 32.728768], [-16.842392, 32.728792], [-16.842548, 32.728793], [-16.842788, 32.728828], [-16.842977, 32.72888], [-16.843136, 32.728975], [-16.843115, 32.729012], [-16.843059, 32.729034], [-16.842931, 32.729054], [-16.84288, 32.729081], [-16.842872, 32.72912], [-16.842941, 32.72927], [-16.843053, 32.729368], [-16.843132, 32.729516], [-16.843115, 32.729585], [-16.843074, 32.729617], [-16.842919, 32.729483], [-16.842771, 32.729472], [-16.842598, 32.729442], [-16.84248, 32.729456], [-16.842233, 32.72952], [-16.84217, 32.729577], [-16.842044, 32.729649], [-16.842001, 32.729743], [-16.841944, 32.729763], [-16.841749, 32.729798], [-16.8414, 32.729825], [-16.841303, 32.729893], [-16.841212, 32.729929], [-16.841112, 32.729926], [-16.840851, 32.73], [-16.840642, 32.730028], [-16.840484, 32.730013], [-16.840256, 32.729971], [-16.840031, 32.729898], [-16.839898, 32.72989], [-16.83979, 32.729925], [-16.839736, 32.729972], [-16.839758, 32.730066], [-16.839822, 32.730175], [-16.840016, 32.73027], [-16.840174, 32.730374], [-16.840297, 32.730492], [-16.840463, 32.730699], [-16.84054, 32.73076], [-16.840592, 32.730775], [-16.840672, 32.730769], [-16.840825, 32.730675], [-16.840895, 32.730645], [-16.841099, 32.730685], [-16.841277, 32.730647], [-16.841487, 32.730631], [-16.841762, 32.730638], [-16.842204, 32.730761], [-16.842442, 32.730979], [-16.84271, 32.730999], [-16.842919, 32.731046], [-16.843038, 32.731096], [-16.843206, 32.731323], [-16.843208, 32.731385], [-16.843274, 32.731495], [-16.843433, 32.731584], [-16.843427, 32.731636], [-16.843468, 32.731694], [-16.843463, 32.731725], [-16.843398, 32.7318], [-16.843339, 32.731817], [-16.843261, 32.731807], [-16.843041, 32.731683], [-16.842896, 32.731667], [-16.842754, 32.731693], [-16.842503, 32.731688], [-16.842106, 32.731756], [-16.841728, 32.731889], [-16.84159, 32.731954], [-16.841531, 32.73206], [-16.841495, 32.73228], [-16.841522, 32.732363], [-16.841599, 32.732479], [-16.841584, 32.732622], [-16.841395, 32.732738], [-16.841345, 32.732802], [-16.841307, 32.732888], [-16.841291, 32.733005], [-16.841228, 32.733055], [-16.841077, 32.733078], [-16.841021, 32.733108], [-16.840966, 32.733117], [-16.840857, 32.732999], [-16.840789, 32.732954], [-16.840704, 32.732949], [-16.84055, 32.732991], [-16.84044, 32.733047], [-16.840372, 32.733101], [-16.840378, 32.733259], [-16.840445, 32.733342], [-16.84054, 32.733366], [-16.84063, 32.733417], [-16.840802, 32.733563], [-16.84084, 32.733626], [-16.840948, 32.733711], [-16.841029, 32.733711], [-16.841078, 32.733682], [-16.841142, 32.733706], [-16.84121, 32.733713], [-16.841278, 32.733704], [-16.841478, 32.733771], [-16.841557, 32.733921], [-16.841746, 32.73406], [-16.841873, 32.734097], [-16.84195, 32.734107], [-16.842125, 32.734073], [-16.842252, 32.734023], [-16.842419, 32.734119], [-16.842461, 32.734209], [-16.842447, 32.734293], [-16.842503, 32.734508], [-16.842598, 32.734597], [-16.842679, 32.734634], [-16.842853, 32.73466], [-16.842863, 32.734734], [-16.84282, 32.734794], [-16.842886, 32.734873], [-16.842951, 32.734906], [-16.843025, 32.734991], [-16.843045, 32.735052], [-16.843036, 32.735101], [-16.842988, 32.7352], [-16.842911, 32.735266], [-16.842919, 32.735319], [-16.842891, 32.735456], [-16.84291, 32.735697], [-16.843145, 32.73594], [-16.843241, 32.735997], [-16.843321, 32.735992], [-16.843389, 32.736003], [-16.84343, 32.736038], [-16.843467, 32.736073], [-16.843452, 32.736097], [-16.843457, 32.736204], [-16.843428, 32.736225], [-16.843345, 32.736245], [-16.843231, 32.736241], [-16.842788, 32.736297], [-16.842669, 32.736338], [-16.84256, 32.736355], [-16.842514, 32.736387], [-16.842475, 32.736465], [-16.842477, 32.736641], [-16.842478, 32.736712], [-16.842436, 32.736992], [-16.842457, 32.737057], [-16.842488, 32.737096], [-16.842512, 32.737243], [-16.842591, 32.737513], [-16.842608, 32.737682], [-16.842625, 32.737758], [-16.842633, 32.737797], [-16.842643, 32.737839], [-16.842628, 32.737899], [-16.842626, 32.73812], [-16.84268, 32.738179], [-16.842762, 32.738195], [-16.842894, 32.73819], [-16.843142, 32.738253], [-16.843243, 32.73823], [-16.843321, 32.738091], [-16.843324, 32.737876], [-16.843384, 32.737808], [-16.843406, 32.737729], [-16.843389, 32.737649], [-16.843409, 32.737618], [-16.84371, 32.737618], [-16.843778, 32.737555], [-16.843879, 32.737568], [-16.843997, 32.737675], [-16.84429, 32.737787], [-16.844353, 32.73778], [-16.844563, 32.737708], [-16.844622, 32.737738], [-16.844678, 32.737722], [-16.844756, 32.737755], [-16.844917, 32.737796], [-16.844968, 32.737777], [-16.845057, 32.73771], [-16.845163, 32.737516], [-16.845286, 32.737491], [-16.845407, 32.737438], [-16.845551, 32.737327], [-16.845552, 32.737213], [-16.845526, 32.737127], [-16.845544, 32.737108], [-16.845643, 32.737071], [-16.845755, 32.736947], [-16.845869, 32.736853], [-16.845912, 32.736774], [-16.84598, 32.736719], [-16.846089, 32.736745], [-16.846147, 32.736985], [-16.84624, 32.737108], [-16.846353, 32.73715], [-16.846426, 32.737209], [-16.846442, 32.737267], [-16.846506, 32.737388], [-16.846542, 32.737418], [-16.846576, 32.737426], [-16.846716, 32.737178], [-16.846774, 32.737207], [-16.846867, 32.737234], [-16.846954, 32.737335], [-16.847074, 32.737378], [-16.847243, 32.737384], [-16.847346, 32.737403], [-16.847421, 32.737395], [-16.847484, 32.73735], [-16.847505, 32.737263], [-16.847538, 32.737233], [-16.847573, 32.737201], [-16.84771, 32.737139], [-16.848082, 32.737107], [-16.848205, 32.737144], [-16.848356, 32.737242], [-16.848365, 32.737306], [-16.84822, 32.737339], [-16.848179, 32.737356], [-16.848142, 32.7374], [-16.848123, 32.737459], [-16.848193, 32.73761], [-16.848161, 32.737704], [-16.848157, 32.737794], [-16.847876, 32.737976], [-16.847849, 32.738047], [-16.847893, 32.738109], [-16.847949, 32.73814], [-16.848109, 32.738472], [-16.848099, 32.738519], [-16.847876, 32.73862], [-16.847712, 32.738884], [-16.847463, 32.739122], [-16.847412, 32.739202], [-16.847271, 32.73925], [-16.847202, 32.739292], [-16.847037, 32.739416], [-16.847, 32.739475]]]}}, {"type": "Feature", "properties": {"name": "Levada de Santana (ou da Silveira)", "length_km": 8.99, "hasTunnel": true}, "geometry": {"type": "MultiLineString", "coordinates": [[[-16.919352, 32.787143], [-16.918677, 32.787054], [-16.91842, 32.787126], [-16.917899, 32.787437], [-16.917277, 32.787351], [-16.917068, 32.787211], [-16.917003, 32.786963], [-16.916451, 32.786711], [-16.916258, 32.78667], [-16.915963, 32.786391], [-16.915668, 32.786346], [-16.91526, 32.786535], [-16.914793, 32.786661], [-16.912181, 32.787942], [-16.911639, 32.787852], [-16.911945, 32.788109], [-16.911693, 32.788321], [-16.911221, 32.788231], [-16.910727, 32.788235], [-16.910487, 32.788306], [-16.910383, 32.788301], [-16.910083, 32.788438], [-16.909692, 32.789155], [-16.909429, 32.789232], [-16.909305, 32.78952], [-16.908072, 32.790864], [-16.907868, 32.790986], [-16.907444, 32.791094], [-16.907294, 32.791257], [-16.907407, 32.791721], [-16.907235, 32.792271], [-16.907309, 32.79275], [-16.906908, 32.793036], [-16.906894, 32.793338], [-16.906688, 32.793741], [-16.906366, 32.79414], [-16.906406, 32.794508], [-16.904995, 32.795164], [-16.90455, 32.795489], [-16.903748, 32.795644], [-16.903516, 32.79565], [-16.903101, 32.795798]], [[-16.902935, 32.79587], [-16.902509, 32.796237], [-16.902055, 32.796165], [-16.901576, 32.79641], [-16.901269, 32.796735], [-16.901114, 32.79681], [-16.901036, 32.796763], [-16.901116, 32.796546], [-16.901211, 32.796354], [-16.901358, 32.796189], [-16.90143, 32.796023], [-16.901554, 32.79585], [-16.901644, 32.795627], [-16.901501, 32.795575], [-16.901157, 32.795697], [-16.901017, 32.795692], [-16.900976, 32.795598], [-16.900964, 32.795466], [-16.901152, 32.795243], [-16.901213, 32.795027], [-16.901167, 32.794629], [-16.900966, 32.794288], [-16.901004, 32.794163], [-16.901363, 32.793994], [-16.901351, 32.793894], [-16.901063, 32.79386], [-16.901001, 32.793682], [-16.900918, 32.793683], [-16.900751, 32.79379], [-16.900478, 32.793879], [-16.900135, 32.794314], [-16.900223, 32.794548], [-16.900054, 32.794778], [-16.89981, 32.794878], [-16.899776, 32.795024], [-16.899661, 32.795082], [-16.899462, 32.795018], [-16.899247, 32.795032], [-16.899015, 32.795146], [-16.898991, 32.795125], [-16.898897, 32.795045], [-16.898929, 32.794691], [-16.898703, 32.794492], [-16.898812, 32.793832], [-16.898723, 32.793434], [-16.898505, 32.793449], [-16.898124, 32.793475], [-16.89778, 32.793713], [-16.897294, 32.794377], [-16.897233, 32.79438], [-16.89719, 32.794304], [-16.897162, 32.794168], [-16.897128, 32.794115], [-16.897045, 32.794118], [-16.896998, 32.794168], [-16.896955, 32.794252], [-16.896939, 32.794388], [-16.896881, 32.794462], [-16.896819, 32.79448], [-16.896667, 32.794486], [-16.896598, 32.794511], [-16.896529, 32.794584], [-16.896448, 32.794691], [-16.896231, 32.794928], [-16.896139, 32.794976], [-16.89597, 32.795085], [-16.895877, 32.795245], [-16.895819, 32.795351], [-16.89575, 32.795409], [-16.895669, 32.795416], [-16.895599, 32.795383], [-16.895557, 32.795299], [-16.895571, 32.79516], [-16.895683, 32.794805], [-16.895722, 32.794501], [-16.895697, 32.794348], [-16.895678, 32.794193], [-16.895757, 32.794037], [-16.895864, 32.793992], [-16.895939, 32.793913], [-16.895915, 32.79383], [-16.895849, 32.793728], [-16.895832, 32.793665], [-16.895836, 32.793601], [-16.895942, 32.793489], [-16.895958, 32.793453], [-16.895955, 32.793406], [-16.895926, 32.793318], [-16.895924, 32.79325], [-16.895918, 32.793224], [-16.895873, 32.793194], [-16.895795, 32.793141], [-16.895761, 32.793102], [-16.895772, 32.793046], [-16.895965, 32.792651], [-16.896167, 32.792258], [-16.896327, 32.792005], [-16.896414, 32.791865], [-16.896405, 32.791766], [-16.896388, 32.791718], [-16.896393, 32.791634], [-16.896543, 32.791556], [-16.896647, 32.791513], [-16.896683, 32.79145], [-16.896635, 32.791394], [-16.896442, 32.791353], [-16.896198, 32.791331], [-16.896029, 32.79138], [-16.895894, 32.791503], [-16.895722, 32.791687], [-16.895567, 32.791972], [-16.895496, 32.791984], [-16.895387, 32.791956], [-16.895171, 32.792029], [-16.894965, 32.792169], [-16.894499, 32.792596], [-16.894219, 32.792789], [-16.894005, 32.793033], [-16.89398, 32.793161], [-16.894007, 32.793314], [-16.894045, 32.793407], [-16.89405, 32.793455], [-16.894006, 32.793495], [-16.893964, 32.793487], [-16.893845, 32.793412], [-16.893741, 32.793375], [-16.893664, 32.793389], [-16.893555, 32.793508], [-16.893527, 32.793574], [-16.893552, 32.793713], [-16.893528, 32.793779], [-16.893404, 32.793885], [-16.893305, 32.793942], [-16.893193, 32.793965], [-16.893114, 32.794015], [-16.893092, 32.794079], [-16.893099, 32.794195], [-16.893123, 32.794252], [-16.893128, 32.794284], [-16.893109, 32.794311], [-16.893042, 32.79435], [-16.892947, 32.794428], [-16.892855, 32.794468], [-16.8928, 32.794526], [-16.892779, 32.794606], [-16.892781, 32.794691], [-16.8928, 32.794759], [-16.892761, 32.794804], [-16.892688, 32.794821], [-16.892525, 32.794825], [-16.892208, 32.794877], [-16.892007, 32.794973], [-16.891721, 32.795072], [-16.891567, 32.795125], [-16.891412, 32.795139], [-16.891275, 32.795142], [-16.891182, 32.795102], [-16.891102, 32.795017], [-16.890917, 32.79486], [-16.890865, 32.794838], [-16.890775, 32.794836], [-16.890573, 32.794865], [-16.890459, 32.794867], [-16.890381, 32.794831], [-16.890379, 32.794755], [-16.890408, 32.794685], [-16.890596, 32.794576], [-16.890683, 32.794478], [-16.890721, 32.794377], [-16.890732, 32.794289], [-16.890787, 32.794244], [-16.890847, 32.794195], [-16.890976, 32.794147], [-16.891267, 32.793936], [-16.891458, 32.793835], [-16.89162, 32.793695], [-16.891721, 32.793399], [-16.891824, 32.792968], [-16.891843, 32.792748], [-16.891817, 32.792651], [-16.891816, 32.792537], [-16.892008, 32.79224], [-16.892213, 32.792103], [-16.892464, 32.792042], [-16.892711, 32.79192], [-16.892868, 32.791764], [-16.892911, 32.791648], [-16.892889, 32.791547], [-16.892809, 32.79132], [-16.892646, 32.791189], [-16.892569, 32.790973], [-16.892418, 32.790744], [-16.892371, 32.790733], [-16.892348, 32.790796], [-16.892373, 32.791088], [-16.892379, 32.791251], [-16.892366, 32.791361], [-16.89232, 32.791414], [-16.892239, 32.791429], [-16.891972, 32.791505], [-16.891624, 32.791708], [-16.891011, 32.792061], [-16.890849, 32.79213], [-16.89079, 32.79219], [-16.890774, 32.792246], [-16.890776, 32.792396], [-16.890559, 32.792597], [-16.890245, 32.792852], [-16.890177, 32.792928], [-16.890104, 32.792981], [-16.890044, 32.792993], [-16.88995, 32.79295], [-16.889912, 32.792884], [-16.889891, 32.792772], [-16.889845, 32.792709], [-16.889729, 32.792656], [-16.889671, 32.792692], [-16.889611, 32.792788], [-16.889513, 32.792868], [-16.889381, 32.792904], [-16.889314, 32.792927], [-16.889288, 32.793011], [-16.889298, 32.793114], [-16.88935, 32.793269], [-16.889309, 32.793294], [-16.889014, 32.79341], [-16.888968, 32.793405], [-16.888948, 32.793384], [-16.888924, 32.79333], [-16.888902, 32.793293], [-16.888764, 32.793038], [-16.888712, 32.793017], [-16.888435, 32.793082], [-16.888332, 32.793079], [-16.888238, 32.793053], [-16.888039, 32.792884], [-16.887862, 32.792654], [-16.88791, 32.792301], [-16.887991, 32.791831], [-16.888083, 32.791592], [-16.8883, 32.791462], [-16.888336, 32.791402], [-16.888323, 32.791341], [-16.888075, 32.791288], [-16.887907, 32.791304], [-16.88778, 32.791368], [-16.887625, 32.791469], [-16.887601, 32.791697], [-16.887418, 32.791799], [-16.887259, 32.791902], [-16.886674, 32.791874], [-16.886485, 32.791773], [-16.886357, 32.79169], [-16.886286, 32.791576]], [[-16.886202, 32.791444], [-16.885818, 32.791357], [-16.885753, 32.791301], [-16.885718, 32.791217], [-16.885714, 32.791144], [-16.885748, 32.791061], [-16.886036, 32.790884], [-16.886127, 32.790748], [-16.886217, 32.79059], [-16.886384, 32.790491], [-16.886451, 32.790411], [-16.88655, 32.790333], [-16.886507, 32.790281], [-16.886345, 32.790301], [-16.886211, 32.790292], [-16.886104, 32.790273], [-16.886036, 32.790305], [-16.885853, 32.790434], [-16.885688, 32.79051], [-16.885632, 32.790554], [-16.885589, 32.790559], [-16.885591, 32.790526], [-16.885602, 32.790469], [-16.885543, 32.790316], [-16.885483, 32.790185], [-16.88537, 32.790152], [-16.885243, 32.790142], [-16.885068, 32.789991], [-16.885015, 32.789906], [-16.885037, 32.789783], [-16.885081, 32.789649], [-16.885054, 32.789451], [-16.885088, 32.789344], [-16.885215, 32.789248], [-16.88531, 32.789185], [-16.885433, 32.789171], [-16.885433, 32.789094], [-16.885304, 32.788938], [-16.885245, 32.788888], [-16.885133, 32.788866], [-16.884932, 32.788847], [-16.884853, 32.788827], [-16.884784, 32.788846], [-16.884523, 32.789019], [-16.884415, 32.789087], [-16.884397, 32.789062], [-16.884445, 32.788979], [-16.884474, 32.788858], [-16.884463, 32.788795], [-16.884385, 32.788748], [-16.884258, 32.788655], [-16.88425, 32.788531], [-16.884433, 32.788299], [-16.884465, 32.788245], [-16.884432, 32.788212], [-16.884313, 32.788217], [-16.884124, 32.788336], [-16.884054, 32.78841], [-16.883987, 32.788491], [-16.884018, 32.788655], [-16.883726, 32.788859], [-16.883441, 32.788838], [-16.883228, 32.788996], [-16.883066, 32.789201], [-16.88301, 32.789281], [-16.882939, 32.789303], [-16.882853, 32.789262], [-16.882781, 32.789206], [-16.882686, 32.789191], [-16.882576, 32.789214], [-16.882464, 32.7893], [-16.8824, 32.789316], [-16.88225, 32.789297], [-16.882068, 32.789358], [-16.88194, 32.789361], [-16.881753, 32.789332], [-16.881636, 32.789187], [-16.881636, 32.789119], [-16.881731, 32.78904], [-16.88196, 32.788944], [-16.882157, 32.788863], [-16.882316, 32.788833], [-16.882418, 32.788742], [-16.882466, 32.788643], [-16.882461, 32.788526], [-16.882401, 32.788419], [-16.882401, 32.788328], [-16.88248, 32.788272], [-16.882618, 32.788203], [-16.882701, 32.788172], [-16.882803, 32.788055], [-16.882978, 32.787869], [-16.882942, 32.787832], [-16.88276, 32.78792], [-16.882616, 32.788027], [-16.882533, 32.788063], [-16.882417, 32.788057], [-16.882305, 32.788065], [-16.882209, 32.788089], [-16.882133, 32.788162], [-16.882103, 32.788238], [-16.882013, 32.788319], [-16.881942, 32.788365], [-16.881855, 32.788403], [-16.881783, 32.788395], [-16.881734, 32.788362], [-16.881706, 32.788302], [-16.881722, 32.788237], [-16.881802, 32.788137], [-16.881861, 32.788078], [-16.881911, 32.787997], [-16.88195, 32.787931], [-16.881985, 32.787857], [-16.88199, 32.787819], [-16.881984, 32.787802], [-16.881953, 32.787798], [-16.881923, 32.78781], [-16.881857, 32.787859], [-16.88179, 32.787908], [-16.881736, 32.787965], [-16.881617, 32.787977], [-16.881544, 32.787962], [-16.881468, 32.787991], [-16.881385, 32.788061], [-16.881278, 32.78821], [-16.881225, 32.78829], [-16.881191, 32.788333], [-16.881156, 32.788353], [-16.88111, 32.788359], [-16.881071, 32.788347], [-16.881035, 32.788322], [-16.880975, 32.788263], [-16.880957, 32.788252], [-16.880928, 32.788248], [-16.880886, 32.788269], [-16.880761, 32.78839], [-16.880735, 32.78842], [-16.880632, 32.788448], [-16.88045, 32.788482], [-16.880407, 32.788473], [-16.880393, 32.788458], [-16.880392, 32.788434], [-16.880399, 32.788324], [-16.880353, 32.788211], [-16.880335, 32.788126], [-16.880345, 32.788055], [-16.880445, 32.787865], [-16.880526, 32.787703], [-16.880539, 32.78756], [-16.880466, 32.787462], [-16.880369, 32.787382], [-16.880269, 32.787325], [-16.880187, 32.787334], [-16.880164, 32.787417], [-16.880108, 32.787529], [-16.879962, 32.787656], [-16.879827, 32.787768], [-16.879666, 32.787884], [-16.879621, 32.787923], [-16.879575, 32.788027], [-16.87951, 32.788138], [-16.879459, 32.788187], [-16.879385, 32.788219], [-16.879325, 32.788222], [-16.87921, 32.788201], [-16.879037, 32.78816], [-16.878754, 32.788047], [-16.878621, 32.787971], [-16.878583, 32.787917], [-16.878564, 32.78781], [-16.878539, 32.787771], [-16.878488, 32.7877]]]}}, {"type": "Feature", "properties": {"name": "Levada das Faias", "length_km": 8.82, "hasTunnel": false}, "geometry": {"type": "MultiLineString", "coordinates": [[[-16.976107, 32.783125], [-16.975816, 32.783123], [-16.975604, 32.783148], [-16.97525, 32.783308], [-16.975119, 32.783304], [-16.974987, 32.783308], [-16.974177, 32.783667], [-16.974019, 32.783673], [-16.973796, 32.783644], [-16.973579, 32.783502], [-16.973424, 32.78345], [-16.973257, 32.783412], [-16.973129, 32.783281], [-16.973129, 32.783229], [-16.97317, 32.783193], [-16.973362, 32.782922], [-16.973426, 32.782722], [-16.973392, 32.782593], [-16.97332, 32.782477], [-16.973196, 32.782447], [-16.973086, 32.782505], [-16.972702, 32.782907], [-16.972579, 32.78343], [-16.972498, 32.783603], [-16.97237, 32.78371], [-16.971959, 32.783921], [-16.971849, 32.784075], [-16.971822, 32.78433], [-16.971734, 32.784433], [-16.971632, 32.784472], [-16.97145, 32.784526], [-16.97134, 32.78451], [-16.971157, 32.784386], [-16.971066, 32.784334], [-16.970968, 32.784315], [-16.970924, 32.784402], [-16.970978, 32.784857], [-16.971092, 32.785052], [-16.971055, 32.785247], [-16.971097, 32.785417], [-16.971227, 32.785654], [-16.971285, 32.786044], [-16.971211, 32.786092], [-16.971025, 32.785969], [-16.970987, 32.785982], [-16.970992, 32.786084], [-16.971047, 32.786357], [-16.971137, 32.786516], [-16.971316, 32.78657], [-16.971361, 32.786679], [-16.971278, 32.786769], [-16.971208, 32.786851], [-16.971227, 32.786959], [-16.971332, 32.787139], [-16.971465, 32.787248], [-16.971456, 32.787463], [-16.971308, 32.787665], [-16.971236, 32.787796], [-16.971201, 32.787917], [-16.971283, 32.788101], [-16.971291, 32.788189], [-16.971221, 32.788297], [-16.971072, 32.788465], [-16.970962, 32.788581], [-16.970884, 32.788623], [-16.970787, 32.788625], [-16.970798, 32.788697], [-16.970886, 32.788767], [-16.970885, 32.789001], [-16.97097, 32.789208], [-16.970991, 32.789325], [-16.971093, 32.7894], [-16.971124, 32.78956], [-16.970988, 32.789689], [-16.970791, 32.789705], [-16.970612, 32.789679], [-16.970539, 32.789711], [-16.970526, 32.789754], [-16.970667, 32.78995], [-16.970945, 32.790131], [-16.970996, 32.790303], [-16.970941, 32.790415], [-16.970852, 32.790652], [-16.970639, 32.791059], [-16.970629, 32.791084], [-16.970309, 32.791865], [-16.97028, 32.792003], [-16.969977, 32.79213], [-16.969642, 32.792277], [-16.969138, 32.792461], [-16.968789, 32.792464], [-16.968608, 32.792448], [-16.968381, 32.792277], [-16.968096, 32.792124], [-16.967927, 32.792009], [-16.967843, 32.791965], [-16.967678, 32.79198], [-16.967645, 32.79202], [-16.96763, 32.792146], [-16.967704, 32.792304], [-16.967901, 32.792661], [-16.967883, 32.793296], [-16.967934, 32.793731], [-16.96788, 32.79385], [-16.967572, 32.79415], [-16.967319, 32.794485], [-16.967153, 32.794596], [-16.966665, 32.794835], [-16.966254, 32.794939], [-16.966056, 32.795], [-16.965905, 32.794988], [-16.965597, 32.794844], [-16.965408, 32.79476], [-16.965317, 32.794782], [-16.965252, 32.79483], [-16.965209, 32.794899], [-16.965214, 32.794972], [-16.965258, 32.795601], [-16.965267, 32.795746], [-16.965289, 32.796104], [-16.965294, 32.796309], [-16.965271, 32.796448], [-16.965207, 32.79654], [-16.96509, 32.796603], [-16.964864, 32.796685], [-16.964645, 32.796797], [-16.964453, 32.796916], [-16.964318, 32.7971], [-16.964209, 32.797246], [-16.964146, 32.797287], [-16.964074, 32.797271], [-16.963987, 32.797145], [-16.963963, 32.797019], [-16.963952, 32.796782], [-16.963878, 32.796528], [-16.963711, 32.796273], [-16.963548, 32.796081], [-16.963418, 32.795842], [-16.963288, 32.795881], [-16.963185, 32.79585], [-16.963092, 32.795822], [-16.963038, 32.795856], [-16.962996, 32.79596], [-16.962956, 32.796136], [-16.962853, 32.796321], [-16.962731, 32.796512], [-16.962602, 32.796718], [-16.962573, 32.796902], [-16.962634, 32.797131], [-16.96245, 32.7973], [-16.962291, 32.797417], [-16.962107, 32.797581], [-16.962018, 32.797581], [-16.961943, 32.797524], [-16.961866, 32.797433], [-16.961666, 32.79739], [-16.961366, 32.797237], [-16.961225, 32.797099], [-16.961068, 32.797005], [-16.960874, 32.796929], [-16.960621, 32.796944], [-16.960462, 32.796925], [-16.960388, 32.79695], [-16.960359, 32.796988], [-16.960381, 32.797025], [-16.960529, 32.797076], [-16.960699, 32.797076], [-16.960786, 32.797113], [-16.960841, 32.797195], [-16.96082, 32.797353], [-16.960916, 32.797454], [-16.961043, 32.797564], [-16.961055, 32.797718], [-16.960896, 32.797989], [-16.960645, 32.798121], [-16.960369, 32.798204], [-16.9602, 32.798135], [-16.959839, 32.798268], [-16.959615, 32.798342], [-16.959414, 32.798376], [-16.959351, 32.798373], [-16.959295, 32.798372], [-16.959223, 32.798416], [-16.959054, 32.798508], [-16.958955, 32.798536], [-16.958939, 32.798654], [-16.958958, 32.79869], [-16.959184, 32.798807], [-16.959234, 32.798871], [-16.95927, 32.798938], [-16.95926, 32.798973], [-16.959221, 32.799016], [-16.959179, 32.799027], [-16.959024, 32.799036], [-16.9588, 32.799079], [-16.958757, 32.799122], [-16.958818, 32.799147], [-16.958917, 32.799233], [-16.959184, 32.799336], [-16.959204, 32.799377], [-16.959171, 32.799491], [-16.959165, 32.799583], [-16.959141, 32.799708], [-16.959166, 32.799806], [-16.959239, 32.799876], [-16.959367, 32.799938], [-16.959491, 32.799971], [-16.959724, 32.799978], [-16.959988, 32.799953], [-16.960038, 32.799959], [-16.96012, 32.799981], [-16.96022, 32.800016], [-16.960344, 32.799989], [-16.960427, 32.8], [-16.96078, 32.800125], [-16.960816, 32.800131], [-16.960861, 32.80012], [-16.960939, 32.800142], [-16.961018, 32.800132], [-16.961154, 32.800122], [-16.961269, 32.80009], [-16.961349, 32.800052], [-16.961437, 32.800035], [-16.961505, 32.800067], [-16.961537, 32.800124], [-16.961665, 32.800258], [-16.961734, 32.800386], [-16.961849, 32.800571], [-16.96183, 32.800686], [-16.961632, 32.800904], [-16.961575, 32.800921], [-16.961496, 32.801041], [-16.961424, 32.801066], [-16.961319, 32.801097], [-16.961226, 32.801145], [-16.961077, 32.801232], [-16.961056, 32.801275], [-16.961057, 32.801375], [-16.961049, 32.801458], [-16.961034, 32.801514]], [[-16.959431, 32.801954], [-16.959419, 32.801955], [-16.959375, 32.801918], [-16.959284, 32.801964], [-16.959181, 32.802033], [-16.959111, 32.802037], [-16.959039, 32.802024], [-16.958981, 32.80198], [-16.958933, 32.801972], [-16.958897, 32.801994], [-16.958886, 32.80202], [-16.958915, 32.802124], [-16.958869, 32.80222], [-16.95874, 32.802273], [-16.958496, 32.80232], [-16.958383, 32.802372], [-16.958315, 32.802486], [-16.95833, 32.802584], [-16.958427, 32.802691], [-16.958462, 32.802777], [-16.958478, 32.803038], [-16.958458, 32.803073], [-16.958254, 32.80312], [-16.958071, 32.803173], [-16.957862, 32.803204], [-16.9578, 32.803215], [-16.957762, 32.803243], [-16.957766, 32.803313], [-16.957941, 32.803397], [-16.958257, 32.803461], [-16.958379, 32.803596], [-16.958369, 32.803723], [-16.958246, 32.803824], [-16.957926, 32.803759], [-16.957757, 32.803698], [-16.957406, 32.803533], [-16.957125, 32.803554], [-16.957057, 32.803619], [-16.957242, 32.803725], [-16.957258, 32.803874], [-16.957207, 32.804333], [-16.957291, 32.804828], [-16.957163, 32.804964], [-16.957043, 32.805183], [-16.957213, 32.805283], [-16.957576, 32.805214], [-16.957809, 32.805396], [-16.957981, 32.805431], [-16.95811, 32.805402], [-16.958368, 32.805469], [-16.958204, 32.805645], [-16.958148, 32.805918], [-16.95811, 32.806106], [-16.957985, 32.806295], [-16.958095, 32.806286], [-16.958279, 32.806212], [-16.958648, 32.806036], [-16.958822, 32.805801], [-16.959112, 32.805707], [-16.959272, 32.805762], [-16.95933, 32.805811], [-16.959387, 32.805835], [-16.959395, 32.805842], [-16.959506, 32.805903], [-16.959549, 32.805992], [-16.959552, 32.806071], [-16.959192, 32.806322], [-16.95911, 32.806502], [-16.959129, 32.806536], [-16.959475, 32.806366], [-16.959723, 32.806286], [-16.959939, 32.806298], [-16.960149, 32.806445], [-16.960477, 32.806574], [-16.960722, 32.806762], [-16.960928, 32.806877], [-16.96091, 32.806963], [-16.960757, 32.807124], [-16.960578, 32.8072], [-16.960392, 32.807338], [-16.960252, 32.807431], [-16.960057, 32.80752], [-16.959974, 32.807676], [-16.959707, 32.807866], [-16.959469, 32.80784], [-16.959348, 32.807962], [-16.959184, 32.808064], [-16.959311, 32.808217], [-16.959345, 32.808353], [-16.959521, 32.808574], [-16.959537, 32.80884], [-16.959497, 32.80903], [-16.959494, 32.809254], [-16.959559, 32.809446], [-16.959624, 32.80959], [-16.959822, 32.809803], [-16.960005, 32.809977], [-16.960064, 32.810043], [-16.960395, 32.810235], [-16.960542, 32.810333], [-16.960685, 32.810408], [-16.96087, 32.810478], [-16.960997, 32.810527], [-16.961073, 32.810593], [-16.96112, 32.810706], [-16.96108, 32.810795], [-16.96099, 32.81086], [-16.960906, 32.810933], [-16.960717, 32.810967], [-16.960572, 32.810935], [-16.960479, 32.810847], [-16.960389, 32.81074], [-16.960296, 32.810675], [-16.960095, 32.810576], [-16.95989, 32.810519], [-16.959735, 32.810475], [-16.959385, 32.810459], [-16.959156, 32.810363], [-16.958979, 32.81004], [-16.958762, 32.809879], [-16.958639, 32.809795], [-16.958626, 32.80973], [-16.958548, 32.809708], [-16.958282, 32.809631], [-16.958134, 32.809553], [-16.958059, 32.809545], [-16.958075, 32.809602], [-16.958171, 32.80967], [-16.958279, 32.809761], [-16.958369, 32.809917], [-16.958416, 32.809996], [-16.958382, 32.810063], [-16.958394, 32.81011], [-16.958484, 32.810063], [-16.958558, 32.810196], [-16.95845, 32.810449], [-16.958368, 32.810505], [-16.957815, 32.810894], [-16.957864, 32.81092], [-16.958053, 32.810915], [-16.958244, 32.810977], [-16.958434, 32.81104], [-16.958713, 32.81117], [-16.959052, 32.811554], [-16.959088, 32.811883], [-16.958849, 32.812089], [-16.958868, 32.812169], [-16.95866, 32.812294], [-16.95879, 32.812378], [-16.958787, 32.812464], [-16.958595, 32.81262], [-16.958505, 32.812755], [-16.958366, 32.812885], [-16.958227, 32.813029], [-16.958118, 32.813094], [-16.958149, 32.81312], [-16.958248, 32.813151], [-16.958447, 32.813206], [-16.958605, 32.813211], [-16.958688, 32.813242], [-16.958828, 32.813221], [-16.958936, 32.813224], [-16.959026, 32.813122], [-16.959122, 32.813109], [-16.959288, 32.813197], [-16.959837, 32.813549], [-16.960095, 32.81358], [-16.960352, 32.813614], [-16.960661, 32.813625], [-16.960931, 32.813651], [-16.961333, 32.813682], [-16.961532, 32.813711], [-16.961662, 32.813778], [-16.961718, 32.813846], [-16.961718, 32.81389], [-16.961668, 32.813968], [-16.961581, 32.814002], [-16.961392, 32.814039], [-16.960949, 32.815319], [-16.960968, 32.815616], [-16.961033, 32.8159], [-16.960999, 32.815929], [-16.960956, 32.815921], [-16.960553, 32.815759], [-16.960288, 32.815629], [-16.959958, 32.81545], [-16.959768, 32.815437], [-16.95945, 32.815492], [-16.959439, 32.815522], [-16.959723, 32.816066], [-16.959772, 32.816145], [-16.959837, 32.816202], [-16.959881, 32.816223], [-16.960138, 32.816319], [-16.960215, 32.816395], [-16.960221, 32.816452], [-16.960268, 32.816545], [-16.960458, 32.816577], [-16.960639, 32.816711], [-16.960757, 32.816884], [-16.960887, 32.816975], [-16.960881, 32.817022], [-16.960791, 32.817178], [-16.960835, 32.817225], [-16.961126, 32.81741], [-16.961227, 32.817585], [-16.961374, 32.817694], [-16.961553, 32.81785], [-16.96153, 32.817998], [-16.961426, 32.818071], [-16.961426, 32.818086], [-16.961499, 32.818107]], [[-16.959664, 32.802077], [-16.959713, 32.802056], [-16.960014, 32.801999], [-16.960208, 32.801923], [-16.9606, 32.801692], [-16.960798, 32.801546], [-16.960815, 32.801533], [-16.960906, 32.801412]]]}}, {"type": "Feature", "properties": {"name": "Levada dos Piornais", "length_km": 7.11, "hasTunnel": true}, "geometry": {"type": "MultiLineString", "coordinates": [[[-16.958259, 32.668639], [-16.958438, 32.668531], [-16.958533, 32.668406], [-16.958619, 32.668252], [-16.959003, 32.667961], [-16.959249, 32.667978], [-16.959455, 32.668092], [-16.959717, 32.668173], [-16.959771, 32.66802], [-16.95956, 32.667614], [-16.959591, 32.667361], [-16.959547, 32.66724], [-16.959207, 32.667035], [-16.958969, 32.666834], [-16.958821, 32.666546], [-16.958762, 32.666147], [-16.958786, 32.666095], [-16.958852, 32.665945], [-16.958904, 32.665685], [-16.958865, 32.665546], [-16.958893, 32.665443], [-16.959007, 32.665037], [-16.958971, 32.664827], [-16.959048, 32.664338], [-16.959094, 32.663928], [-16.959101, 32.663859], [-16.959149, 32.663526], [-16.959144, 32.663275], [-16.959061, 32.663062], [-16.958988, 32.662648], [-16.958977, 32.662503], [-16.958958, 32.662256], [-16.959263, 32.661946], [-16.959278, 32.661741], [-16.958948, 32.661757], [-16.958762, 32.661805], [-16.958722, 32.66185], [-16.958526, 32.662068], [-16.958406, 32.662256], [-16.958313, 32.66238], [-16.958156, 32.662447], [-16.958101, 32.662438], [-16.95805, 32.662354], [-16.957928, 32.662287], [-16.958112, 32.662118], [-16.958109, 32.662021], [-16.958089, 32.66189], [-16.958109, 32.661698], [-16.958269, 32.661431], [-16.958496, 32.66123], [-16.958931, 32.66102], [-16.959332, 32.660859], [-16.959772, 32.660401], [-16.959873, 32.660295], [-16.960005, 32.66017], [-16.960223, 32.660006], [-16.96027, 32.659896], [-16.960285, 32.659861], [-16.960348, 32.659715], [-16.960472, 32.659444], [-16.960484, 32.65941], [-16.960527, 32.6593], [-16.960542, 32.659263], [-16.960529, 32.65922], [-16.960538, 32.659152], [-16.960559, 32.65912], [-16.960566, 32.659102], [-16.960587, 32.659004], [-16.960592, 32.658978], [-16.960619, 32.658919], [-16.960617, 32.658863], [-16.960617, 32.658853], [-16.960615, 32.658821], [-16.960674, 32.658727], [-16.960686, 32.658704], [-16.960668, 32.65866], [-16.960694, 32.658491], [-16.960834, 32.65826], [-16.960912, 32.658077], [-16.960963, 32.657898], [-16.960994, 32.657698], [-16.960997, 32.657616], [-16.96101, 32.657484], [-16.961087, 32.657299], [-16.961169, 32.657241], [-16.961288, 32.657142], [-16.961307, 32.657122], [-16.961385, 32.65709], [-16.961457, 32.657048], [-16.961523, 32.656969], [-16.961563, 32.656906], [-16.961654, 32.656813], [-16.961733, 32.656722], [-16.961772, 32.656638], [-16.961861, 32.656448], [-16.962016, 32.656381], [-16.962191, 32.656337], [-16.962449, 32.65631], [-16.962538, 32.656296], [-16.962571, 32.656281], [-16.962601, 32.656267], [-16.962661, 32.656182], [-16.962658, 32.656108], [-16.962664, 32.656036], [-16.962635, 32.655813], [-16.962559, 32.655618], [-16.962524, 32.655451], [-16.962528, 32.655366], [-16.962532, 32.655272], [-16.962605, 32.654739], [-16.962615, 32.654371], [-16.962594, 32.654257], [-16.96252, 32.654151], [-16.962317, 32.653967], [-16.96213, 32.653833], [-16.962098, 32.653854], [-16.962059, 32.653858], [-16.96204, 32.653836], [-16.961943, 32.653727], [-16.96193, 32.653713], [-16.961723, 32.653418], [-16.961567, 32.653153], [-16.961495, 32.653039], [-16.961403, 32.652936], [-16.961296, 32.652905], [-16.961146, 32.652901], [-16.960927, 32.652893], [-16.960854, 32.652902], [-16.960782, 32.652911], [-16.960439, 32.653059], [-16.960372, 32.65309], [-16.960285, 32.653131], [-16.960116, 32.653235], [-16.959761, 32.653444], [-16.959558, 32.653603], [-16.959447, 32.653737], [-16.959286, 32.653917], [-16.959037, 32.654228], [-16.959002, 32.654292], [-16.959005, 32.654331], [-16.959021, 32.654356], [-16.959051, 32.654373], [-16.959145, 32.654386], [-16.959284, 32.654434], [-16.95938, 32.654479], [-16.959604, 32.654648], [-16.959635, 32.6547], [-16.959685, 32.654899], [-16.959623, 32.655169], [-16.95961, 32.655226], [-16.959573, 32.655313], [-16.959506, 32.655398], [-16.959388, 32.655497], [-16.959314, 32.655527], [-16.959216, 32.655524], [-16.959108, 32.655523], [-16.95904, 32.65528], [-16.959007, 32.65526], [-16.958944, 32.655221], [-16.958799, 32.65519], [-16.958638, 32.655089], [-16.958417, 32.655061], [-16.958324, 32.655017], [-16.958209, 32.654962], [-16.958151, 32.654935], [-16.957997, 32.654539], [-16.958004, 32.654463], [-16.958007, 32.654429], [-16.958018, 32.654319], [-16.957999, 32.654264], [-16.957972, 32.654187], [-16.958116, 32.653665], [-16.957778, 32.653347], [-16.958143, 32.653224], [-16.958305, 32.653073], [-16.958419, 32.652971], [-16.958661, 32.652741], [-16.958697, 32.652684], [-16.958847, 32.652429], [-16.959035, 32.652232], [-16.959204, 32.651942], [-16.959251, 32.651861], [-16.959561, 32.651329], [-16.959681, 32.651124], [-16.959727, 32.651048], [-16.959744, 32.650999], [-16.959755, 32.65093], [-16.959765, 32.65093], [-16.959814, 32.650931]], [[-16.959251, 32.646988], [-16.959237, 32.646772], [-16.959232, 32.646658], [-16.959135, 32.646491], [-16.958795, 32.646147], [-16.958432, 32.645898], [-16.958287, 32.645854], [-16.958115, 32.645828], [-16.957843, 32.645809], [-16.957742, 32.645817], [-16.957274, 32.645859], [-16.957191, 32.64584], [-16.956911, 32.645793], [-16.956758, 32.645804], [-16.956558, 32.64579], [-16.956545, 32.645803], [-16.956419, 32.645807], [-16.956312, 32.645822], [-16.956035, 32.645883], [-16.955972, 32.645901], [-16.955833, 32.645937], [-16.955534, 32.646014], [-16.955409, 32.646035], [-16.955296, 32.646065], [-16.955061, 32.646108], [-16.954954, 32.646131], [-16.954923, 32.646099], [-16.954866, 32.646026], [-16.954841, 32.645992], [-16.954826, 32.645975], [-16.954701, 32.645719], [-16.954623, 32.645516], [-16.954545, 32.645157], [-16.95453, 32.645101], [-16.954442, 32.644941], [-16.954331, 32.644823], [-16.954197, 32.644793], [-16.954052, 32.644821], [-16.953975, 32.644842], [-16.953881, 32.644869], [-16.953855, 32.644875], [-16.953766, 32.6449], [-16.953544, 32.644948], [-16.953359, 32.644909], [-16.953268, 32.644898], [-16.953227, 32.644903], [-16.953184, 32.644926], [-16.953084, 32.644958], [-16.952975, 32.644987], [-16.952898, 32.645034], [-16.952852, 32.645095], [-16.95282, 32.645238], [-16.952717, 32.645364], [-16.952649, 32.645507], [-16.952603, 32.645604], [-16.952589, 32.645633], [-16.952524, 32.645657], [-16.952345, 32.645669], [-16.952174, 32.645681], [-16.951933, 32.645697], [-16.951754, 32.645719], [-16.951406, 32.645811], [-16.950977, 32.645972], [-16.950816, 32.646123], [-16.950721, 32.646133], [-16.950644, 32.646056], [-16.950274, 32.645617], [-16.950186, 32.645498], [-16.950019, 32.645332]], [[-16.949788, 32.64535], [-16.949704, 32.645408], [-16.949533, 32.645641], [-16.949132, 32.645905], [-16.948805, 32.646036], [-16.948619, 32.646243], [-16.948361, 32.646372], [-16.948146, 32.646395], [-16.947872, 32.646403], [-16.94767, 32.646385], [-16.947512, 32.646345], [-16.94742, 32.646397]], [[-16.946811, 32.646313], [-16.94677, 32.646286], [-16.945965, 32.64576], [-16.945759, 32.645603], [-16.945702, 32.645564], [-16.94538, 32.645221]], [[-16.944179, 32.643745], [-16.944079, 32.643634], [-16.94403, 32.64357], [-16.943884, 32.64331], [-16.943897, 32.643211], [-16.943878, 32.643172], [-16.943726, 32.642864], [-16.943443, 32.642345], [-16.94336, 32.642106], [-16.943232, 32.641787], [-16.943222, 32.641762], [-16.94309, 32.641585], [-16.942602, 32.641152], [-16.94245, 32.641017], [-16.942022, 32.640578], [-16.941989, 32.640558], [-16.941359, 32.640412], [-16.940927, 32.640239], [-16.940639, 32.640104], [-16.94012, 32.639913], [-16.939523, 32.639735], [-16.939368, 32.639712], [-16.939189, 32.639704], [-16.939024, 32.639732], [-16.938977, 32.639749], [-16.938395, 32.639963], [-16.93762, 32.640142], [-16.936823, 32.640436], [-16.936308, 32.640598], [-16.936254, 32.640611], [-16.93619, 32.640621], [-16.936162, 32.640626], [-16.936008, 32.640653], [-16.935905, 32.640645], [-16.935378, 32.640517], [-16.935038, 32.640499], [-16.934819, 32.640514], [-16.934681, 32.640534], [-16.934611, 32.640605], [-16.934065, 32.640745], [-16.933842, 32.640825], [-16.933644, 32.640826], [-16.933301, 32.640774], [-16.932851, 32.640704], [-16.932582, 32.640677], [-16.932452, 32.640707], [-16.931895, 32.641164], [-16.931593, 32.641297], [-16.931539, 32.641356], [-16.931432, 32.641475], [-16.931379, 32.641533], [-16.931355, 32.641672], [-16.931306, 32.641964], [-16.931332, 32.642079], [-16.931346, 32.642136], [-16.931338, 32.642251], [-16.931334, 32.642312], [-16.931252, 32.642443], [-16.931171, 32.642592], [-16.931033, 32.642864], [-16.930887, 32.643073], [-16.93084, 32.643073], [-16.930785, 32.643073], [-16.930573, 32.642964], [-16.930562, 32.642959], [-16.930537, 32.642951], [-16.930505, 32.642944], [-16.930457, 32.642932], [-16.930235, 32.643063], [-16.930025, 32.643188], [-16.929684, 32.64339], [-16.929633, 32.64342], [-16.929523, 32.643462], [-16.928911, 32.643594], [-16.928649, 32.643714], [-16.928521, 32.643826], [-16.928451, 32.64394]], [[-16.928451, 32.64394], [-16.928466, 32.643967], [-16.928491, 32.644012]], [[-16.928451, 32.64394], [-16.928426, 32.643995], [-16.928399, 32.644117]]]}}, {"type": "Feature", "properties": {"name": "Levada da Negra", "length_km": 5.91, "hasTunnel": false}, "geometry": {"type": "MultiLineString", "coordinates": [[[-16.92918, 32.719968], [-16.929249, 32.719883], [-16.929336, 32.719804], [-16.929489, 32.719654], [-16.929602, 32.719568], [-16.92986, 32.719294], [-16.930025, 32.719149], [-16.930134, 32.719024], [-16.930228, 32.718904], [-16.930276, 32.718857], [-16.930323, 32.71882], [-16.93038, 32.718812], [-16.930436, 32.718827], [-16.930567, 32.718905], [-16.930698, 32.718952], [-16.930829, 32.718975], [-16.930984, 32.71896], [-16.931108, 32.718943], [-16.931219, 32.71891], [-16.931345, 32.718851], [-16.931474, 32.718749], [-16.931556, 32.718641], [-16.931652, 32.718488], [-16.93177, 32.718098], [-16.931743, 32.717926], [-16.931715, 32.717865], [-16.931716, 32.717838], [-16.93173, 32.717812], [-16.931811, 32.71779], [-16.931934, 32.717776], [-16.931997, 32.717774], [-16.932082, 32.717748], [-16.932601, 32.717472], [-16.932842, 32.717359], [-16.933116, 32.717216], [-16.933158, 32.717187], [-16.933192, 32.7171], [-16.933211, 32.716971], [-16.933112, 32.716513], [-16.933101, 32.716426], [-16.93306, 32.716362], [-16.933081, 32.716246], [-16.932996, 32.715936], [-16.933006, 32.715767], [-16.933098, 32.715564], [-16.933188, 32.715449], [-16.933878, 32.714952], [-16.933958, 32.714859], [-16.934092, 32.714521], [-16.934116, 32.71441], [-16.934114, 32.714266], [-16.934109, 32.714246], [-16.934033, 32.713932], [-16.93401, 32.713833], [-16.934012, 32.713829], [-16.93403, 32.71379], [-16.934064, 32.713634], [-16.934073, 32.713594], [-16.934027, 32.71336], [-16.934001, 32.713285], [-16.934013, 32.713128], [-16.934051, 32.713012], [-16.934021, 32.712961], [-16.934019, 32.712896], [-16.934084, 32.712806], [-16.934109, 32.712748], [-16.93411, 32.712659], [-16.934162, 32.712568], [-16.93419, 32.712466], [-16.934176, 32.71238], [-16.934141, 32.712297], [-16.934155, 32.712145], [-16.934132, 32.712049], [-16.933774, 32.711787], [-16.933653, 32.711718], [-16.933355, 32.711597], [-16.933287, 32.711547], [-16.933251, 32.71145], [-16.933256, 32.711287], [-16.933291, 32.711192], [-16.933501, 32.711049], [-16.933547, 32.710972], [-16.933555, 32.710912], [-16.933512, 32.710741], [-16.933511, 32.710607], [-16.933476, 32.71046], [-16.933407, 32.710324], [-16.933207, 32.710066], [-16.933182, 32.71001], [-16.933193, 32.709941], [-16.933426, 32.70972], [-16.933487, 32.709609], [-16.933531, 32.709503], [-16.933554, 32.709384], [-16.933543, 32.709262], [-16.933556, 32.709204], [-16.933615, 32.709111], [-16.933856, 32.708843], [-16.933923, 32.708745], [-16.933972, 32.708397], [-16.934029, 32.708294], [-16.934117, 32.708211], [-16.934344, 32.708151], [-16.934464, 32.708102], [-16.934512, 32.70806], [-16.934602, 32.707893], [-16.93489, 32.707559], [-16.935083, 32.707261], [-16.935181, 32.707174], [-16.93538, 32.707093], [-16.935408, 32.707038], [-16.935361, 32.706824], [-16.935484, 32.706442], [-16.935589, 32.706231], [-16.935718, 32.706071], [-16.935779, 32.705942], [-16.935833, 32.705755], [-16.935895, 32.705687], [-16.936002, 32.705636], [-16.936211, 32.705583], [-16.936447, 32.705475], [-16.936494, 32.705431], [-16.936799, 32.704972], [-16.936915, 32.704868], [-16.937064, 32.70479], [-16.937355, 32.704726], [-16.937454, 32.704663], [-16.937399, 32.704602], [-16.937295, 32.704414], [-16.937115, 32.703932], [-16.936943, 32.70346], [-16.936899, 32.703382], [-16.936786, 32.703272], [-16.936687, 32.703202], [-16.936646, 32.703172], [-16.936603, 32.703136], [-16.93656, 32.703085], [-16.936518, 32.703026], [-16.936504, 32.702989], [-16.93651, 32.702927], [-16.936516, 32.702819], [-16.936515, 32.702748], [-16.936503, 32.702663], [-16.936516, 32.702593], [-16.936555, 32.702521], [-16.936592, 32.702416], [-16.936611, 32.702336], [-16.936614, 32.702237], [-16.936595, 32.702205], [-16.936569, 32.702162], [-16.93656, 32.702097], [-16.936564, 32.702055], [-16.936556, 32.702037], [-16.93649, 32.702011], [-16.936426, 32.701972], [-16.936357, 32.701945], [-16.936321, 32.701934], [-16.936299, 32.701896], [-16.936261, 32.701813], [-16.936187, 32.701675], [-16.93617, 32.701616], [-16.936166, 32.701546], [-16.936142, 32.701384], [-16.936129, 32.701278], [-16.93612, 32.701192], [-16.936101, 32.701065], [-16.936055, 32.700951], [-16.935996, 32.700826], [-16.935901, 32.70071], [-16.935809, 32.700585], [-16.935774, 32.700523], [-16.935728, 32.700482], [-16.93565, 32.700448], [-16.935469, 32.700396], [-16.935434, 32.700386], [-16.935415, 32.700364], [-16.935407, 32.700333], [-16.935417, 32.700295], [-16.935456, 32.700262], [-16.935483, 32.700191], [-16.935506, 32.700133], [-16.93553, 32.700112], [-16.935589, 32.700076], [-16.935643, 32.699981], [-16.935662, 32.699908], [-16.935647, 32.699798], [-16.935671, 32.699715], [-16.935674, 32.699654], [-16.935647, 32.699509], [-16.935634, 32.699441], [-16.935598, 32.699402], [-16.935523, 32.699326], [-16.935473, 32.699276], [-16.935465, 32.699203], [-16.935472, 32.699023], [-16.935475, 32.698952], [-16.935479, 32.698896], [-16.93553, 32.698832], [-16.935559, 32.698786], [-16.935575, 32.698731], [-16.935561, 32.698644], [-16.935555, 32.698557], [-16.935578, 32.698464], [-16.935587, 32.698383], [-16.93559, 32.698305], [-16.935549, 32.698242], [-16.935454, 32.698093], [-16.935381, 32.697974], [-16.935248, 32.697841], [-16.935163, 32.697719], [-16.935116, 32.697654], [-16.935086, 32.697587], [-16.935057, 32.69748], [-16.935054, 32.697416], [-16.935051, 32.697346], [-16.935212, 32.697103], [-16.93525, 32.69707], [-16.935336, 32.696986], [-16.935451, 32.696874], [-16.935484, 32.696835], [-16.935489, 32.696788], [-16.935505, 32.696752], [-16.935581, 32.696723], [-16.935617, 32.696697], [-16.935649, 32.696596], [-16.935739, 32.696489], [-16.935753, 32.696445], [-16.935765, 32.696371], [-16.93581, 32.696279], [-16.935858, 32.696211], [-16.935956, 32.696119], [-16.936045, 32.696053], [-16.936137, 32.696012], [-16.936184, 32.696004], [-16.936257, 32.695955], [-16.936306, 32.695873], [-16.936335, 32.695794], [-16.936352, 32.695689], [-16.936377, 32.695621], [-16.936401, 32.695587], [-16.936451, 32.695534], [-16.936485, 32.695479], [-16.936551, 32.695389], [-16.936652, 32.695202], [-16.936701, 32.695123], [-16.936735, 32.695092], [-16.936748, 32.695043], [-16.936791, 32.694831], [-16.936836, 32.694726], [-16.936859, 32.694659], [-16.936872, 32.694561], [-16.936886, 32.694446], [-16.936911, 32.694382], [-16.936935, 32.694315], [-16.936964, 32.69426], [-16.936973, 32.694221], [-16.936976, 32.694174], [-16.936989, 32.694121], [-16.937054, 32.694015], [-16.93715, 32.693926], [-16.937265, 32.693861], [-16.937346, 32.693807], [-16.937536, 32.693731], [-16.937774, 32.693542], [-16.937953, 32.693455], [-16.938015, 32.693407], [-16.938118, 32.693284], [-16.938303, 32.692867], [-16.938489, 32.692253], [-16.938707, 32.691809], [-16.938824, 32.691653], [-16.93901, 32.691509], [-16.939086, 32.691396], [-16.939134, 32.691224], [-16.939158, 32.691038], [-16.939225, 32.690817], [-16.93931, 32.690715], [-16.939406, 32.690648], [-16.939578, 32.690604], [-16.939586, 32.690602], [-16.939587, 32.690599], [-16.939667, 32.690626], [-16.939726, 32.690662], [-16.939743, 32.690787], [-16.939783, 32.690891], [-16.93989, 32.691048], [-16.939888, 32.691153], [-16.939902, 32.691219], [-16.940186, 32.691443], [-16.94025, 32.691512], [-16.940279, 32.69162], [-16.940215, 32.69172], [-16.940078, 32.691833], [-16.939968, 32.691948], [-16.939911, 32.692091], [-16.939885, 32.692216], [-16.939927, 32.692271], [-16.940141, 32.692528], [-16.940303, 32.692823], [-16.940396, 32.693176], [-16.94047, 32.693361], [-16.94051, 32.69342], [-16.940547, 32.693444], [-16.940633, 32.69343], [-16.940833, 32.693142], [-16.941016, 32.693003], [-16.941219, 32.692786], [-16.941272, 32.692744], [-16.941579, 32.692599], [-16.94164, 32.692587], [-16.941765, 32.692597], [-16.941906, 32.692647], [-16.942227, 32.69293], [-16.942291, 32.692967], [-16.942386, 32.692976], [-16.942467, 32.692924], [-16.942496, 32.692789], [-16.942536, 32.692725], [-16.942834, 32.692498], [-16.942893, 32.692403], [-16.942937, 32.692276], [-16.942973, 32.692058], [-16.943005, 32.691957], [-16.943083, 32.691808], [-16.943248, 32.691678], [-16.943397, 32.69162], [-16.943444, 32.691587], [-16.943599, 32.691318], [-16.943652, 32.691279], [-16.943772, 32.691255], [-16.943939, 32.691258], [-16.944058, 32.691228], [-16.94414, 32.691188], [-16.944425, 32.690969], [-16.944672, 32.69085], [-16.944777, 32.690839], [-16.944835, 32.690864], [-16.94492, 32.690976], [-16.944974, 32.691081], [-16.945039, 32.691268], [-16.945084, 32.691324], [-16.945206, 32.691354], [-16.945245, 32.691353], [-16.945719, 32.691202], [-16.945989, 32.691147], [-16.9462, 32.691144], [-16.946519, 32.691198], [-16.946615, 32.691196], [-16.946663, 32.691192]], [[-16.929597, 32.725857], [-16.92962, 32.725638], [-16.929631, 32.725519], [-16.929678, 32.725426], [-16.929749, 32.72539], [-16.929743, 32.725342], [-16.929678, 32.725299], [-16.929607, 32.725249], [-16.929545, 32.724975], [-16.929536, 32.724728], [-16.929522, 32.724609], [-16.929486, 32.724476], [-16.929478, 32.724361], [-16.929446, 32.724237], [-16.929458, 32.724142], [-16.929452, 32.724066], [-16.929341, 32.723928], [-16.929218, 32.723747], [-16.929206, 32.723691], [-16.929204, 32.723584], [-16.929193, 32.723509], [-16.929201, 32.723404], [-16.929219, 32.723267], [-16.929281, 32.723115], [-16.929283, 32.723083], [-16.929244, 32.723016], [-16.92926, 32.722935], [-16.929354, 32.722842], [-16.92936, 32.72281], [-16.929297, 32.722745], [-16.929215, 32.722695], [-16.929138, 32.722711], [-16.928997, 32.722692], [-16.928858, 32.722637], [-16.928794, 32.722561], [-16.928829, 32.722448], [-16.928842, 32.722323], [-16.928807, 32.722215], [-16.928607, 32.72202], [-16.928418, 32.721735], [-16.928389, 32.721639], [-16.928293, 32.721439], [-16.928249, 32.721268], [-16.928192, 32.721002], [-16.92815, 32.720861], [-16.928341, 32.720514], [-16.928593, 32.720203], [-16.928568, 32.720169]]]}}, {"type": "Feature", "properties": {"name": "Levada do Curral", "length_km": 5.7, "hasTunnel": false}, "geometry": {"type": "MultiLineString", "coordinates": [[[-16.967085, 32.716142], [-16.96702, 32.715921], [-16.967017, 32.715555], [-16.96698, 32.715341], [-16.966936, 32.715311], [-16.966789, 32.715285], [-16.966731, 32.715246], [-16.966569, 32.715187], [-16.966411, 32.715167], [-16.966239, 32.715129], [-16.966269, 32.715102], [-16.966291, 32.715084], [-16.966334, 32.715064], [-16.966345, 32.715048], [-16.966334, 32.715026], [-16.966342, 32.715009], [-16.966371, 32.714999], [-16.966459, 32.714985], [-16.966502, 32.714962], [-16.966638, 32.714954], [-16.966731, 32.714894], [-16.966854, 32.714867], [-16.966921, 32.714736], [-16.967004, 32.714669], [-16.967187, 32.714506], [-16.967385, 32.71438], [-16.967592, 32.714369], [-16.967715, 32.714287], [-16.967726, 32.714093], [-16.967825, 32.713861], [-16.967984, 32.713651], [-16.968073, 32.713468], [-16.968013, 32.713366], [-16.967944, 32.713371], [-16.967829, 32.713495], [-16.967699, 32.713552], [-16.967522, 32.71357], [-16.967452, 32.713536], [-16.967526, 32.713468], [-16.967676, 32.713346], [-16.967707, 32.71326], [-16.967754, 32.713182], [-16.96774, 32.713058], [-16.967654, 32.712963], [-16.967696, 32.712932], [-16.967806, 32.712937], [-16.968247, 32.712995], [-16.968526, 32.712959], [-16.968701, 32.712905], [-16.968793, 32.712825], [-16.968853, 32.712726], [-16.968881, 32.712401], [-16.969153, 32.712069], [-16.969092, 32.711771], [-16.968997, 32.711482], [-16.968911, 32.711218], [-16.969002, 32.71076], [-16.969048, 32.710462], [-16.969016, 32.71013], [-16.969059, 32.709663], [-16.969013, 32.70932], [-16.96893, 32.708979], [-16.968879, 32.708842], [-16.968756, 32.708587], [-16.968475, 32.708458], [-16.968305, 32.708198], [-16.968485, 32.707666], [-16.968402, 32.707377], [-16.968164, 32.707284], [-16.968175, 32.707108], [-16.96841, 32.707045], [-16.968512, 32.706745], [-16.968705, 32.706623], [-16.968791, 32.70607], [-16.968707, 32.70596], [-16.968368, 32.705863], [-16.968257, 32.705779], [-16.968185, 32.705465], [-16.968155, 32.704863], [-16.968203, 32.704456], [-16.968061, 32.704158], [-16.967879, 32.703892], [-16.967675, 32.703761], [-16.967541, 32.703716], [-16.967204, 32.703749], [-16.967097, 32.703862], [-16.96701, 32.703918], [-16.966856, 32.703929], [-16.966668, 32.70388], [-16.966195, 32.703713], [-16.966181, 32.703493], [-16.966193, 32.703098], [-16.966093, 32.703001], [-16.965884, 32.703023], [-16.965731, 32.703245], [-16.965492, 32.703312], [-16.965291, 32.703257], [-16.964897, 32.703043], [-16.964678, 32.702879], [-16.964378, 32.702603], [-16.964255, 32.702458], [-16.964135, 32.702269], [-16.96396, 32.702035], [-16.963606, 32.701979], [-16.963363, 32.701878], [-16.963331, 32.701766], [-16.963296, 32.701644], [-16.963363, 32.701547], [-16.96338, 32.701378], [-16.963287, 32.701317], [-16.963159, 32.701138], [-16.963292, 32.700908], [-16.963448, 32.700843], [-16.963472, 32.700484], [-16.963217, 32.700416], [-16.962959, 32.700437], [-16.962654, 32.700195], [-16.962648, 32.700041], [-16.962233, 32.699841], [-16.961895, 32.699143], [-16.9616, 32.698502], [-16.961557, 32.698342], [-16.961328, 32.698233], [-16.961095, 32.698223], [-16.960795, 32.698443], [-16.960704, 32.69839], [-16.960877, 32.698209], [-16.961176, 32.697982], [-16.961326, 32.697777], [-16.961189, 32.697642], [-16.961015, 32.697608], [-16.960763, 32.697563], [-16.960752, 32.697421], [-16.960859, 32.697268], [-16.961211, 32.697081], [-16.96123, 32.696681], [-16.961289, 32.696311], [-16.961296, 32.696017], [-16.96128, 32.69589], [-16.961064, 32.695692], [-16.960957, 32.695563], [-16.96099, 32.695427], [-16.961139, 32.695308], [-16.961329, 32.695216], [-16.961372, 32.695105], [-16.961272, 32.695015], [-16.960949, 32.694901], [-16.960878, 32.694819], [-16.960857, 32.694563], [-16.961003, 32.694238], [-16.961136, 32.694087], [-16.961461, 32.69403], [-16.961854, 32.693785], [-16.962087, 32.693695], [-16.962346, 32.693587], [-16.96256, 32.69348], [-16.962526, 32.693385], [-16.962368, 32.693345], [-16.962349, 32.693223], [-16.962452, 32.692938], [-16.962679, 32.69252], [-16.96296, 32.69241], [-16.963285, 32.692137], [-16.963524, 32.692144], [-16.963562, 32.692092], [-16.963524, 32.691798], [-16.963335, 32.691464], [-16.963457, 32.691299], [-16.963497, 32.691171], [-16.963631, 32.691087], [-16.963678, 32.690956], [-16.963823, 32.690895], [-16.964014, 32.690697], [-16.964355, 32.690422], [-16.964514, 32.690065], [-16.964641, 32.689705], [-16.964521, 32.68956], [-16.964423, 32.689376], [-16.964145, 32.688974], [-16.963989, 32.688972], [-16.963697, 32.689342], [-16.963515, 32.689518], [-16.963268, 32.689613], [-16.96286, 32.689654], [-16.962694, 32.689356], [-16.962453, 32.689175], [-16.962147, 32.689157], [-16.961987, 32.68915], [-16.961795, 32.689083]], [[-16.955297, 32.664092], [-16.955336, 32.664085], [-16.955345, 32.664083], [-16.955355, 32.664042], [-16.955466, 32.663852], [-16.955545, 32.663734], [-16.955626, 32.663621], [-16.955743, 32.663508], [-16.955799, 32.66332], [-16.955768, 32.663147], [-16.955844, 32.662841], [-16.955878, 32.662818], [-16.955881, 32.662773], [-16.956011, 32.662553], [-16.955974, 32.662371], [-16.955886, 32.66227], [-16.955791, 32.662182], [-16.955788, 32.66218], [-16.955656, 32.66206], [-16.955565, 32.661947], [-16.955471, 32.661893], [-16.955372, 32.661865], [-16.955209, 32.661848], [-16.95502, 32.661842], [-16.954878, 32.661853], [-16.954723, 32.661848], [-16.954587, 32.661842], [-16.954482, 32.661799], [-16.954255, 32.661571], [-16.954203, 32.661537], [-16.954179, 32.661486], [-16.954198, 32.661432], [-16.954255, 32.66138], [-16.954351, 32.661268], [-16.954551, 32.661102], [-16.954594, 32.660999], [-16.954597, 32.660894], [-16.954423, 32.660866], [-16.953919, 32.66082], [-16.95379, 32.660808], [-16.953655, 32.660677], [-16.953611, 32.660635], [-16.953664, 32.660475], [-16.953832, 32.660111], [-16.95379, 32.659918], [-16.953722, 32.659872], [-16.953644, 32.659841], [-16.953549, 32.659844], [-16.953468, 32.659845]], [[-16.953976, 32.667872], [-16.953888, 32.667825]], [[-16.953439, 32.659844], [-16.953425, 32.659869], [-16.953069, 32.659881], [-16.952999, 32.659876], [-16.952913, 32.659839], [-16.952579, 32.659542], [-16.952547, 32.659523], [-16.952472, 32.659495], [-16.952418, 32.659501], [-16.952344, 32.659514], [-16.952197, 32.659577], [-16.952123, 32.659625], [-16.952072, 32.659659], [-16.952032, 32.659684], [-16.951993, 32.659702], [-16.951952, 32.6597], [-16.951926, 32.659684], [-16.951916, 32.659661], [-16.951919, 32.659637], [-16.951943, 32.659591], [-16.951985, 32.659524], [-16.952047, 32.659445], [-16.952122, 32.659345], [-16.952207, 32.659201], [-16.952235, 32.659104], [-16.952275, 32.658967], [-16.952352, 32.6589], [-16.952497, 32.658783], [-16.952471, 32.658746]]]}}, {"type": "Feature", "properties": {"name": "Levada de Marques Teixeira", "length_km": 5.55, "hasTunnel": false}, "geometry": {"type": "MultiLineString", "coordinates": [[[-17.078713, 32.741928], [-17.07864, 32.741761], [-17.078624, 32.741575], [-17.078592, 32.741382], [-17.078584, 32.741269], [-17.078434, 32.741262], [-17.078213, 32.741123], [-17.078236, 32.740963], [-17.078481, 32.740817], [-17.078679, 32.740684], [-17.078972, 32.740398], [-17.079225, 32.740052], [-17.079344, 32.739826], [-17.07951, 32.739706], [-17.079676, 32.739633], [-17.079738, 32.739644], [-17.079818, 32.739659], [-17.079874, 32.739626], [-17.079802, 32.739486], [-17.079794, 32.739407], [-17.079711, 32.739158], [-17.07988, 32.739049], [-17.07988, 32.738851], [-17.079867, 32.738555], [-17.07988, 32.738424], [-17.080036, 32.738216], [-17.080232, 32.738194], [-17.080466, 32.738205], [-17.080792, 32.738194], [-17.08061, 32.737832], [-17.08057, 32.737525], [-17.080518, 32.737405], [-17.080662, 32.737273], [-17.080805, 32.737164], [-17.080935, 32.736967], [-17.080871, 32.736699], [-17.080927, 32.736548], [-17.081064, 32.736406], [-17.081094, 32.736392], [-17.08128, 32.736354], [-17.081385, 32.736338], [-17.081438, 32.736353], [-17.081538, 32.736399], [-17.082031, 32.736597], [-17.082332, 32.73676], [-17.082576, 32.736727], [-17.082643, 32.736767], [-17.082705, 32.736798], [-17.082734, 32.736803], [-17.082765, 32.736789], [-17.082788, 32.736756], [-17.082778, 32.736668], [-17.082771, 32.736494], [-17.082783, 32.736373], [-17.082805, 32.73632], [-17.082863, 32.736308], [-17.08295, 32.736337], [-17.083469, 32.736505], [-17.083576, 32.736507], [-17.083689, 32.736461], [-17.08378, 32.736388], [-17.083787, 32.736238], [-17.083748, 32.736074], [-17.083598, 32.735731], [-17.083598, 32.735424], [-17.083898, 32.73546], [-17.084284, 32.735605], [-17.084585, 32.735803], [-17.084855, 32.735793], [-17.084992, 32.735677], [-17.085186, 32.735605], [-17.085593, 32.735641], [-17.085894, 32.735912], [-17.086087, 32.736236], [-17.086559, 32.736381], [-17.086666, 32.736706], [-17.087031, 32.737012], [-17.087331, 32.737175], [-17.087379, 32.737251], [-17.087301, 32.737484], [-17.087421, 32.737524], [-17.087553, 32.737569], [-17.087581, 32.737693], [-17.087453, 32.737858], [-17.087541, 32.737879], [-17.087544, 32.737951], [-17.087678, 32.738025], [-17.087747, 32.738148], [-17.087818, 32.73816], [-17.087954, 32.738059], [-17.088147, 32.737843], [-17.088233, 32.737608], [-17.088224, 32.737382], [-17.088426, 32.737157], [-17.089382, 32.737206], [-17.089541, 32.737157], [-17.089439, 32.737034], [-17.088919, 32.736435], [-17.088705, 32.735929], [-17.089091, 32.735767], [-17.089789, 32.735525], [-17.090093, 32.73536], [-17.090201, 32.735239], [-17.090303, 32.735214], [-17.090314, 32.735135], [-17.090181, 32.735085], [-17.09018, 32.73502], [-17.090086, 32.734977], [-17.089785, 32.734952], [-17.089318, 32.734728], [-17.089056, 32.734633], [-17.088932, 32.734683], [-17.088729, 32.734547], [-17.088748, 32.734395], [-17.08868, 32.734199], [-17.088434, 32.734149], [-17.088259, 32.734072], [-17.08801, 32.734021], [-17.087932, 32.733601], [-17.087846, 32.73324], [-17.086958, 32.732454], [-17.086344, 32.732247], [-17.086786, 32.732039], [-17.087301, 32.731895], [-17.088318, 32.731417], [-17.08879, 32.73111], [-17.088855, 32.730803], [-17.088953, 32.730595], [-17.089275, 32.730523], [-17.089499, 32.730497], [-17.089735, 32.730099], [-17.089662, 32.729974], [-17.089514, 32.729811], [-17.089437, 32.729672], [-17.089209, 32.729584], [-17.088941, 32.729524], [-17.088517, 32.729483], [-17.088108, 32.729192], [-17.087591, 32.728919], [-17.087398, 32.728751], [-17.087261, 32.7286], [-17.087284, 32.728551], [-17.087516, 32.728245], [-17.087613, 32.728127], [-17.087739, 32.728042], [-17.087739, 32.727825], [-17.087494, 32.72731], [-17.087267, 32.727067], [-17.088072, 32.726331], [-17.088576, 32.726092], [-17.089112, 32.725929], [-17.089155, 32.725695], [-17.08922, 32.725532], [-17.089413, 32.725442], [-17.089563, 32.725244], [-17.089665, 32.724741], [-17.089563, 32.724395], [-17.089644, 32.724046], [-17.089383, 32.723701], [-17.089649, 32.722933], [-17.089607, 32.722656], [-17.089456, 32.722518], [-17.089894, 32.72179], [-17.090078, 32.721146], [-17.089928, 32.720839], [-17.089941, 32.720576], [-17.090048, 32.720342], [-17.090314, 32.720297], [-17.090464, 32.720008], [-17.090679, 32.719719], [-17.090893, 32.71925], [-17.091065, 32.718817], [-17.091837, 32.717932], [-17.092116, 32.71777], [-17.092108, 32.717561], [-17.091988, 32.717282], [-17.092352, 32.716903], [-17.092524, 32.716524], [-17.092824, 32.716271], [-17.093031, 32.715936], [-17.093382, 32.715802], [-17.093726, 32.715116], [-17.093899, 32.714824], [-17.093962, 32.714719]]]}}, {"type": "Feature", "properties": {"name": "Levada da Achada Grande", "length_km": 4.68, "hasTunnel": true}, "geometry": {"type": "MultiLineString", "coordinates": [[[-16.979489, 32.804303], [-16.979667, 32.804959], [-16.979841, 32.805192], [-16.97984, 32.805442], [-16.979778, 32.805695], [-16.979656, 32.806066], [-16.979517, 32.806342], [-16.979545, 32.806549], [-16.979667, 32.806595], [-16.979733, 32.806732], [-16.979733, 32.806972], [-16.979653, 32.80725], [-16.97962, 32.807519], [-16.979635, 32.807627], [-16.979777, 32.807902], [-16.979842, 32.808005], [-16.979796, 32.808243], [-16.979887, 32.808835], [-16.97989, 32.808946], [-16.979769, 32.809031], [-16.979593, 32.808992], [-16.979443, 32.808983], [-16.979144, 32.809034], [-16.9789, 32.809174], [-16.978597, 32.80923], [-16.97847, 32.809266], [-16.978223, 32.809366], [-16.977995, 32.809387], [-16.977778, 32.809359], [-16.977453, 32.809247], [-16.977182, 32.809144], [-16.977072, 32.809144], [-16.976798, 32.809265], [-16.976493, 32.809287], [-16.976193, 32.809256], [-16.975708, 32.809243], [-16.975458, 32.809246], [-16.975115, 32.809318], [-16.974899, 32.80931], [-16.974685, 32.809326], [-16.974462, 32.809526], [-16.974298, 32.809736], [-16.97407, 32.809955], [-16.973797, 32.810173], [-16.97371, 32.81051], [-16.973555, 32.81071], [-16.973524, 32.810849], [-16.973394, 32.81101], [-16.973299, 32.811056], [-16.973136, 32.811068], [-16.97296, 32.811221], [-16.972744, 32.811439], [-16.972699, 32.811486], [-16.972194, 32.812214], [-16.971742, 32.811968], [-16.971649, 32.811898], [-16.971597, 32.811759], [-16.9713, 32.811205], [-16.971176, 32.810925], [-16.971198, 32.810307], [-16.971243, 32.810122], [-16.971204, 32.809983], [-16.97095, 32.809536], [-16.970779, 32.809424], [-16.970849, 32.809216], [-16.970841, 32.808811], [-16.971031, 32.808411], [-16.970909, 32.808157], [-16.971157, 32.807641], [-16.971311, 32.807472], [-16.971332, 32.807321], [-16.971254, 32.807161], [-16.971243, 32.806844], [-16.971368, 32.806588], [-16.971459, 32.805741], [-16.971577, 32.805319], [-16.971601, 32.805029], [-16.971401, 32.804762], [-16.971329, 32.80458], [-16.971311, 32.804277], [-16.971344, 32.804161], [-16.971425, 32.804045], [-16.971501, 32.803809], [-16.97154, 32.803784], [-16.971739, 32.80379], [-16.971852, 32.8037], [-16.972005, 32.803412], [-16.971986, 32.803145], [-16.972132, 32.80295], [-16.972578, 32.802545], [-16.972568, 32.802507], [-16.972483, 32.802467], [-16.972324, 32.802351], [-16.972272, 32.802283], [-16.972283, 32.802218], [-16.972361, 32.801882], [-16.972399, 32.801744], [-16.972496, 32.801636], [-16.972612, 32.801555], [-16.972638, 32.801505], [-16.972604, 32.80146], [-16.972496, 32.801431], [-16.972404, 32.801416], [-16.972364, 32.801351], [-16.972365, 32.801251], [-16.972491, 32.801019], [-16.972672, 32.800658], [-16.972704, 32.800584], [-16.972805, 32.800474], [-16.972825, 32.800445], [-16.972865, 32.80032], [-16.972887, 32.800214], [-16.972924, 32.79997], [-16.973, 32.79988], [-16.973084, 32.799862], [-16.973202, 32.799847], [-16.973287, 32.799827], [-16.973388, 32.799761], [-16.97346, 32.799635], [-16.973488, 32.799549], [-16.973565, 32.799159], [-16.973627, 32.799113], [-16.973737, 32.799058], [-16.97382, 32.798938], [-16.973919, 32.79881], [-16.973941, 32.79865], [-16.973889, 32.798462], [-16.97382, 32.798286], [-16.973895, 32.797895], [-16.973945, 32.797827], [-16.973947, 32.797769], [-16.973931, 32.797712], [-16.97394, 32.797663], [-16.974018, 32.797545], [-16.974032, 32.797453], [-16.973998, 32.797418], [-16.973909, 32.797405], [-16.973829, 32.79733], [-16.973779, 32.797236], [-16.973765, 32.797141], [-16.973732, 32.796913], [-16.973724, 32.796856], [-16.973691, 32.796792], [-16.973737, 32.796632], [-16.973804, 32.796407], [-16.973867, 32.796155], [-16.973842, 32.795962], [-16.973865, 32.795919], [-16.973947, 32.795906], [-16.974105, 32.795854], [-16.974276, 32.795762], [-16.974413, 32.795727], [-16.974495, 32.795671], [-16.97452, 32.795612], [-16.97443, 32.795489], [-16.974319, 32.795395], [-16.974317, 32.795355], [-16.974435, 32.795147], [-16.974459, 32.795084], [-16.974495, 32.794857], [-16.974489, 32.794836], [-16.974387, 32.794807], [-16.974369, 32.794776], [-16.974436, 32.79467], [-16.974427, 32.794431], [-16.974468, 32.794352], [-16.974559, 32.794288], [-16.974679, 32.794234], [-16.974824, 32.794207], [-16.974993, 32.794058], [-16.975022, 32.793898], [-16.974975, 32.793696], [-16.974943, 32.793563], [-16.974955, 32.793494], [-16.975058, 32.79337], [-16.975121, 32.793169], [-16.975194, 32.793007], [-16.975347, 32.792876], [-16.975485, 32.792754], [-16.975536, 32.792596], [-16.97543, 32.792477], [-16.975446, 32.792128], [-16.975466, 32.792073], [-16.975583, 32.792006], [-16.975643, 32.791917], [-16.975666, 32.791784], [-16.97562, 32.791711], [-16.97559, 32.791299], [-16.975628, 32.791248], [-16.975795, 32.791239], [-16.975925, 32.791225], [-16.975976, 32.791184], [-16.975941, 32.790875], [-16.975893, 32.790807], [-16.975782, 32.790762], [-16.975718, 32.790676], [-16.975698, 32.790546], [-16.975798, 32.790356], [-16.975909, 32.790173], [-16.975941, 32.789855], [-16.975759, 32.789798], [-16.975704, 32.789715], [-16.975753, 32.789043], [-16.975691, 32.78867], [-16.975611, 32.788507], [-16.975577, 32.788174], [-16.975551, 32.788008], [-16.975442, 32.787793], [-16.975426, 32.787557], [-16.975292, 32.787366], [-16.975032, 32.787211], [-16.974887, 32.787074]]]}}, {"type": "Feature", "properties": {"name": "Levada dos Cardais", "length_km": 4.65, "hasTunnel": false}, "geometry": {"type": "MultiLineString", "coordinates": [[[-17.037613, 32.798085], [-17.037514, 32.79811], [-17.037403, 32.798175], [-17.037241, 32.798313], [-17.036964, 32.798537], [-17.036867, 32.798557], [-17.036781, 32.798547], [-17.036756, 32.798536], [-17.036736, 32.79852], [-17.036533, 32.798351], [-17.036228, 32.798304], [-17.036059, 32.798303], [-17.035719, 32.798372], [-17.035554, 32.798408], [-17.035411, 32.79843], [-17.035293, 32.79843], [-17.035142, 32.798344], [-17.035012, 32.798239], [-17.034885, 32.798191], [-17.034857, 32.79826], [-17.03496, 32.798312], [-17.035015, 32.79846], [-17.035049, 32.798712], [-17.035087, 32.798695], [-17.035099, 32.798708], [-17.035175, 32.798691], [-17.035348, 32.798685], [-17.0356, 32.798728], [-17.035804, 32.7988], [-17.035978, 32.798904], [-17.036137, 32.799098], [-17.036697, 32.79923], [-17.036947, 32.799405], [-17.036895, 32.799628], [-17.036849, 32.799832], [-17.036962, 32.799807], [-17.037091, 32.799698], [-17.037211, 32.799625], [-17.037376, 32.799696], [-17.037486, 32.799702], [-17.037632, 32.79968], [-17.038073, 32.799769], [-17.038159, 32.799703], [-17.038483, 32.799714], [-17.038763, 32.799824], [-17.038906, 32.799928], [-17.039031, 32.800001], [-17.039072, 32.800028], [-17.039084, 32.800057], [-17.039103, 32.800084], [-17.039171, 32.800132], [-17.039421, 32.800339], [-17.039527, 32.800501], [-17.039621, 32.800711], [-17.039554, 32.800818], [-17.039531, 32.800894], [-17.03973, 32.800909], [-17.039776, 32.800955], [-17.039818, 32.801005], [-17.039961, 32.801249], [-17.040052, 32.801338], [-17.040163, 32.801507], [-17.040227, 32.801611], [-17.040256, 32.801682], [-17.040235, 32.801921], [-17.040334, 32.802033], [-17.040411, 32.802094], [-17.040462, 32.802169], [-17.040752, 32.802649], [-17.040847, 32.802902], [-17.040934, 32.802978], [-17.040982, 32.803047], [-17.041051, 32.803224], [-17.04115, 32.803518], [-17.041317, 32.80369], [-17.041514, 32.803852], [-17.041552, 32.803904], [-17.041597, 32.803979], [-17.041668, 32.804172], [-17.041671, 32.804284]], [[-17.038132, 32.796031], [-17.037979, 32.795967], [-17.037916, 32.795927], [-17.03786, 32.795906], [-17.037782, 32.795893], [-17.037628, 32.795888], [-17.037536, 32.795887], [-17.037449, 32.795892]], [[-17.031076, 32.792519], [-17.031025, 32.792507], [-17.030946, 32.792573], [-17.030835, 32.792693], [-17.030732, 32.792773], [-17.030487, 32.792949], [-17.030337, 32.793118], [-17.030226, 32.793235], [-17.030119, 32.793371], [-17.030001, 32.793521], [-17.029989, 32.7936], [-17.030047, 32.793731], [-17.030634, 32.793473], [-17.030839, 32.793437], [-17.031058, 32.793343], [-17.031285, 32.793273], [-17.031435, 32.793322], [-17.031605, 32.793344], [-17.031768, 32.793346], [-17.0321, 32.793166], [-17.032184, 32.793112], [-17.032252, 32.793024], [-17.032344, 32.793024], [-17.032515, 32.793176], [-17.032635, 32.793373], [-17.03276, 32.793448], [-17.032959, 32.793454], [-17.033088, 32.793391], [-17.033217, 32.793478], [-17.033307, 32.793622], [-17.033492, 32.793684], [-17.033555, 32.793711], [-17.03358, 32.793764], [-17.033505, 32.794221], [-17.033099, 32.794807], [-17.033419, 32.794765], [-17.033568, 32.794727], [-17.033906, 32.794793], [-17.034018, 32.794799], [-17.034098, 32.794779], [-17.034457, 32.794674], [-17.034561, 32.794722], [-17.034582, 32.794804], [-17.034583, 32.795257], [-17.034557, 32.795344], [-17.034552, 32.79543], [-17.034603, 32.795434], [-17.03472, 32.795412], [-17.034857, 32.795441], [-17.035108, 32.795408], [-17.03519, 32.79536], [-17.035288, 32.795278], [-17.035306, 32.795228], [-17.035333, 32.795209], [-17.035404, 32.795254], [-17.035433, 32.795463], [-17.035497, 32.79555], [-17.035564, 32.795589], [-17.035653, 32.795588], [-17.035783, 32.795649], [-17.035985, 32.795698], [-17.036089, 32.795732], [-17.036265, 32.795736], [-17.036362, 32.795771], [-17.03649, 32.795719], [-17.03662, 32.79572], [-17.03669, 32.795753], [-17.036877, 32.795851], [-17.036942, 32.795893], [-17.037176, 32.795948], [-17.037249, 32.795949], [-17.037332, 32.795938]], [[-17.031309, 32.792403], [-17.031362, 32.792419], [-17.031408, 32.792415], [-17.031531, 32.792363], [-17.031658, 32.792238], [-17.031776, 32.792091], [-17.031914, 32.791958], [-17.032037, 32.791849], [-17.032065, 32.791775], [-17.032057, 32.791593], [-17.032033, 32.7915], [-17.031891, 32.791397], [-17.0318, 32.791387], [-17.031622, 32.791416], [-17.031495, 32.791556], [-17.031278, 32.791679], [-17.031037, 32.791699], [-17.030819, 32.791756], [-17.030602, 32.791756], [-17.030499, 32.791729], [-17.030523, 32.791613], [-17.030527, 32.79151], [-17.030455, 32.791416], [-17.030361, 32.791377], [-17.030266, 32.791321], [-17.03023, 32.791234], [-17.030262, 32.791181], [-17.03038, 32.791184], [-17.030535, 32.791197], [-17.030689, 32.791147], [-17.030748, 32.791071], [-17.030839, 32.790971], [-17.030902, 32.790832], [-17.030886, 32.790755], [-17.030815, 32.790572], [-17.030677, 32.790449], [-17.030602, 32.790359], [-17.030392, 32.790197], [-17.03025, 32.790087], [-17.030175, 32.789994], [-17.030072, 32.789967], [-17.029914, 32.789901], [-17.029767, 32.789771], [-17.029645, 32.789635], [-17.02955, 32.789681], [-17.029479, 32.789764], [-17.029356, 32.789871], [-17.029226, 32.789971], [-17.029075, 32.790057], [-17.028976, 32.790077], [-17.028886, 32.790104], [-17.028692, 32.790107], [-17.028573, 32.79006], [-17.028482, 32.789977], [-17.028498, 32.789881], [-17.028478, 32.789814], [-17.028632, 32.789871], [-17.028688, 32.789857], [-17.028775, 32.789821], [-17.028838, 32.789761], [-17.028854, 32.789635], [-17.028961, 32.789528], [-17.029103, 32.789336], [-17.029226, 32.789253], [-17.029273, 32.789143], [-17.029289, 32.789083], [-17.029301, 32.788937], [-17.029245, 32.788817], [-17.029202, 32.788667], [-17.029229, 32.788571], [-17.029277, 32.788405], [-17.029301, 32.788302], [-17.029301, 32.788249], [-17.029261, 32.788192], [-17.029161, 32.788135], [-17.02898, 32.788125], [-17.028851, 32.788117], [-17.02869, 32.78808], [-17.028536, 32.788077], [-17.028493, 32.788083], [-17.02843, 32.788089], [-17.028331, 32.788086], [-17.027816, 32.787977], [-17.027408, 32.787653], [-17.026979, 32.78722], [-17.027006, 32.787149], [-17.02703, 32.787083], [-17.027196, 32.787055], [-17.027332, 32.787124], [-17.027545, 32.787189], [-17.02769, 32.787204], [-17.027839, 32.787147], [-17.027975, 32.787101], [-17.028125, 32.787112], [-17.028215, 32.787128], [-17.028437, 32.787097], [-17.028759, 32.786972], [-17.02882, 32.78679], [-17.028849, 32.786705], [-17.028772, 32.786575], [-17.028654, 32.786465], [-17.028668, 32.786324], [-17.028745, 32.786187], [-17.028664, 32.786073], [-17.028482, 32.786016], [-17.028423, 32.785852], [-17.028401, 32.78557], [-17.028469, 32.785372], [-17.02846, 32.785182], [-17.028423, 32.785045], [-17.028442, 32.784949], [-17.028519, 32.78485], [-17.028546, 32.784721], [-17.028614, 32.784614], [-17.028451, 32.784572], [-17.028306, 32.784527], [-17.028079, 32.784374], [-17.02793, 32.784317], [-17.027821, 32.784275], [-17.027703, 32.784207], [-17.027649, 32.784009], [-17.027581, 32.78386], [-17.02749, 32.783765], [-17.027441, 32.783624], [-17.027336, 32.783468], [-17.027319, 32.783388]]]}}, {"type": "Feature", "properties": {"name": "Levada do Moinho", "length_km": 4.53, "hasTunnel": false}, "geometry": {"type": "MultiLineString", "coordinates": [[[-17.192847, 32.84625], [-17.192659, 32.8468], [-17.192509, 32.847159], [-17.192509, 32.847297], [-17.192852, 32.847492], [-17.192822, 32.847993], [-17.192752, 32.848226], [-17.192681, 32.848313], [-17.19272, 32.848458]], [[-17.094221, 32.687607], [-17.094105, 32.687856], [-17.09396, 32.687942], [-17.093724, 32.687969], [-17.093327, 32.688258], [-17.092973, 32.688475], [-17.092715, 32.68871], [-17.092597, 32.688931], [-17.09253, 32.689061], [-17.092329, 32.689005]], [[-17.091482, 32.689489], [-17.091513, 32.689536], [-17.091607, 32.689678], [-17.091436, 32.689833], [-17.091291, 32.689999], [-17.091255, 32.690084], [-17.091228, 32.690192], [-17.091188, 32.690298], [-17.091142, 32.690388], [-17.091083, 32.690464], [-17.09097, 32.690523], [-17.090837, 32.690618], [-17.090695, 32.690689], [-17.090572, 32.690731], [-17.090518, 32.690789], [-17.090436, 32.690826], [-17.090268, 32.690884], [-17.090137, 32.690981], [-17.089994, 32.691141], [-17.089842, 32.691315], [-17.089751, 32.691514], [-17.089682, 32.691599], [-17.089642, 32.691673], [-17.08962, 32.691728], [-17.089613, 32.6918], [-17.08958, 32.691872], [-17.089549, 32.691901], [-17.089521, 32.691953], [-17.089443, 32.692172], [-17.089416, 32.692269], [-17.089389, 32.692451], [-17.089394, 32.692544], [-17.089378, 32.692602], [-17.089375, 32.692653], [-17.089362, 32.692743], [-17.089348, 32.692844], [-17.08933, 32.692894], [-17.089304, 32.692963], [-17.089286, 32.693002], [-17.089285, 32.693082], [-17.089293, 32.693121], [-17.089343, 32.693213], [-17.089409, 32.693469], [-17.089402, 32.693543], [-17.089367, 32.693624], [-17.089326, 32.693677], [-17.089305, 32.693813], [-17.089346, 32.693914], [-17.089414, 32.694021], [-17.089468, 32.694096], [-17.089557, 32.694145], [-17.08962, 32.694224], [-17.089635, 32.694352], [-17.089694, 32.694496], [-17.089659, 32.694726], [-17.089616, 32.694854], [-17.089513, 32.69504], [-17.089416, 32.695178], [-17.089335, 32.69538], [-17.089242, 32.695468], [-17.08917, 32.695547], [-17.089089, 32.695633], [-17.088901, 32.695717], [-17.088778, 32.695897], [-17.088734, 32.695917], [-17.08861, 32.695991], [-17.088555, 32.696055], [-17.088436, 32.696106], [-17.0882, 32.696205], [-17.088018, 32.696327], [-17.087926, 32.696447], [-17.087795, 32.696517], [-17.087665, 32.696533], [-17.087577, 32.696587], [-17.087461, 32.696687], [-17.087362, 32.696846], [-17.087262, 32.696946], [-17.087373, 32.697147], [-17.087317, 32.697222], [-17.087228, 32.697309], [-17.087146, 32.697446], [-17.086947, 32.697652], [-17.086898, 32.697775], [-17.086891, 32.697886], [-17.086884, 32.697923], [-17.086868, 32.697984], [-17.08679, 32.698145], [-17.0867, 32.698214], [-17.086583, 32.698275], [-17.086564, 32.698307], [-17.086574, 32.698366], [-17.086577, 32.698483], [-17.086512, 32.698671], [-17.086442, 32.6988], [-17.08644, 32.698906], [-17.086442, 32.698994], [-17.086495, 32.699166], [-17.086498, 32.699243], [-17.08648, 32.699323], [-17.086449, 32.699364], [-17.086395, 32.699407], [-17.086337, 32.69947], [-17.086304, 32.699575], [-17.086251, 32.699719], [-17.086215, 32.699862], [-17.08621, 32.700028], [-17.08617, 32.700119], [-17.086168, 32.700305], [-17.086221, 32.700561], [-17.086227, 32.700599], [-17.086212, 32.70064], [-17.086163, 32.700704], [-17.086151, 32.700759], [-17.086183, 32.700812], [-17.086253, 32.700866], [-17.086291, 32.700928], [-17.086298, 32.70132], [-17.086314, 32.701459], [-17.086343, 32.701511], [-17.086387, 32.701578], [-17.086392, 32.701643], [-17.08632, 32.701764], [-17.086227, 32.701904], [-17.086161, 32.701994], [-17.086133, 32.702062], [-17.086134, 32.702128], [-17.086192, 32.702183], [-17.086225, 32.70224], [-17.086173, 32.702317], [-17.086117, 32.702343], [-17.086079, 32.702381], [-17.086072, 32.702414], [-17.086088, 32.702423], [-17.086136, 32.70243], [-17.086267, 32.702441], [-17.086469, 32.702463], [-17.086623, 32.702416], [-17.086784, 32.702405], [-17.086953, 32.702402], [-17.087086, 32.702459], [-17.087391, 32.702467], [-17.087465, 32.702487], [-17.087478, 32.702569], [-17.08743, 32.702807], [-17.08739, 32.702884], [-17.087408, 32.702973], [-17.087436, 32.703064], [-17.08745, 32.70318], [-17.087446, 32.703335], [-17.087432, 32.703413], [-17.087388, 32.703518], [-17.087305, 32.703587], [-17.087227, 32.703654], [-17.087169, 32.703691], [-17.087141, 32.703743], [-17.087152, 32.70379], [-17.087188, 32.703839], [-17.087291, 32.703895], [-17.087417, 32.703966], [-17.087472, 32.704014], [-17.087509, 32.704069], [-17.087525, 32.704123], [-17.087527, 32.704251], [-17.087518, 32.704327], [-17.087537, 32.704411], [-17.087589, 32.70453], [-17.087568, 32.704648], [-17.08741, 32.704831], [-17.087269, 32.704992], [-17.087168, 32.705098], [-17.087029, 32.705182], [-17.087012, 32.705239], [-17.087005, 32.705301], [-17.087026, 32.705327], [-17.087074, 32.705331], [-17.087349, 32.705222], [-17.087548, 32.705227], [-17.087627, 32.705259], [-17.087711, 32.70532], [-17.087771, 32.705472], [-17.087741, 32.705805], [-17.087762, 32.705913], [-17.087822, 32.706013], [-17.088146, 32.706309], [-17.088134, 32.706379], [-17.08815, 32.706551], [-17.088006, 32.706844], [-17.087848, 32.707106], [-17.087848, 32.707305], [-17.087762, 32.707381], [-17.087743, 32.707617], [-17.087667, 32.70786], [-17.087707, 32.708016], [-17.0875, 32.70846], [-17.08701, 32.708656], [-17.086848, 32.708843], [-17.086707, 32.708962], [-17.086752, 32.70919], [-17.086576, 32.709342], [-17.086251, 32.709449], [-17.086197, 32.709497], [-17.086205, 32.70957], [-17.086363, 32.709734], [-17.086315, 32.709926], [-17.086174, 32.710108], [-17.085921, 32.710198], [-17.085817, 32.710289], [-17.0858, 32.710378], [-17.085861, 32.710444], [-17.086003, 32.710466], [-17.086031, 32.710515], [-17.086005, 32.710556], [-17.085917, 32.710596], [-17.085773, 32.710907], [-17.085677, 32.710995], [-17.085571, 32.711039], [-17.085511, 32.711061], [-17.085495, 32.711098], [-17.08551, 32.711128], [-17.085557, 32.7112], [-17.085578, 32.711272], [-17.08549, 32.711309], [-17.085266, 32.711359], [-17.085209, 32.711396], [-17.085148, 32.711421], [-17.085155, 32.711438], [-17.085272, 32.711443], [-17.085413, 32.711501], [-17.085461, 32.711556], [-17.085601, 32.711714], [-17.085656, 32.711876], [-17.085621, 32.712041], [-17.085697, 32.712163], [-17.08584, 32.712261], [-17.085908, 32.712457], [-17.085981, 32.712636], [-17.086139, 32.712886], [-17.08617, 32.713043], [-17.086147, 32.713269], [-17.086202, 32.713475], [-17.08622, 32.713586], [-17.086275, 32.713743], [-17.086296, 32.713953], [-17.086256, 32.714071], [-17.086158, 32.714143], [-17.085928, 32.714321], [-17.085701, 32.714432], [-17.085289, 32.71446], [-17.085082, 32.71446], [-17.084886, 32.714349], [-17.084808, 32.714347], [-17.084776, 32.714346], [-17.084684, 32.714413], [-17.084717, 32.714577], [-17.084964, 32.714805], [-17.085154, 32.715007], [-17.085128, 32.715151], [-17.085056, 32.71535], [-17.084996, 32.715514], [-17.084851, 32.715663], [-17.084634, 32.715789], [-17.084548, 32.716078], [-17.084422, 32.716316], [-17.084386, 32.717103]], [[-17.084415, 32.717114], [-17.084468, 32.716928], [-17.08446, 32.716746]]]}}, {"type": "Feature", "properties": {"name": "Levada do Caniço", "length_km": 4.16, "hasTunnel": false}, "geometry": {"type": "MultiLineString", "coordinates": [[[-16.837137, 32.685016], [-16.837134, 32.684942], [-16.837166, 32.68491], [-16.837191, 32.68488], [-16.837171, 32.684839], [-16.837206, 32.684777], [-16.837298, 32.684702], [-16.837296, 32.684617], [-16.837313, 32.684512], [-16.837354, 32.684346], [-16.837351, 32.684223], [-16.83737, 32.684029], [-16.83732, 32.683833], [-16.837272, 32.683682], [-16.837197, 32.683529], [-16.837127, 32.683335], [-16.837067, 32.683204], [-16.8371, 32.683083], [-16.837106, 32.682942], [-16.837112, 32.682784], [-16.837145, 32.682656], [-16.837193, 32.682576], [-16.837193, 32.682404], [-16.837237, 32.68223], [-16.837225, 32.68208], [-16.837227, 32.681918], [-16.837218, 32.681812], [-16.837102, 32.681749], [-16.836983, 32.681611], [-16.836963, 32.681481], [-16.836882, 32.681372], [-16.836862, 32.681236], [-16.836897, 32.681163], [-16.836976, 32.681056], [-16.837145, 32.680926], [-16.837329, 32.680914], [-16.837498, 32.680831], [-16.837602, 32.680763], [-16.837606, 32.680701], [-16.837601, 32.680586], [-16.837629, 32.680507], [-16.837593, 32.680396], [-16.837507, 32.680299], [-16.837429, 32.680138], [-16.837433, 32.680001], [-16.83736, 32.679881], [-16.837315, 32.679855], [-16.837124, 32.679726], [-16.836989, 32.679679], [-16.836889, 32.679662], [-16.836735, 32.679512], [-16.836568, 32.679251], [-16.836499, 32.679205], [-16.836469, 32.679106], [-16.836407, 32.679023], [-16.83634, 32.678989], [-16.836423, 32.678935], [-16.83649, 32.678912], [-16.8366, 32.67887], [-16.836691, 32.678833], [-16.836735, 32.678802], [-16.836751, 32.678764], [-16.836745, 32.678728], [-16.836684, 32.678684], [-16.836619, 32.678645], [-16.836566, 32.678592], [-16.836481, 32.678516], [-16.836457, 32.67845], [-16.836471, 32.67839], [-16.836476, 32.678332], [-16.83647, 32.678245], [-16.836439, 32.678168], [-16.83619, 32.677884], [-16.835971, 32.677794], [-16.835893, 32.677677], [-16.835848, 32.677549], [-16.83581, 32.677418], [-16.835655, 32.677415], [-16.835405, 32.67746], [-16.835242, 32.677459], [-16.835043, 32.677344], [-16.834807, 32.677262], [-16.834525, 32.677162], [-16.834325, 32.677162], [-16.83421, 32.677131], [-16.834102, 32.677059], [-16.834006, 32.67695], [-16.834044, 32.676821], [-16.834141, 32.676682], [-16.834473, 32.676377], [-16.834573, 32.676301], [-16.834648, 32.676187], [-16.834685, 32.676077], [-16.834654, 32.675986], [-16.834583, 32.675896], [-16.834516, 32.675803], [-16.834414, 32.675728], [-16.834326, 32.675655], [-16.834296, 32.675584], [-16.834316, 32.675521], [-16.834408, 32.675453], [-16.834674, 32.675273], [-16.83477, 32.675213], [-16.835033, 32.675159], [-16.835495, 32.674882], [-16.835941, 32.674794], [-16.836299, 32.674818], [-16.8365, 32.674711], [-16.836528, 32.674565], [-16.836478, 32.674458], [-16.836443, 32.674354], [-16.836471, 32.674207], [-16.83648, 32.674083], [-16.83641, 32.673927], [-16.83629, 32.673833], [-16.83614, 32.673696], [-16.836092, 32.673559], [-16.835726, 32.673216], [-16.835494, 32.673189], [-16.835315, 32.67316], [-16.835235, 32.673095], [-16.835253, 32.672886], [-16.835226, 32.672742], [-16.835131, 32.672548], [-16.83461, 32.672178], [-16.834387, 32.671946], [-16.833916, 32.671726], [-16.833636, 32.671518], [-16.833431, 32.671521], [-16.833102, 32.671369], [-16.833172, 32.671285], [-16.833199, 32.671203], [-16.833713, 32.670916], [-16.833885, 32.67096], [-16.834205, 32.670863], [-16.834565, 32.67085], [-16.835104, 32.671104], [-16.835407, 32.671032], [-16.835759, 32.671021], [-16.836055, 32.670899], [-16.836335, 32.670886], [-16.836617, 32.670894], [-16.836792, 32.670977], [-16.836937, 32.671046], [-16.837001, 32.671041], [-16.837003, 32.67094], [-16.837107, 32.670854], [-16.837063, 32.670719], [-16.836903, 32.670662], [-16.836672, 32.670484], [-16.836305, 32.670364], [-16.836135, 32.670347], [-16.835986, 32.670321], [-16.835751, 32.670344], [-16.835626, 32.670333], [-16.835566, 32.670289], [-16.835532, 32.670163], [-16.835502, 32.670027], [-16.835543, 32.669841], [-16.83554, 32.669697], [-16.835455, 32.669452], [-16.835344, 32.669413], [-16.835155, 32.6695], [-16.834975, 32.669408], [-16.834806, 32.66922], [-16.834531, 32.669282], [-16.834108, 32.669023], [-16.833867, 32.669073], [-16.833627, 32.66903], [-16.833231, 32.669278], [-16.832977, 32.66926], [-16.83278, 32.669257], [-16.832669, 32.669215], [-16.832518, 32.669088], [-16.831916, 32.669223], [-16.831725, 32.669335], [-16.831534, 32.669306], [-16.831355, 32.669241], [-16.831312, 32.669046], [-16.83125, 32.668822], [-16.83123, 32.668549], [-16.831147, 32.668219], [-16.831021, 32.668083], [-16.830277, 32.667852], [-16.830065, 32.667749], [-16.829768, 32.667741], [-16.829617, 32.667737], [-16.829506, 32.667689], [-16.829268, 32.66757], [-16.828959, 32.667543], [-16.828865, 32.667506], [-16.828561, 32.667231], [-16.828357, 32.667053], [-16.828274, 32.666922], [-16.828032, 32.666697], [-16.827679, 32.666482], [-16.827629, 32.666333], [-16.827572, 32.666125], [-16.827523, 32.666007], [-16.827085, 32.665879], [-16.826906, 32.665793], [-16.826651, 32.665616], [-16.826346, 32.665378], [-16.826261, 32.665123], [-16.826162, 32.664983], [-16.82616, 32.664847], [-16.826275, 32.664592], [-16.826459, 32.663953]]]}}, {"type": "Feature", "properties": {"name": "Levada da Serra do Faial/Levada da Faja da Nogueira", "length_km": 4.14, "hasTunnel": true}, "geometry": {"type": "MultiLineString", "coordinates": [[[-16.919211, 32.754872], [-16.918979, 32.754862], [-16.9187, 32.754809], [-16.918523, 32.754711], [-16.91829, 32.754649], [-16.918206, 32.754508], [-16.918236, 32.754365], [-16.91813, 32.754212], [-16.918078, 32.754168], [-16.918349, 32.752766], [-16.918586, 32.752711], [-16.918636, 32.752643], [-16.918637, 32.752542], [-16.918546, 32.752415], [-16.918479, 32.75229], [-16.918403, 32.752256], [-16.918189, 32.752303], [-16.918059, 32.752299], [-16.917835, 32.752216], [-16.917664, 32.752137], [-16.917506, 32.75208], [-16.917288, 32.752044], [-16.917024, 32.752015], [-16.916806, 32.751978], [-16.916587, 32.751963], [-16.916501, 32.751919], [-16.916423, 32.751782], [-16.91645, 32.751698], [-16.916373, 32.75158], [-16.916307, 32.751559], [-16.916226, 32.751559], [-16.916115, 32.751621], [-16.915946, 32.751639], [-16.915823, 32.751606], [-16.915712, 32.751511], [-16.915606, 32.751455], [-16.915509, 32.751449], [-16.915366, 32.75141], [-16.915259, 32.7514], [-16.915074, 32.751374], [-16.914878, 32.751271], [-16.914712, 32.751166], [-16.914516, 32.751013], [-16.914433, 32.750903], [-16.914309, 32.75082], [-16.914223, 32.75082], [-16.914162, 32.750847], [-16.913923, 32.750919], [-16.91377, 32.75091], [-16.913509, 32.750825], [-16.913418, 32.750765], [-16.913365, 32.750661], [-16.913134, 32.750552], [-16.912852, 32.750386], [-16.912731, 32.750365], [-16.912575, 32.750386], [-16.912358, 32.75037], [-16.912328, 32.750265], [-16.912267, 32.750169], [-16.912141, 32.750093], [-16.912005, 32.749972], [-16.911965, 32.749867], [-16.911874, 32.749816], [-16.911748, 32.749776], [-16.911658, 32.74968], [-16.911567, 32.749524], [-16.91125, 32.749091], [-16.911068, 32.748964], [-16.910771, 32.748708], [-16.91071, 32.748617], [-16.910801, 32.748546], [-16.911028, 32.748496], [-16.911244, 32.748486], [-16.911475, 32.748464], [-16.911864, 32.748425], [-16.912101, 32.748425], [-16.912472, 32.748416], [-16.912776, 32.748372], [-16.913225, 32.748264], [-16.913488, 32.748188], [-16.914103, 32.748261], [-16.914587, 32.748177], [-16.914839, 32.747998], [-16.914922, 32.747877], [-16.915235, 32.747969], [-16.915341, 32.748024], [-16.915504, 32.748037], [-16.915613, 32.748055], [-16.915698, 32.748082], [-16.91573, 32.748086], [-16.915753, 32.748069], [-16.915753, 32.748044], [-16.915618, 32.747942], [-16.915827, 32.747536], [-16.916309, 32.747224], [-16.91656, 32.747092], [-16.916861, 32.747106], [-16.916985, 32.747204], [-16.917138, 32.747187], [-16.917459, 32.747079], [-16.917614, 32.747016], [-16.917972, 32.747037], [-16.918072, 32.746837], [-16.918376, 32.746555], [-16.918579, 32.74627], [-16.918497, 32.746177], [-16.918106, 32.746123], [-16.918021, 32.746045], [-16.918028, 32.745948], [-16.917992, 32.745907], [-16.917951, 32.745747], [-16.917916, 32.745633], [-16.917993, 32.745597], [-16.918163, 32.745404], [-16.918264, 32.745275], [-16.918205, 32.745192], [-16.91824, 32.745084], [-16.918423, 32.745002], [-16.918446, 32.744885], [-16.918578, 32.744769], [-16.918648, 32.744651], [-16.918588, 32.744521], [-16.91859, 32.744371], [-16.918365, 32.744037], [-16.918279, 32.744006], [-16.918226, 32.743952], [-16.918389, 32.743869], [-16.918417, 32.74378], [-16.918364, 32.743655], [-16.918251, 32.743565], [-16.91829, 32.743423], [-16.918439, 32.74342], [-16.91873, 32.743423], [-16.918956, 32.743274], [-16.919202, 32.743225], [-16.91947, 32.743299], [-16.919527, 32.743311], [-16.920102, 32.743462], [-16.920335, 32.743581], [-16.920426, 32.743582], [-16.920609, 32.743656], [-16.920658, 32.743643], [-16.920636, 32.743457], [-16.920858, 32.743415], [-16.92109, 32.743623], [-16.921293, 32.74371], [-16.921518, 32.743752], [-16.921544, 32.743783], [-16.921569, 32.743835], [-16.921537, 32.743928], [-16.921601, 32.743964], [-16.921701, 32.743933], [-16.921823, 32.743872], [-16.922063, 32.743841], [-16.922199, 32.743613], [-16.922567, 32.743606], [-16.923192, 32.743874], [-16.923328, 32.744005], [-16.923422, 32.744118], [-16.923453, 32.744226], [-16.923548, 32.744249], [-16.923623, 32.744226], [-16.923693, 32.744216], [-16.923793, 32.744183], [-16.923922, 32.74413], [-16.924061, 32.744131], [-16.924314, 32.744254], [-16.924445, 32.744327], [-16.924494, 32.744277], [-16.924684, 32.744325], [-16.924747, 32.744316], [-16.924598, 32.744233], [-16.924513, 32.744243], [-16.924506, 32.744191], [-16.924482, 32.743956], [-16.924517, 32.743855], [-16.924705, 32.743768], [-16.924839, 32.743706], [-16.924998, 32.743768], [-16.925094, 32.743753], [-16.925184, 32.743773], [-16.925395, 32.743842], [-16.925785, 32.743875], [-16.925901, 32.743913], [-16.925962, 32.743924], [-16.926113, 32.743934], [-16.926329, 32.743961], [-16.926458, 32.743933], [-16.926486, 32.743883], [-16.926595, 32.743826], [-16.926956, 32.743633]], [[-16.924195, 32.755902], [-16.923826, 32.755649], [-16.923751, 32.75562], [-16.923677, 32.7556], [-16.921148, 32.755279], [-16.920857, 32.755169], [-16.920653, 32.755056], [-16.920494, 32.755049], [-16.92035, 32.754926], [-16.920189, 32.75482], [-16.920134, 32.754794], [-16.920036, 32.75476], [-16.919934, 32.754732], [-16.919683, 32.754783], [-16.919539, 32.754832]]]}}, {"type": "Feature", "properties": {"name": "Levada do Paul", "length_km": 3.89, "hasTunnel": false}, "geometry": {"type": "MultiLineString", "coordinates": [[[-17.125392, 32.748317], [-17.125313, 32.748309], [-17.125278, 32.74832], [-17.125244, 32.748339], [-17.125172, 32.748362], [-17.125107, 32.748393], [-17.125068, 32.748418], [-17.125038, 32.748442], [-17.124962, 32.748537], [-17.124931, 32.748567], [-17.124882, 32.748599], [-17.124807, 32.748638], [-17.12478, 32.748663], [-17.124736, 32.748694], [-17.124694, 32.748709], [-17.12449, 32.748754], [-17.12446, 32.748769], [-17.124378, 32.748835], [-17.124349, 32.74887], [-17.124332, 32.748902], [-17.124322, 32.748949], [-17.124319, 32.748965], [-17.124311, 32.748979], [-17.124297, 32.74899], [-17.124279, 32.748997], [-17.124194, 32.749016], [-17.124094, 32.749055], [-17.124033, 32.749091], [-17.124017, 32.749095], [-17.123995, 32.749088], [-17.123981, 32.749073], [-17.123949, 32.749012], [-17.12395, 32.748991], [-17.123983, 32.748922], [-17.12399, 32.748887], [-17.123988, 32.748801], [-17.123974, 32.748677], [-17.12396, 32.748621], [-17.123932, 32.748566], [-17.123881, 32.748396], [-17.123856, 32.748347], [-17.123833, 32.748247], [-17.123816, 32.748194], [-17.123785, 32.748159], [-17.12375, 32.748132], [-17.123731, 32.748127], [-17.123589, 32.748123], [-17.123565, 32.748102], [-17.123435, 32.747958], [-17.123425, 32.747941], [-17.123424, 32.747879], [-17.123404, 32.747832], [-17.123396, 32.747818], [-17.123377, 32.747801], [-17.12328, 32.747751], [-17.123244, 32.747748], [-17.123156, 32.747704], [-17.123119, 32.74768], [-17.123011, 32.747515], [-17.122989, 32.747498], [-17.122927, 32.74747], [-17.122868, 32.747408], [-17.122853, 32.747397], [-17.122834, 32.747391], [-17.122814, 32.74739], [-17.122796, 32.747396], [-17.122735, 32.74743], [-17.12263, 32.747459], [-17.122596, 32.747479], [-17.122563, 32.747513], [-17.122481, 32.747627], [-17.122413, 32.747707], [-17.122392, 32.747715], [-17.122375, 32.74771], [-17.122326, 32.747672], [-17.122301, 32.747671], [-17.122278, 32.747678], [-17.122214, 32.747738], [-17.122191, 32.747745], [-17.12196, 32.747752], [-17.121939, 32.747751], [-17.121916, 32.747737], [-17.121907, 32.747724], [-17.121912, 32.747685], [-17.121935, 32.747389], [-17.121895, 32.74714], [-17.121872, 32.746997], [-17.121805, 32.746891], [-17.121754, 32.74686], [-17.121643, 32.746843], [-17.121589, 32.74682], [-17.121326, 32.746697], [-17.121246, 32.746687], [-17.12116, 32.746697], [-17.120957, 32.746767], [-17.12085, 32.746792], [-17.120634, 32.746793], [-17.120501, 32.746826], [-17.120409, 32.746886], [-17.120347, 32.746925], [-17.120271, 32.746935], [-17.120179, 32.7469], [-17.119953, 32.746774], [-17.119743, 32.746681], [-17.119664, 32.746659], [-17.119493, 32.746656], [-17.119092, 32.746657], [-17.11897, 32.746671], [-17.118917, 32.746686], [-17.118844, 32.746751], [-17.118781, 32.746789], [-17.118711, 32.74684], [-17.118698, 32.746835], [-17.118683, 32.746822], [-17.118747, 32.746709], [-17.118782, 32.746615], [-17.118804, 32.746479], [-17.118811, 32.74642], [-17.118822, 32.746402], [-17.118904, 32.746349], [-17.118899, 32.746249], [-17.119031, 32.746169], [-17.11908, 32.746119], [-17.119809, 32.74544], [-17.120015, 32.74523], [-17.120245, 32.745083], [-17.120345, 32.744994], [-17.120605, 32.744758], [-17.120644, 32.74471], [-17.120657, 32.744605], [-17.120613, 32.744549], [-17.120582, 32.744514], [-17.120462, 32.74444], [-17.120408, 32.744424], [-17.120356, 32.744383], [-17.120297, 32.744192], [-17.12027, 32.744125], [-17.120219, 32.744023], [-17.120043, 32.743814], [-17.119794, 32.743657], [-17.119382, 32.743444], [-17.119174, 32.743286], [-17.118704, 32.743004], [-17.11862, 32.742993], [-17.118521, 32.743018], [-17.118216, 32.743314], [-17.118034, 32.743549], [-17.117939, 32.743801], [-17.117878, 32.743861], [-17.117613, 32.744036], [-17.117319, 32.744268], [-17.116985, 32.744363], [-17.116664, 32.74435], [-17.116533, 32.744333], [-17.116376, 32.744355], [-17.116166, 32.744446], [-17.116016, 32.744472], [-17.115947, 32.744529], [-17.115925, 32.744537], [-17.115866, 32.744549], [-17.115807, 32.744516], [-17.115764, 32.744435], [-17.115741, 32.744219], [-17.115682, 32.744062], [-17.115653, 32.743907], [-17.115668, 32.743635], [-17.115677, 32.743233], [-17.115644, 32.743106], [-17.115614, 32.74304], [-17.115447, 32.742838], [-17.115388, 32.742786], [-17.115311, 32.742747], [-17.11513, 32.742711], [-17.114992, 32.742711], [-17.114753, 32.742813], [-17.114611, 32.742899], [-17.114333, 32.743074], [-17.114273, 32.743076], [-17.114195, 32.743004], [-17.114104, 32.742918], [-17.113701, 32.742895], [-17.113305, 32.74288], [-17.113115, 32.74283], [-17.112679, 32.742669], [-17.112609, 32.742615], [-17.112502, 32.742596], [-17.112396, 32.742603], [-17.112332, 32.742546], [-17.112213, 32.742555], [-17.112026, 32.742546], [-17.111526, 32.742468], [-17.111388, 32.742483], [-17.110778, 32.742371], [-17.110622, 32.742386], [-17.110553, 32.742337], [-17.110441, 32.742304], [-17.110303, 32.742109], [-17.110165, 32.742132], [-17.109932, 32.742252], [-17.109801, 32.74235], [-17.109632, 32.742382], [-17.109509, 32.742425], [-17.109432, 32.742514], [-17.109357, 32.742657], [-17.109286, 32.742718], [-17.109189, 32.742775], [-17.10913, 32.742773], [-17.109066, 32.742736], [-17.109013, 32.742727], [-17.10892, 32.742771], [-17.108857, 32.74282], [-17.108823, 32.742879], [-17.108801, 32.742887], [-17.108779, 32.742881], [-17.108723, 32.742828], [-17.108634, 32.742767], [-17.108125, 32.742619], [-17.108008, 32.742495], [-17.107931, 32.742485], [-17.107825, 32.742528], [-17.107515, 32.742657], [-17.107384, 32.742669], [-17.107156, 32.742641], [-17.106975, 32.742697], [-17.106912, 32.742686], [-17.106902, 32.742673], [-17.106865, 32.742627], [-17.106768, 32.742556], [-17.106719, 32.74249], [-17.106697, 32.742298], [-17.106669, 32.742204], [-17.106554, 32.741935], [-17.10649, 32.74189], [-17.106375, 32.741872], [-17.106306, 32.741847], [-17.105962, 32.741554], [-17.10583, 32.741474], [-17.105736, 32.741488], [-17.105612, 32.741543], [-17.105101, 32.741897], [-17.104769, 32.742019], [-17.104636, 32.742053], [-17.104462, 32.742057], [-17.104159, 32.741997], [-17.103821, 32.741867], [-17.103732, 32.741864], [-17.103581, 32.741896], [-17.103392, 32.742035], [-17.103077, 32.742119], [-17.102907, 32.742209], [-17.102581, 32.742411], [-17.102386, 32.742519], [-17.102217, 32.742621], [-17.102159, 32.742639], [-17.102057, 32.742699], [-17.102029, 32.742674], [-17.102059, 32.742624], [-17.102061, 32.742542], [-17.10209, 32.742434], [-17.10217, 32.742281], [-17.10219, 32.742164], [-17.102173, 32.741969], [-17.102184, 32.741834], [-17.102284, 32.741641], [-17.102374, 32.741443], [-17.102491, 32.741081], [-17.102657, 32.740773], [-17.102686, 32.740639], [-17.102674, 32.7406], [-17.102517, 32.740518], [-17.102504, 32.740444], [-17.102467, 32.740395], [-17.102397, 32.740331], [-17.102401, 32.740204], [-17.102468, 32.739997], [-17.102472, 32.739865], [-17.102486, 32.739838], [-17.102475, 32.739803]]]}}, {"type": "Feature", "properties": {"name": "Levada Velha", "length_km": 3.61, "hasTunnel": false}, "geometry": {"type": "MultiLineString", "coordinates": [[[-17.119421, 32.721474], [-17.119447, 32.72135], [-17.119386, 32.721044], [-17.119362, 32.721003], [-17.119312, 32.720949], [-17.118905, 32.720776], [-17.118887, 32.720463], [-17.118782, 32.720317], [-17.118787, 32.720158], [-17.118429, 32.719956], [-17.118385, 32.719768], [-17.118224, 32.719572], [-17.118111, 32.719453], [-17.117935, 32.719478], [-17.117816, 32.719393], [-17.117951, 32.719308], [-17.118124, 32.719199], [-17.118138, 32.719039], [-17.118061, 32.718874], [-17.117928, 32.71861], [-17.11777, 32.718423], [-17.117879, 32.718306], [-17.118091, 32.718045], [-17.118173, 32.71796], [-17.11842, 32.717781], [-17.118594, 32.717565], [-17.118647, 32.717348], [-17.118678, 32.717205], [-17.118676, 32.717038], [-17.118798, 32.716859], [-17.11886, 32.716637], [-17.118998, 32.716555], [-17.119056, 32.716499], [-17.119181, 32.716364], [-17.119308, 32.716231], [-17.119436, 32.716053], [-17.119535, 32.715903], [-17.119596, 32.715711], [-17.11966, 32.71552], [-17.119786, 32.715205], [-17.119848, 32.715144], [-17.120049, 32.714929], [-17.120221, 32.714785], [-17.120255, 32.714757], [-17.120282, 32.714704], [-17.120319, 32.714616], [-17.120341, 32.714543], [-17.120376, 32.714413], [-17.12057, 32.714511], [-17.120637, 32.714466], [-17.120783, 32.714354]], [[-17.118185, 32.734613], [-17.118151, 32.734477], [-17.11818, 32.734259], [-17.118308, 32.734155], [-17.118384, 32.734058], [-17.118454, 32.73353], [-17.118407, 32.733138], [-17.118335, 32.732801], [-17.118249, 32.732502], [-17.118159, 32.73228], [-17.118048, 32.73205], [-17.117946, 32.731814], [-17.117849, 32.731718], [-17.117696, 32.731531], [-17.117498, 32.731555], [-17.117387, 32.73161], [-17.117306, 32.73166], [-17.117232, 32.731707], [-17.117006, 32.731826], [-17.116893, 32.731872], [-17.116539, 32.732011], [-17.116185, 32.732166], [-17.11596, 32.732202], [-17.115787, 32.732201], [-17.11561, 32.732201], [-17.115454, 32.732241], [-17.115681, 32.732103], [-17.11581, 32.732022], [-17.115887, 32.73199], [-17.115977, 32.731911], [-17.116261, 32.731605], [-17.116376, 32.731479], [-17.116442, 32.731362], [-17.116543, 32.731197], [-17.116521, 32.730959], [-17.116522, 32.730814], [-17.116441, 32.730644], [-17.116368, 32.730524], [-17.116336, 32.730428], [-17.116303, 32.730278], [-17.116304, 32.730166], [-17.116313, 32.729991], [-17.116386, 32.729914], [-17.116463, 32.729616], [-17.116526, 32.729479], [-17.116573, 32.729374], [-17.116631, 32.729295], [-17.116745, 32.729191], [-17.116792, 32.729132], [-17.116816, 32.729114], [-17.116958, 32.728923], [-17.116983, 32.728847], [-17.117057, 32.728598], [-17.117369, 32.728487], [-17.117638, 32.728389], [-17.117914, 32.728305], [-17.118167, 32.728212], [-17.118232, 32.728181], [-17.118356, 32.728051], [-17.118477, 32.727941], [-17.118531, 32.727883], [-17.118522, 32.727792], [-17.118502, 32.727648], [-17.118426, 32.727393], [-17.11836, 32.727306], [-17.11826, 32.727171], [-17.11819, 32.727097], [-17.11814, 32.727045], [-17.118102, 32.726997], [-17.118047, 32.726916], [-17.117941, 32.726816], [-17.117854, 32.726704], [-17.117782, 32.726682], [-17.11765, 32.726746], [-17.117483, 32.726845], [-17.117382, 32.726904], [-17.117259, 32.726956], [-17.117107, 32.72703], [-17.116938, 32.727107], [-17.116891, 32.727133], [-17.116747, 32.727142], [-17.116598, 32.72716], [-17.116286, 32.727194], [-17.116155, 32.727214], [-17.116101, 32.727267], [-17.115907, 32.727246], [-17.115834, 32.727282], [-17.115655, 32.727414], [-17.115496, 32.727476], [-17.115419, 32.727535], [-17.115301, 32.72757], [-17.115148, 32.727611], [-17.114966, 32.727614], [-17.114774, 32.727581], [-17.114643, 32.727551], [-17.114543, 32.727444], [-17.114495, 32.727388], [-17.114441, 32.72734], [-17.114354, 32.727349], [-17.114262, 32.727394], [-17.114197, 32.727429], [-17.114127, 32.727406], [-17.114049, 32.727391], [-17.113998, 32.727359], [-17.114105, 32.727349], [-17.114291, 32.727303], [-17.114399, 32.727279], [-17.114484, 32.727294], [-17.114625, 32.727314], [-17.114773, 32.727323], [-17.114845, 32.7273], [-17.114933, 32.727249], [-17.115103, 32.727118], [-17.11518, 32.727038], [-17.115245, 32.72691], [-17.115301, 32.726822], [-17.115378, 32.726746], [-17.11558, 32.726481], [-17.115837, 32.726207], [-17.115873, 32.72616], [-17.11594, 32.726046], [-17.116082, 32.725763], [-17.116208, 32.725598], [-17.116273, 32.725448], [-17.11632, 32.725284], [-17.116359, 32.725246], [-17.116519, 32.725109], [-17.11665, 32.725028], [-17.116803, 32.724959], [-17.116946, 32.72493], [-17.117163, 32.724898], [-17.117187, 32.724864], [-17.117204, 32.724808], [-17.117197, 32.724761], [-17.117142, 32.724699], [-17.117195, 32.724618], [-17.11735, 32.724317], [-17.117507, 32.724048], [-17.117586, 32.723946], [-17.117474, 32.72375], [-17.117652, 32.723715], [-17.117779, 32.723679], [-17.117876, 32.723623], [-17.117931, 32.723549], [-17.118009, 32.723477], [-17.118146, 32.723396], [-17.118227, 32.72332], [-17.118313, 32.723203], [-17.118416, 32.723156], [-17.118612, 32.723084], [-17.118768, 32.722999], [-17.118871, 32.722918], [-17.118976, 32.72286], [-17.119079, 32.722773], [-17.119154, 32.722652], [-17.119292, 32.722631], [-17.11939, 32.722647], [-17.119487, 32.722636], [-17.119512, 32.722631], [-17.119548, 32.722631]]]}}, {"type": "Feature", "properties": {"name": "Levada Nova dos Canhas", "length_km": 3.32, "hasTunnel": true}, "geometry": {"type": "MultiLineString", "coordinates": [[[-17.087622, 32.69422], [-17.087676, 32.694221], [-17.087699, 32.694217], [-17.087717, 32.694243], [-17.087784, 32.694234], [-17.087917, 32.694212], [-17.088076, 32.694239], [-17.088104, 32.694248], [-17.088124, 32.694269], [-17.088148, 32.694305], [-17.088163, 32.694331], [-17.088199, 32.694388], [-17.088231, 32.694416], [-17.088265, 32.694438], [-17.088295, 32.694468], [-17.088312, 32.69451], [-17.08832, 32.694549], [-17.088337, 32.694713], [-17.088338, 32.694751], [-17.088326, 32.694781], [-17.088277, 32.694823], [-17.088228, 32.694866], [-17.08817, 32.694932], [-17.088124, 32.695032], [-17.088075, 32.695106], [-17.088018, 32.695279], [-17.087865, 32.695604], [-17.087835, 32.695639], [-17.087504, 32.69581], [-17.087463, 32.695839], [-17.087432, 32.69587], [-17.087414, 32.695921], [-17.087403, 32.695979], [-17.087398, 32.696094], [-17.087392, 32.696121], [-17.087368, 32.696143], [-17.087252, 32.696227], [-17.087181, 32.696278], [-17.087109, 32.696359], [-17.087041, 32.696433], [-17.086985, 32.696481], [-17.08695, 32.696498], [-17.08691, 32.696508], [-17.086853, 32.696534], [-17.086828, 32.696556], [-17.08681, 32.696585], [-17.08679, 32.696689], [-17.086698, 32.696823], [-17.086679, 32.69685], [-17.086643, 32.696913], [-17.086606, 32.696977], [-17.086521, 32.697053], [-17.086496, 32.69708], [-17.086482, 32.697107], [-17.08648, 32.697131], [-17.086489, 32.697166], [-17.086497, 32.697228], [-17.086487, 32.69727], [-17.08632, 32.69749], [-17.086293, 32.697542], [-17.086268, 32.697615], [-17.086247, 32.697656], [-17.086178, 32.697719], [-17.086098, 32.697757], [-17.086013, 32.69781], [-17.085897, 32.697866], [-17.085836, 32.697896], [-17.085713, 32.697992], [-17.085671, 32.698059], [-17.085643, 32.69811], [-17.085635, 32.698157], [-17.08564, 32.698184], [-17.085666, 32.698235], [-17.085669, 32.698257], [-17.08567, 32.698302], [-17.085653, 32.698343], [-17.085582, 32.698425], [-17.085522, 32.698496], [-17.085473, 32.698571], [-17.085455, 32.698614], [-17.085449, 32.698664], [-17.085455, 32.698689], [-17.085492, 32.698763], [-17.085509, 32.698796], [-17.08552, 32.698825], [-17.085553, 32.698957], [-17.085551, 32.699039], [-17.085531, 32.699097], [-17.085493, 32.699151], [-17.085389, 32.699253], [-17.085359, 32.69929], [-17.085351, 32.699332], [-17.085367, 32.699393], [-17.085422, 32.699481], [-17.085473, 32.699566], [-17.085488, 32.699606], [-17.085491, 32.699647], [-17.085488, 32.699686], [-17.08548, 32.699721], [-17.08545, 32.699766], [-17.085378, 32.699834], [-17.08534, 32.69987], [-17.085313, 32.70001], [-17.085297, 32.700096], [-17.085302, 32.700186], [-17.085354, 32.700288], [-17.085358, 32.700321], [-17.085348, 32.700359], [-17.085312, 32.700394], [-17.085237, 32.700434], [-17.085122, 32.700511], [-17.085084, 32.700547], [-17.085049, 32.700581], [-17.085016, 32.70063], [-17.085007, 32.700676], [-17.08502, 32.7007], [-17.085058, 32.70074], [-17.085127, 32.700831], [-17.085256, 32.700951], [-17.085322, 32.701025], [-17.085378, 32.701092], [-17.085373, 32.701177], [-17.085356, 32.701294], [-17.08534, 32.701318], [-17.085302, 32.701372], [-17.085219, 32.7014], [-17.085078, 32.701471], [-17.08503, 32.701507], [-17.084992, 32.701591], [-17.084938, 32.701678], [-17.084829, 32.701835], [-17.084768, 32.701983], [-17.084705, 32.702138], [-17.084691, 32.702178], [-17.084657, 32.70244], [-17.084662, 32.70246], [-17.08473, 32.702629], [-17.08475, 32.70277], [-17.084825, 32.702894], [-17.084957, 32.702984], [-17.084968, 32.702992], [-17.085061, 32.703031], [-17.085163, 32.703072], [-17.085302, 32.703118], [-17.085481, 32.703154], [-17.08569, 32.703145], [-17.085933, 32.703097], [-17.085986, 32.703114], [-17.086226, 32.703273], [-17.086475, 32.703368], [-17.08658, 32.70338], [-17.086684, 32.703395], [-17.086809, 32.703434], [-17.086831, 32.70346], [-17.086832, 32.703554], [-17.086786, 32.703595], [-17.086715, 32.703606], [-17.086638, 32.70359], [-17.086505, 32.703659], [-17.086474, 32.703727], [-17.086457, 32.703763], [-17.086424, 32.703786], [-17.086427, 32.703814], [-17.08644, 32.703821], [-17.086517, 32.703814], [-17.086627, 32.703844], [-17.086788, 32.703998], [-17.086813, 32.704151], [-17.086801, 32.704222], [-17.086753, 32.704299], [-17.086654, 32.704722], [-17.086599, 32.704789], [-17.086488, 32.705004], [-17.086476, 32.705098], [-17.086439, 32.705311], [-17.086434, 32.705348], [-17.086425, 32.705414], [-17.086396, 32.705476], [-17.086391, 32.705487], [-17.086386, 32.705531], [-17.086395, 32.705572], [-17.086438, 32.705605], [-17.086523, 32.705639], [-17.086617, 32.705702], [-17.086768, 32.70579], [-17.086946, 32.705877], [-17.0871, 32.705982], [-17.08735, 32.706263], [-17.087522, 32.70648], [-17.087674, 32.706749], [-17.087655, 32.706964], [-17.087514, 32.707581], [-17.087298, 32.70792], [-17.086947, 32.708217], [-17.086613, 32.708379], [-17.086462, 32.7086], [-17.086165, 32.708855], [-17.086119, 32.709008], [-17.085995, 32.70919], [-17.085728, 32.709423], [-17.085757, 32.709616], [-17.085733, 32.709797], [-17.085596, 32.710065], [-17.085336, 32.710271], [-17.085188, 32.710405], [-17.085131, 32.710524], [-17.085135, 32.710583], [-17.085176, 32.710613], [-17.085256, 32.710646], [-17.085278, 32.710654], [-17.085295, 32.710699], [-17.085262, 32.710733], [-17.085099, 32.710757], [-17.085019, 32.71082], [-17.084971, 32.710895], [-17.084986, 32.710959], [-17.085008, 32.71103], [-17.085051, 32.711117], [-17.085022, 32.711231], [-17.084934, 32.711343], [-17.084589, 32.7114], [-17.084591, 32.711485], [-17.084652, 32.711532], [-17.08387, 32.713264], [-17.083685, 32.713311], [-17.083587, 32.713348], [-17.083554, 32.713396], [-17.083559, 32.713455], [-17.08356, 32.713574], [-17.083596, 32.713722], [-17.083644, 32.713743], [-17.083708, 32.713771], [-17.083775, 32.713787], [-17.083845, 32.713756], [-17.083951, 32.713609], [-17.084192, 32.71369], [-17.084381, 32.713873], [-17.084398, 32.714019], [-17.08441, 32.714183], [-17.084334, 32.714397], [-17.084488, 32.714636], [-17.084677, 32.714809], [-17.084888, 32.715012], [-17.084756, 32.71529], [-17.084412, 32.715388], [-17.084299, 32.715517], [-17.084205, 32.715936], [-17.084076, 32.716131], [-17.083882, 32.716272], [-17.08361, 32.7164], [-17.083571, 32.716499], [-17.083626, 32.716573], [-17.08388, 32.71661], [-17.083954, 32.716649], [-17.083997, 32.716672]]]}}, {"type": "Feature", "properties": {"name": "Levada do Blandy", "length_km": 3.16, "hasTunnel": false}, "geometry": {"type": "MultiLineString", "coordinates": [[[-16.902272, 32.717963], [-16.902233, 32.717938], [-16.902138, 32.717871], [-16.902019, 32.717757], [-16.901766, 32.717607], [-16.901662, 32.717526], [-16.901675, 32.717518], [-16.901551, 32.717353], [-16.901389, 32.717177], [-16.901355, 32.71714], [-16.901245, 32.716948], [-16.901218, 32.716901], [-16.901128, 32.716823], [-16.900743, 32.716617], [-16.900573, 32.716499], [-16.900481, 32.716473], [-16.900281, 32.716416], [-16.899868, 32.716146], [-16.899752, 32.716035], [-16.899699, 32.715961], [-16.899611, 32.71575], [-16.899543, 32.715652], [-16.899283, 32.715426], [-16.899175, 32.715291], [-16.89915, 32.715228], [-16.899126, 32.715021], [-16.899094, 32.714916], [-16.898938, 32.714643], [-16.898851, 32.714562], [-16.898598, 32.714438], [-16.898297, 32.714239], [-16.898101, 32.714042], [-16.898071, 32.714012], [-16.897984, 32.713836], [-16.897967, 32.713802], [-16.897936, 32.713673], [-16.897917, 32.713322], [-16.897867, 32.712963], [-16.897849, 32.712836], [-16.897832, 32.712793], [-16.897819, 32.712759], [-16.897615, 32.712564], [-16.897457, 32.712306], [-16.897424, 32.712252], [-16.897286, 32.711941], [-16.897261, 32.711855], [-16.897179, 32.711583], [-16.897148, 32.711482], [-16.89711, 32.711405], [-16.897067, 32.711288]], [[-16.897067, 32.711288], [-16.897022, 32.711309], [-16.896918, 32.711266], [-16.896836, 32.711231], [-16.896772, 32.711194], [-16.89672, 32.711163], [-16.89665, 32.711119]], [[-16.897067, 32.711288], [-16.89703, 32.711215], [-16.89682, 32.71105], [-16.896767, 32.710946], [-16.896688, 32.710865], [-16.896507, 32.710734], [-16.896337, 32.710649], [-16.89625, 32.710615], [-16.896146, 32.710565], [-16.896036, 32.710525], [-16.895794, 32.710351], [-16.89574, 32.710289], [-16.895558, 32.71028], [-16.895451, 32.71028], [-16.895376, 32.710268], [-16.895153, 32.710221], [-16.894959, 32.710105], [-16.894601, 32.709756], [-16.894152, 32.709354], [-16.893811, 32.708938], [-16.893435, 32.708609], [-16.893148, 32.708357], [-16.893055, 32.708271], [-16.892937, 32.708176], [-16.892895, 32.708108], [-16.892861, 32.708034]], [[-16.886254, 32.697743], [-16.886334, 32.698195], [-16.886528, 32.69877], [-16.886845, 32.699433], [-16.886925, 32.699558], [-16.887146, 32.699737], [-16.887219, 32.699824], [-16.88726, 32.699916], [-16.887268, 32.699976], [-16.887254, 32.700039], [-16.887117, 32.700401], [-16.887079, 32.700629], [-16.887127, 32.700866], [-16.887133, 32.701008], [-16.887175, 32.701095], [-16.8875, 32.701379], [-16.887693, 32.701519], [-16.888053, 32.701724], [-16.888564, 32.702172], [-16.888789, 32.702288], [-16.889145, 32.702361], [-16.889242, 32.702394], [-16.889368, 32.702487], [-16.889458, 32.70261], [-16.889604, 32.702771], [-16.889685, 32.70284], [-16.889791, 32.702895], [-16.890002, 32.702978], [-16.890545, 32.70329], [-16.890648, 32.70338], [-16.890815, 32.70362], [-16.89093, 32.703735], [-16.891243, 32.703886], [-16.891303, 32.70397], [-16.891411, 32.704572], [-16.891515, 32.704727], [-16.891524, 32.704782], [-16.89151, 32.704844], [-16.89149, 32.704879], [-16.891483, 32.704905], [-16.891492, 32.705047], [-16.891515, 32.705188], [-16.891608, 32.70548]], [[-16.878403, 32.695997], [-16.878429, 32.695963], [-16.877986, 32.695677], [-16.877664, 32.695433], [-16.877287, 32.695237], [-16.877199, 32.695153], [-16.876935, 32.694882], [-16.876763, 32.694476], [-16.876688, 32.693871], [-16.87672, 32.693293], [-16.876559, 32.692788], [-16.87642, 32.692391], [-16.876151, 32.691858], [-16.876172, 32.691694]]]}}, {"type": "Feature", "properties": {"name": "Levada da Ribeira do Passo", "length_km": 3.09, "hasTunnel": false}, "geometry": {"type": "MultiLineString", "coordinates": [[[-17.051621, 32.789468], [-17.051545, 32.789491], [-17.051447, 32.7895], [-17.051395, 32.78951], [-17.051383, 32.789522], [-17.051164, 32.789791], [-17.051108, 32.789828], [-17.05097, 32.789884], [-17.050646, 32.790025], [-17.050572, 32.790066], [-17.050463, 32.790147], [-17.050366, 32.790216], [-17.050269, 32.790252], [-17.050187, 32.790259], [-17.050086, 32.79032], [-17.050041, 32.790358], [-17.049995, 32.790414], [-17.049987, 32.790453], [-17.050022, 32.790555], [-17.050046, 32.790741], [-17.050041, 32.790776], [-17.050023, 32.790798], [-17.049956, 32.790856], [-17.049932, 32.790861], [-17.04967, 32.790887], [-17.049597, 32.790902], [-17.049431, 32.790945], [-17.049337, 32.790984], [-17.049141, 32.791067], [-17.049097, 32.791095], [-17.049008, 32.791195], [-17.048904, 32.791326], [-17.048888, 32.791359], [-17.048875, 32.791516], [-17.048894, 32.791619], [-17.048928, 32.791762], [-17.048954, 32.79182], [-17.048985, 32.791897], [-17.049, 32.791945], [-17.049002, 32.79197], [-17.049001, 32.792], [-17.048812, 32.792273], [-17.048724, 32.792355], [-17.048626, 32.792431], [-17.048554, 32.792457], [-17.048233, 32.792529], [-17.048035, 32.792542], [-17.047956, 32.792544], [-17.047925, 32.792551], [-17.047911, 32.792562], [-17.047698, 32.792732], [-17.047482, 32.792865], [-17.047364, 32.792967], [-17.04723, 32.79313], [-17.046998, 32.793452], [-17.046919, 32.793609], [-17.046758, 32.793743], [-17.046526, 32.793936], [-17.046477, 32.793971], [-17.046194, 32.794137], [-17.046124, 32.794204], [-17.045985, 32.794279], [-17.045866, 32.794343], [-17.0458, 32.79438], [-17.045785, 32.794403], [-17.045778, 32.794428], [-17.045777, 32.794454], [-17.045784, 32.794479], [-17.045799, 32.794499], [-17.045816, 32.794517], [-17.045841, 32.794536], [-17.045869, 32.794551], [-17.045892, 32.794561], [-17.045918, 32.794567], [-17.045949, 32.794571], [-17.04598, 32.794569], [-17.04607, 32.794563], [-17.046144, 32.79454], [-17.046244, 32.794529], [-17.046278, 32.79453], [-17.046295, 32.79453], [-17.046316, 32.794535], [-17.04636, 32.794573], [-17.046364, 32.794582], [-17.046364, 32.794588], [-17.046358, 32.794597], [-17.046322, 32.794627], [-17.046289, 32.794642], [-17.046264, 32.794664], [-17.046245, 32.794689], [-17.046228, 32.794723], [-17.04622, 32.79476], [-17.046212, 32.794895], [-17.0462, 32.794927], [-17.046185, 32.794947], [-17.046124, 32.795031], [-17.046118, 32.795051], [-17.04612, 32.795085], [-17.046128, 32.795139], [-17.046155, 32.795232], [-17.046188, 32.795299], [-17.046229, 32.795356], [-17.0463, 32.795453], [-17.046335, 32.795491], [-17.046372, 32.795519], [-17.046437, 32.795571], [-17.04658, 32.795648], [-17.046702, 32.795726], [-17.046808, 32.795778], [-17.046935, 32.795829], [-17.047055, 32.795876], [-17.04711, 32.795892], [-17.047161, 32.795893], [-17.047261, 32.795874], [-17.047288, 32.795874], [-17.047315, 32.79588], [-17.047335, 32.795889], [-17.047352, 32.7959], [-17.047379, 32.795932], [-17.047402, 32.795963], [-17.047436, 32.795985], [-17.047472, 32.79599], [-17.047525, 32.795986], [-17.047592, 32.795972], [-17.047774, 32.795962], [-17.047887, 32.795963], [-17.047965, 32.79595], [-17.048057, 32.79587], [-17.048196, 32.795768], [-17.048409, 32.795715], [-17.048712, 32.795579], [-17.048783, 32.795568], [-17.048862, 32.795569], [-17.049006, 32.795615], [-17.049066, 32.79563], [-17.049142, 32.795622], [-17.049235, 32.795603], [-17.049267, 32.795609], [-17.049279, 32.795624], [-17.049283, 32.795637], [-17.049254, 32.795674], [-17.049197, 32.795718], [-17.048869, 32.79594], [-17.048855, 32.795961], [-17.048849, 32.795983], [-17.048852, 32.795989], [-17.048857, 32.795997], [-17.04887, 32.796006], [-17.048882, 32.796007], [-17.048996, 32.795996], [-17.04914, 32.795993], [-17.04937, 32.795994], [-17.049571, 32.79603], [-17.04971, 32.796009], [-17.049739, 32.796014], [-17.049747, 32.796032], [-17.049673, 32.796117], [-17.04962, 32.796218], [-17.04957, 32.796266], [-17.049437, 32.79632], [-17.049299, 32.796347], [-17.049162, 32.796336], [-17.049074, 32.796353], [-17.04898, 32.796413], [-17.048859, 32.79647], [-17.04871, 32.796558], [-17.048612, 32.796584], [-17.048473, 32.796593], [-17.048355, 32.796629], [-17.04825, 32.796669], [-17.048205, 32.796705], [-17.048193, 32.796758], [-17.048196, 32.796812], [-17.048232, 32.796874], [-17.048237, 32.796977], [-17.048243, 32.797079], [-17.048189, 32.797208], [-17.048165, 32.797333], [-17.048126, 32.797446], [-17.048089, 32.797516], [-17.048029, 32.797558], [-17.04794, 32.797593], [-17.047903, 32.797623], [-17.047893, 32.79766], [-17.0479, 32.797696], [-17.04796, 32.797837], [-17.048058, 32.797978], [-17.048051, 32.798146], [-17.048047, 32.798232], [-17.048143, 32.798324], [-17.048255, 32.798369], [-17.048385, 32.798429], [-17.04842, 32.798471], [-17.048476, 32.798585], [-17.048585, 32.798659], [-17.048854, 32.798744], [-17.04891, 32.798758], [-17.048948, 32.79882], [-17.048984, 32.798873], [-17.049173, 32.799063], [-17.04935, 32.799272], [-17.049447, 32.799343], [-17.049565, 32.799388], [-17.049686, 32.799412], [-17.049835, 32.799407], [-17.050098, 32.799362], [-17.050337, 32.799303], [-17.050422, 32.799311], [-17.050559, 32.799445], [-17.050559, 32.799525], [-17.050431, 32.799656], [-17.050404, 32.799729], [-17.050391, 32.799934], [-17.050428, 32.800062], [-17.05045, 32.800146], [-17.050569, 32.800258], [-17.050639, 32.800343], [-17.050705, 32.800483], [-17.050825, 32.800644], [-17.050861, 32.800686], [-17.050974, 32.800744], [-17.051092, 32.800807], [-17.051177, 32.800888], [-17.051344, 32.801024], [-17.051559, 32.801179], [-17.051739, 32.801366], [-17.051798, 32.801416], [-17.051822, 32.801421], [-17.051871, 32.801397], [-17.051908, 32.801383], [-17.051945, 32.801378], [-17.052049, 32.801382], [-17.052093, 32.801394], [-17.052104, 32.801402], [-17.052106, 32.801443], [-17.052054, 32.801536], [-17.052006, 32.80162], [-17.051936, 32.801857], [-17.051889, 32.80208], [-17.051876, 32.802176], [-17.051925, 32.802458], [-17.052013, 32.802965], [-17.052045, 32.803416], [-17.052013, 32.803654], [-17.051922, 32.803918], [-17.051862, 32.804091], [-17.051871, 32.804119], [-17.051922, 32.804167], [-17.052077, 32.804289], [-17.05213, 32.804333], [-17.052138, 32.804366], [-17.052128, 32.804386], [-17.052108, 32.804399], [-17.052064, 32.804411], [-17.051736, 32.804498], [-17.051599, 32.804564], [-17.051536, 32.80458], [-17.051458, 32.804593], [-17.051419, 32.804607], [-17.051339, 32.804646], [-17.051255, 32.804785], [-17.051143, 32.80491], [-17.050884, 32.805148], [-17.050699, 32.805293], [-17.050639, 32.805377], [-17.050593, 32.80545], [-17.050571, 32.805493], [-17.050552, 32.805537], [-17.050536, 32.805592], [-17.050527, 32.805648], [-17.050524, 32.805704], [-17.05052, 32.805945], [-17.050484, 32.805986], [-17.050426, 32.80605], [-17.050376, 32.80612], [-17.050339, 32.806189], [-17.050341, 32.806262]]]}}, {"type": "Feature", "properties": {"name": "Levada da Água de Alto", "length_km": 3.01, "hasTunnel": false}, "geometry": {"type": "MultiLineString", "coordinates": [[[-16.867193, 32.777701], [-16.867197, 32.777686], [-16.867266, 32.777655], [-16.867305, 32.77765], [-16.867335, 32.777661], [-16.867379, 32.777698], [-16.8677, 32.777806], [-16.86791, 32.777862], [-16.868044, 32.777845], [-16.868323, 32.777758], [-16.868461, 32.777746], [-16.8687, 32.777777], [-16.86879, 32.777777], [-16.868892, 32.777707], [-16.868937, 32.777486], [-16.869055, 32.777439], [-16.869163, 32.777378], [-16.869251, 32.777316], [-16.86934, 32.777255], [-16.869394, 32.777249], [-16.869439, 32.777265], [-16.869505, 32.777363], [-16.869546, 32.777414], [-16.86961, 32.777428], [-16.869667, 32.777417], [-16.869684, 32.777381], [-16.869664, 32.777186], [-16.869614, 32.777011], [-16.869592, 32.776958], [-16.86955, 32.776887], [-16.869553, 32.776851], [-16.869597, 32.776826], [-16.869674, 32.776824], [-16.869773, 32.776847], [-16.870032, 32.776917], [-16.870271, 32.77695], [-16.870482, 32.777153], [-16.870566, 32.777182], [-16.870718, 32.777173], [-16.871047, 32.77719], [-16.871522, 32.777245], [-16.871754, 32.777245], [-16.872032, 32.777216], [-16.872279, 32.777079], [-16.872392, 32.77701], [-16.872556, 32.776868], [-16.872688, 32.776843], [-16.87293, 32.776877], [-16.873157, 32.776925], [-16.873293, 32.776996], [-16.873442, 32.777117], [-16.8735, 32.777268], [-16.873669, 32.777445], [-16.873849, 32.777587], [-16.87417, 32.777691], [-16.874608, 32.777735], [-16.875107, 32.777856], [-16.875458, 32.777931], [-16.875848, 32.778111], [-16.87617, 32.778249], [-16.876405, 32.778311], [-16.876386, 32.77834], [-16.876346, 32.77841], [-16.876316, 32.778432]], [[-16.866698, 32.777942], [-16.866726, 32.77794], [-16.866818, 32.778004], [-16.86687, 32.77805], [-16.867003, 32.778238], [-16.867018, 32.778291], [-16.867022, 32.778359], [-16.86702, 32.77841], [-16.867045, 32.778483], [-16.867051, 32.778543], [-16.867058, 32.778672], [-16.867028, 32.778696], [-16.86699, 32.778698], [-16.866925, 32.778677], [-16.866718, 32.778584], [-16.866591, 32.778539], [-16.866487, 32.778478], [-16.866315, 32.778387], [-16.866243, 32.778383], [-16.866132, 32.778389], [-16.866087, 32.778406], [-16.866062, 32.778437], [-16.866048, 32.778484], [-16.866028, 32.778541], [-16.866029, 32.778602], [-16.866037, 32.778682], [-16.866076, 32.778763], [-16.866148, 32.77889], [-16.866207, 32.778983], [-16.866299, 32.779113], [-16.866294, 32.779196], [-16.866224, 32.779126], [-16.866109, 32.77905], [-16.865933, 32.778941], [-16.86575, 32.778882], [-16.865641, 32.778856], [-16.865593, 32.778778], [-16.8655, 32.778641], [-16.865413, 32.778484], [-16.865397, 32.778312], [-16.865383, 32.77825], [-16.865373, 32.778217], [-16.865375, 32.778163], [-16.865363, 32.778142], [-16.865332, 32.778123], [-16.865162, 32.778119], [-16.86514, 32.778105], [-16.865004, 32.778111], [-16.864773, 32.778145], [-16.864694, 32.778175], [-16.864657, 32.778204], [-16.864645, 32.77823], [-16.864649, 32.778375], [-16.864666, 32.778451], [-16.8647, 32.77853], [-16.864695, 32.778636], [-16.86469, 32.778696], [-16.86464, 32.778733], [-16.864584, 32.778799], [-16.864522, 32.778917], [-16.864466, 32.77902], [-16.864249, 32.778859], [-16.864181, 32.778836], [-16.864116, 32.778845], [-16.864061, 32.77887], [-16.864019, 32.778909], [-16.863851, 32.77912], [-16.863734, 32.779287], [-16.863669, 32.7796], [-16.86334, 32.78007], [-16.863198, 32.78026], [-16.863158, 32.780421], [-16.86318, 32.780578], [-16.863221, 32.780687], [-16.863214, 32.780922], [-16.863212, 32.781217], [-16.863171, 32.781331], [-16.863054, 32.781413], [-16.86297, 32.781538], [-16.862877, 32.781588], [-16.862757, 32.781767], [-16.862765, 32.781868], [-16.862852, 32.781969], [-16.862927, 32.782072], [-16.862925, 32.782122], [-16.86289, 32.782158], [-16.862819, 32.782196], [-16.862765, 32.782268], [-16.862732, 32.782391], [-16.862778, 32.782498], [-16.862875, 32.782662], [-16.862857, 32.782752], [-16.862788, 32.782902], [-16.862654, 32.78309], [-16.862568, 32.78324], [-16.862462, 32.783336], [-16.862303, 32.783495], [-16.862271, 32.783657], [-16.862243, 32.783752], [-16.862133, 32.783868], [-16.862119, 32.783914], [-16.862132, 32.783967], [-16.862267, 32.784078], [-16.862438, 32.784142], [-16.862438, 32.784187], [-16.862394, 32.784226], [-16.862332, 32.784285], [-16.862169, 32.784412], [-16.862106, 32.784416], [-16.862041, 32.784431], [-16.861941, 32.78444], [-16.861802, 32.784511], [-16.86157, 32.784536], [-16.861478, 32.784515], [-16.861395, 32.784468], [-16.861294, 32.78436], [-16.861225, 32.784343], [-16.861158, 32.784342], [-16.861122, 32.784354], [-16.861112, 32.784385], [-16.86117, 32.784445], [-16.861209, 32.78451], [-16.861308, 32.784587], [-16.861397, 32.784613], [-16.861536, 32.784737], [-16.861705, 32.784828], [-16.86179, 32.784887], [-16.86184, 32.784948], [-16.861845, 32.785014], [-16.861773, 32.785095], [-16.861657, 32.785193], [-16.861484, 32.785297], [-16.861155, 32.785331], [-16.86099, 32.78542], [-16.860921, 32.785433], [-16.860751, 32.785463], [-16.860691, 32.785503], [-16.860585, 32.785601], [-16.860488, 32.785645], [-16.860385, 32.785673], [-16.860342, 32.785707], [-16.860316, 32.785775], [-16.86028, 32.785906], [-16.860198, 32.785982], [-16.860118, 32.786003], [-16.859941, 32.786039], [-16.859901, 32.786068], [-16.859757, 32.786279], [-16.859753, 32.786311], [-16.859762, 32.786407], [-16.859769, 32.786464], [-16.859761, 32.786499]], [[-16.860203, 32.786935], [-16.860233, 32.786883], [-16.860217, 32.78684], [-16.860137, 32.786764], [-16.85998, 32.786597], [-16.859895, 32.786606]]]}}, {"type": "Feature", "properties": {"name": "Levada da Corrida ou da Rouca West", "length_km": 2.84, "hasTunnel": false}, "geometry": {"type": "MultiLineString", "coordinates": [[[-16.992286, 32.701591], [-16.992313, 32.70161], [-16.992339, 32.70163], [-16.992375, 32.701719], [-16.992424, 32.701824], [-16.99248, 32.70187], [-16.992533, 32.701877], [-16.992571, 32.701855], [-16.992594, 32.70181], [-16.992739, 32.701598], [-16.992778, 32.701535], [-16.992794, 32.701464], [-16.992815, 32.701228], [-16.992801, 32.70111], [-16.992755, 32.700995], [-16.992718, 32.700921], [-16.992653, 32.700839], [-16.992609, 32.700729], [-16.992633, 32.700634], [-16.992736, 32.700506], [-16.993, 32.700271], [-16.993218, 32.699956], [-16.993308, 32.699897], [-16.993397, 32.699887], [-16.993475, 32.699913], [-16.993551, 32.7], [-16.993686, 32.700218], [-16.993813, 32.700347], [-16.993835, 32.700614], [-16.993919, 32.700779], [-16.994081, 32.700989], [-16.994302, 32.701241], [-16.994585, 32.701448], [-16.994685, 32.70148], [-16.994976, 32.701621], [-16.995041, 32.701644], [-16.995097, 32.701628], [-16.995125, 32.701605], [-16.99508, 32.701422], [-16.995062, 32.701364], [-16.995023, 32.701328], [-16.99494, 32.701277], [-16.994919, 32.701254], [-16.994908, 32.701214], [-16.994912, 32.701154], [-16.994935, 32.701054], [-16.994921, 32.700731], [-16.995009, 32.700545], [-16.995051, 32.700411], [-16.995038, 32.700261], [-16.995027, 32.700096], [-16.994947, 32.699929], [-16.994932, 32.699804], [-16.994966, 32.699739], [-16.994997, 32.699642], [-16.995043, 32.69951], [-16.994998, 32.699296], [-16.995045, 32.699155], [-16.995171, 32.698967], [-16.995309, 32.698862], [-16.995352, 32.698796], [-16.995357, 32.698694], [-16.995416, 32.698579], [-16.995655, 32.698275], [-16.995736, 32.698174], [-16.995827, 32.698136], [-16.995873, 32.698129], [-16.995929, 32.698145], [-16.995975, 32.698186], [-16.996024, 32.698258], [-16.996105, 32.698365], [-16.996397, 32.698588], [-16.996452, 32.698652], [-16.996542, 32.698841], [-16.996575, 32.698952], [-16.996568, 32.699091], [-16.996595, 32.699162], [-16.996636, 32.699207], [-16.996674, 32.699235], [-16.996895, 32.69931], [-16.996949, 32.699335], [-16.996973, 32.699358], [-16.997046, 32.699461], [-16.997136, 32.699526], [-16.997337, 32.699618], [-16.997389, 32.699669], [-16.997543, 32.6999], [-16.997597, 32.699955], [-16.997654, 32.699983], [-16.997968, 32.700117], [-16.998116, 32.700225], [-16.998251, 32.70032], [-16.998368, 32.700413], [-16.998458, 32.700475], [-16.998505, 32.700489], [-16.998555, 32.700471], [-16.998583, 32.700433], [-16.99859, 32.700373], [-16.998485, 32.699982], [-16.998496, 32.699837], [-16.998543, 32.699687], [-16.998532, 32.699611], [-16.998501, 32.699449], [-16.998521, 32.699382], [-16.99874, 32.699127], [-16.998875, 32.699071], [-16.998937, 32.699033], [-16.998954, 32.698997], [-16.998898, 32.698904], [-16.998848, 32.698813], [-16.998707, 32.69836], [-16.998646, 32.698036], [-16.998684, 32.697638], [-16.998658, 32.697391], [-16.998481, 32.697014], [-16.998373, 32.696698], [-16.99836, 32.696573], [-16.998378, 32.696381], [-16.9984, 32.696306], [-16.998466, 32.696255], [-16.998786, 32.696217], [-16.998858, 32.696233], [-16.998915, 32.696265], [-16.998953, 32.696312], [-16.998983, 32.696349], [-16.999061, 32.696465], [-16.99916, 32.696706], [-16.999297, 32.69696], [-16.999413, 32.697033], [-16.999531, 32.697132], [-16.999602, 32.69721], [-16.999874, 32.697515], [-16.999991, 32.697616], [-17.000076, 32.697672], [-17.000125, 32.697682], [-17.000175, 32.697681], [-17.000208, 32.697649], [-17.000361, 32.697321], [-17.000459, 32.697262], [-17.000693, 32.697228], [-17.000852, 32.697181], [-17.000955, 32.697138], [-17.001066, 32.697052], [-17.001097, 32.696964], [-17.001098, 32.696875], [-17.001078, 32.696742], [-17.001044, 32.69656], [-17.001006, 32.696362], [-17.00102, 32.696268], [-17.001081, 32.696129], [-17.00113, 32.696047], [-17.001184, 32.695981], [-17.001235, 32.695944], [-17.001284, 32.695922], [-17.00133, 32.695917], [-17.001408, 32.69591], [-17.001855, 32.695907], [-17.002061, 32.695897], [-17.002113, 32.69589], [-17.002152, 32.695875], [-17.00218, 32.695846], [-17.002187, 32.695805], [-17.002198, 32.695726], [-17.002182, 32.695574], [-17.002123, 32.695305], [-17.002113, 32.695036], [-17.002116, 32.694999], [-17.002137, 32.694964], [-17.00221, 32.694908], [-17.00233, 32.694785], [-17.002341, 32.694701], [-17.002382, 32.694626], [-17.002534, 32.694444], [-17.00273, 32.694202], [-17.002997, 32.693855], [-17.003086, 32.693777], [-17.003224, 32.693703], [-17.003308, 32.693665], [-17.003364, 32.693626], [-17.003432, 32.693549], [-17.003463, 32.693472], [-17.003492, 32.693369], [-17.003501, 32.692969], [-17.003508, 32.69286]]]}}, {"type": "Feature", "properties": {"name": "Levada do Lombo de Dona Isabel", "length_km": 2.79, "hasTunnel": false}, "geometry": {"type": "MultiLineString", "coordinates": [[[-16.950772, 32.712333], [-16.950895, 32.712008], [-16.95093, 32.711843], [-16.95097, 32.711741], [-16.951035, 32.711668], [-16.951165, 32.711652], [-16.951194, 32.711638], [-16.951257, 32.711576], [-16.951302, 32.711525], [-16.951315, 32.711339], [-16.951272, 32.711214], [-16.951197, 32.711196], [-16.951232, 32.71103], [-16.951247, 32.71094], [-16.951244, 32.71086], [-16.951228, 32.710784], [-16.95119, 32.71067], [-16.951125, 32.710516], [-16.951166, 32.710439], [-16.951167, 32.710415], [-16.951109, 32.71015], [-16.951142, 32.710008], [-16.951141, 32.709976], [-16.950992, 32.709978], [-16.950983, 32.709978], [-16.950969, 32.70978], [-16.950904, 32.709622], [-16.95084, 32.70945], [-16.950842, 32.709424], [-16.950857, 32.709376], [-16.95102, 32.709256], [-16.95114, 32.709205], [-16.951231, 32.709141], [-16.951305, 32.70904], [-16.951434, 32.708848], [-16.951462, 32.708794], [-16.951526, 32.708623], [-16.95156, 32.708583], [-16.951561, 32.708559], [-16.951557, 32.708499], [-16.951567, 32.708493], [-16.951582, 32.708485], [-16.951775, 32.708363], [-16.951878, 32.708274], [-16.951919, 32.708153], [-16.95193, 32.708042], [-16.951909, 32.707944], [-16.951859, 32.707839], [-16.951811, 32.707744], [-16.951774, 32.707706], [-16.95172, 32.707677], [-16.95176, 32.707599], [-16.951766, 32.707546], [-16.951756, 32.707476], [-16.951721, 32.707345], [-16.95169, 32.707311], [-16.951648, 32.707277], [-16.951632, 32.70725], [-16.951676, 32.707225], [-16.95172, 32.70711], [-16.951697, 32.707062], [-16.951663, 32.707029], [-16.951666, 32.707007], [-16.951689, 32.70697], [-16.951691, 32.706899], [-16.951709, 32.706823], [-16.951738, 32.70674], [-16.951749, 32.7067], [-16.951732, 32.706624], [-16.951701, 32.706553], [-16.951627, 32.706466], [-16.951587, 32.706433], [-16.951572, 32.706414], [-16.951572, 32.70641], [-16.951576, 32.706401], [-16.951612, 32.706353], [-16.951628, 32.706314], [-16.951639, 32.706219], [-16.951626, 32.706166], [-16.951603, 32.706131], [-16.951585, 32.706117], [-16.951581, 32.706108], [-16.951581, 32.706097], [-16.951587, 32.706084], [-16.95168, 32.70602], [-16.951715, 32.705986], [-16.951723, 32.705956], [-16.951726, 32.705919], [-16.951712, 32.705784], [-16.951696, 32.705757], [-16.951692, 32.705742], [-16.951707, 32.705713], [-16.951717, 32.70567], [-16.951708, 32.705646], [-16.951699, 32.705629], [-16.951702, 32.70562], [-16.951761, 32.70554], [-16.951784, 32.705479], [-16.951785, 32.705441], [-16.951776, 32.705409], [-16.95176, 32.705369], [-16.951747, 32.705354], [-16.951746, 32.705348], [-16.951789, 32.705286], [-16.951801, 32.705231], [-16.951806, 32.70518], [-16.951792, 32.704882], [-16.951759, 32.704714], [-16.95174, 32.704661], [-16.951709, 32.704629], [-16.951697, 32.704614], [-16.9517, 32.704605], [-16.951729, 32.704577], [-16.951774, 32.704521], [-16.951891, 32.70433], [-16.951905, 32.704284], [-16.951903, 32.704245], [-16.951895, 32.704203], [-16.951756, 32.703924], [-16.951745, 32.70389], [-16.951744, 32.703867], [-16.951816, 32.703548], [-16.951828, 32.703517], [-16.951952, 32.703322], [-16.951958, 32.703291], [-16.951958, 32.70327], [-16.951948, 32.703173], [-16.951948, 32.70315], [-16.951952, 32.703132], [-16.952141, 32.702844], [-16.952181, 32.702784], [-16.952205, 32.702735], [-16.952223, 32.702586], [-16.952232, 32.702553], [-16.952251, 32.702492], [-16.952257, 32.702454], [-16.952258, 32.70241], [-16.952248, 32.702368], [-16.952236, 32.702315], [-16.952181, 32.702064], [-16.952159, 32.70192], [-16.952159, 32.701899], [-16.952167, 32.701831], [-16.95217, 32.70179], [-16.952166, 32.701751], [-16.952154, 32.701714], [-16.952141, 32.701691], [-16.952042, 32.701561], [-16.952029, 32.70154], [-16.952026, 32.701518], [-16.952026, 32.701376], [-16.952016, 32.701226], [-16.952006, 32.701027], [-16.952017, 32.700849], [-16.952016, 32.700595], [-16.951993, 32.700154], [-16.952017, 32.69988], [-16.952045, 32.699537], [-16.952162, 32.699136], [-16.952299, 32.698854], [-16.952407, 32.698529], [-16.952483, 32.698232], [-16.952662, 32.697375], [-16.952817, 32.696877], [-16.953147, 32.695703], [-16.953372, 32.694551], [-16.953483, 32.694096], [-16.953683, 32.693633], [-16.953854, 32.693339], [-16.953872, 32.693269], [-16.953862, 32.693267], [-16.953849, 32.693264], [-16.953884, 32.693131], [-16.953897, 32.693133], [-16.953907, 32.693135], [-16.954049, 32.692589], [-16.954256, 32.691713], [-16.954283, 32.691653], [-16.954418, 32.691257], [-16.954534, 32.690376], [-16.954563, 32.689623], [-16.954633, 32.689255], [-16.954676, 32.688866], [-16.954652, 32.688823], [-16.954677, 32.688736]]]}}, {"type": "Feature", "properties": {"name": "Vereda da Levada do Norte", "length_km": 2.64, "hasTunnel": false}, "geometry": {"type": "MultiLineString", "coordinates": [[[-17.002161, 32.663238], [-17.002136, 32.663229], [-17.00208, 32.663236], [-17.002087, 32.663781], [-17.002087, 32.663834], [-17.002087, 32.663973], [-17.00206, 32.664152], [-17.001973, 32.66433], [-17.001345, 32.665343], [-17.001196, 32.665494], [-17.00111, 32.665553], [-17.001079, 32.66565], [-17.00106, 32.665753], [-17.001003, 32.665882], [-17.000787, 32.666085], [-17.000639, 32.666261], [-17.00051, 32.666411], [-17.00037, 32.666497], [-17.000295, 32.666557], [-17.000253, 32.666582], [-17.000258, 32.66663], [-17.000301, 32.666702], [-17.000429, 32.666839], [-17.000429, 32.666963], [-17.000432, 32.667058], [-17.000376, 32.667184], [-17.000319, 32.667306], [-17.000265, 32.667465], [-17.000276, 32.667617], [-17.000238, 32.667634], [-17.000177, 32.667624], [-17.00009, 32.667574], [-17.000026, 32.66753], [-16.999991, 32.667473], [-16.999953, 32.667265], [-16.999911, 32.667186], [-16.999803, 32.667122], [-16.999363, 32.666951], [-16.999049, 32.666791], [-16.998819, 32.666609], [-16.99857, 32.666553], [-16.998453, 32.666509], [-16.998269, 32.666423]], [[-16.998274, 32.666187], [-16.998137, 32.666044], [-16.998018, 32.665942], [-16.997763, 32.665844], [-16.997669, 32.665846], [-16.997552, 32.665872], [-16.997359, 32.66578], [-16.997103, 32.665613], [-16.996978, 32.66553], [-16.996815, 32.665448], [-16.996609, 32.665425], [-16.996344, 32.665302], [-16.996001, 32.665113], [-16.995792, 32.665051], [-16.995722, 32.664933], [-16.995647, 32.664876], [-16.995555, 32.664808], [-16.995369, 32.664699], [-16.995166, 32.664663], [-16.99502, 32.664658], [-16.994631, 32.66473], [-16.994414, 32.664741], [-16.994144, 32.66474], [-16.993957, 32.664724], [-16.993817, 32.664719]], [[-16.993756, 32.670755], [-16.993985, 32.67067], [-16.994331, 32.670551], [-16.994529, 32.670481], [-16.994567, 32.670449], [-16.994559, 32.670419], [-16.994525, 32.670309], [-16.994473, 32.670214], [-16.994351, 32.670128], [-16.994154, 32.670026], [-16.993976, 32.669882], [-16.993715, 32.669778], [-16.993576, 32.669741], [-16.993442, 32.669672], [-16.993382, 32.66959], [-16.99335, 32.669494], [-16.993243, 32.669402], [-16.993061, 32.669373], [-16.992953, 32.669362], [-16.992856, 32.669315], [-16.992805, 32.669251], [-16.992818, 32.669162], [-16.992857, 32.669024], [-16.992893, 32.668934], [-16.992918, 32.668761], [-16.992773, 32.668681], [-16.992684, 32.668646], [-16.9924, 32.668546], [-16.992203, 32.668478], [-16.992108, 32.668377], [-16.992019, 32.668252], [-16.991885, 32.668226], [-16.991731, 32.668212], [-16.991629, 32.668153], [-16.991557, 32.66809], [-16.991504, 32.668027], [-16.991475, 32.66794], [-16.991467, 32.667752], [-16.991539, 32.66749], [-16.991636, 32.667433], [-16.991706, 32.667408], [-16.991882, 32.667366], [-16.99204, 32.667333], [-16.99212, 32.667289], [-16.992294, 32.66711], [-16.992399, 32.667063], [-16.992521, 32.66705], [-16.992604, 32.667056], [-16.992708, 32.667095], [-16.992863, 32.667145], [-16.993102, 32.667249], [-16.993386, 32.667349], [-16.993531, 32.667403], [-16.993631, 32.667352], [-16.993895, 32.667095], [-16.993972, 32.667055], [-16.994075, 32.667034], [-16.994209, 32.667054], [-16.994394, 32.667102], [-16.994798, 32.667233], [-16.994977, 32.667291], [-16.99504, 32.667302], [-16.995091, 32.667263], [-16.995115, 32.667205], [-16.995116, 32.667182], [-16.995113, 32.667163], [-16.995106, 32.667125], [-16.995093, 32.667097], [-16.995021, 32.66695], [-16.994983, 32.666824], [-16.994975, 32.666719], [-16.995006, 32.666564], [-16.99496, 32.666447], [-16.994725, 32.665999], [-16.994646, 32.665822], [-16.994566, 32.665656], [-16.994429, 32.665515], [-16.994302, 32.665327], [-16.994244, 32.665236], [-16.994183, 32.665183], [-16.994069, 32.665182], [-16.993914, 32.665186], [-16.993776, 32.665189], [-16.993664, 32.665145], [-16.993492, 32.6651], [-16.993341, 32.66501], [-16.993335, 32.66492], [-16.993438, 32.664818], [-16.993501, 32.664767], [-16.993569, 32.664687], [-16.993619, 32.664555], [-16.99371, 32.664535]]]}}, {"type": "Feature", "properties": {"name": "Levada de Cima", "length_km": 2.47, "hasTunnel": false}, "geometry": {"type": "MultiLineString", "coordinates": [[[-16.982798, 32.821419], [-16.982808, 32.821443], [-16.982811, 32.821499], [-16.982778, 32.821584], [-16.98274, 32.821626], [-16.982669, 32.82167], [-16.982387, 32.821883], [-16.982159, 32.822167], [-16.982024, 32.82231], [-16.981974, 32.822414], [-16.981923, 32.822544], [-16.981924, 32.822648], [-16.982002, 32.822828], [-16.981994, 32.823043], [-16.982012, 32.823218], [-16.982075, 32.823285], [-16.982197, 32.823369], [-16.982338, 32.823421], [-16.982493, 32.823392], [-16.982815, 32.823364], [-16.982969, 32.823182], [-16.983056, 32.822896], [-16.983356, 32.822461], [-16.983387, 32.822446], [-16.983391, 32.822439], [-16.983411, 32.822375]], [[-16.981614, 32.808407], [-16.981671, 32.808434], [-16.981769, 32.808652], [-16.981806, 32.808865], [-16.981845, 32.808904], [-16.981917, 32.808964], [-16.982047, 32.808977], [-16.982019, 32.809097], [-16.98202, 32.809132], [-16.982028, 32.809193], [-16.981971, 32.809236], [-16.98197, 32.809345], [-16.981954, 32.809485], [-16.982008, 32.809619], [-16.982094, 32.809666], [-16.982163, 32.8098], [-16.982481, 32.810108], [-16.982609, 32.810144], [-16.982649, 32.810214], [-16.98281, 32.810335], [-16.982857, 32.810343], [-16.982932, 32.81033], [-16.983003, 32.810298], [-16.983056, 32.810245], [-16.983159, 32.810189], [-16.983247, 32.810179], [-16.983277, 32.810179], [-16.983288, 32.8102], [-16.983283, 32.810263], [-16.983239, 32.810343], [-16.983155, 32.810485], [-16.983075, 32.810615], [-16.98295, 32.810694], [-16.982872, 32.81078], [-16.982881, 32.810826], [-16.982941, 32.8109], [-16.982923, 32.811006], [-16.982908, 32.811063], [-16.982815, 32.811166], [-16.982802, 32.811231], [-16.982804, 32.811434], [-16.982805, 32.811516], [-16.982784, 32.811669], [-16.982816, 32.811836], [-16.982823, 32.811887], [-16.9828, 32.811928], [-16.982726, 32.811935], [-16.982582, 32.811908], [-16.982509, 32.81201], [-16.982428, 32.812135], [-16.982339, 32.812245], [-16.982115, 32.812589], [-16.982089, 32.812735], [-16.98209, 32.812841], [-16.982158, 32.812954], [-16.98223, 32.813045], [-16.982344, 32.813132], [-16.982444, 32.813206], [-16.982553, 32.813358], [-16.982585, 32.813485], [-16.982679, 32.813646], [-16.982722, 32.813762], [-16.982751, 32.81398], [-16.982771, 32.814098], [-16.982808, 32.814242], [-16.982671, 32.814334], [-16.982569, 32.814486], [-16.98244, 32.814679], [-16.982417, 32.814792], [-16.982433, 32.814851], [-16.982481, 32.814962], [-16.982469, 32.815046], [-16.982377, 32.815098], [-16.982176, 32.815217], [-16.982007, 32.815348], [-16.981896, 32.815504], [-16.981777, 32.815617], [-16.981656, 32.81583], [-16.98151, 32.816088], [-16.981386, 32.816245], [-16.98137, 32.816301], [-16.981397, 32.816342], [-16.981455, 32.81636], [-16.981518, 32.816361], [-16.981711, 32.816364], [-16.981884, 32.81642], [-16.981972, 32.816456], [-16.981979, 32.816494], [-16.981937, 32.816547], [-16.981804, 32.816573], [-16.981712, 32.816591], [-16.981679, 32.816643], [-16.981659, 32.816755], [-16.981629, 32.816877], [-16.981624, 32.817046], [-16.981547, 32.817147], [-16.98146, 32.81722], [-16.981318, 32.817306], [-16.981279, 32.817388], [-16.981253, 32.817465], [-16.981225, 32.817607], [-16.981175, 32.817761], [-16.981192, 32.817901], [-16.981224, 32.817925], [-16.981282, 32.817931], [-16.9816, 32.817859], [-16.981777, 32.817824], [-16.98196, 32.817835], [-16.982109, 32.817864], [-16.982155, 32.817868], [-16.982147, 32.817889], [-16.9821, 32.818019], [-16.981978, 32.818046], [-16.981879, 32.818157], [-16.981901, 32.818196], [-16.981945, 32.818259], [-16.981941, 32.818365], [-16.981879, 32.818453], [-16.981745, 32.818501], [-16.981522, 32.818634], [-16.981188, 32.818975], [-16.981057, 32.819078], [-16.980848, 32.819132], [-16.980744, 32.819204], [-16.980701, 32.819263], [-16.980712, 32.819331], [-16.980723, 32.819406], [-16.980757, 32.819449], [-16.980787, 32.819451], [-16.980809, 32.819452], [-16.98096, 32.819386], [-16.981265, 32.819249], [-16.981719, 32.819193], [-16.981945, 32.81919], [-16.982075, 32.819242], [-16.982139, 32.819295], [-16.98222, 32.819354], [-16.982256, 32.819428], [-16.982059, 32.819636], [-16.981925, 32.819844], [-16.981908, 32.819994], [-16.981782, 32.820155], [-16.981758, 32.820241], [-16.981798, 32.820342], [-16.981885, 32.820489], [-16.98198, 32.820538], [-16.982092, 32.820538]]]}}, {"type": "Feature", "properties": {"name": "Levada do Seixal", "length_km": 2.4, "hasTunnel": true}, "geometry": {"type": "MultiLineString", "coordinates": [[[-17.111536, 32.782496], [-17.11452, 32.778394], [-17.114523, 32.778179], [-17.114612, 32.778174], [-17.114869, 32.778378], [-17.115335, 32.778648], [-17.12924, 32.768105]]]}}, {"type": "Feature", "properties": {"name": "Levada do Coronel", "length_km": 2.39, "hasTunnel": false}, "geometry": {"type": "MultiLineString", "coordinates": [[[-17.090309, 32.69985], [-17.090447, 32.699833], [-17.091215, 32.699418], [-17.09176, 32.699091], [-17.092007, 32.698921], [-17.092109, 32.698794], [-17.092467, 32.698662], [-17.09292, 32.698179], [-17.093095, 32.697888], [-17.093348, 32.697756], [-17.093449, 32.69768], [-17.093583, 32.697456], [-17.093792, 32.697172], [-17.093912, 32.696984], [-17.093916, 32.696839], [-17.093823, 32.696643], [-17.093879, 32.696487], [-17.09387, 32.696396], [-17.094091, 32.696242], [-17.094158, 32.696131], [-17.094065, 32.695803], [-17.093888, 32.695594], [-17.093872, 32.695199], [-17.094117, 32.694644], [-17.094221, 32.694276], [-17.094304, 32.693986], [-17.09473, 32.693481], [-17.094887, 32.692873], [-17.095467, 32.692337], [-17.095656, 32.691925], [-17.095871, 32.691815], [-17.095965, 32.691719], [-17.096046, 32.691527], [-17.096234, 32.691403], [-17.096413, 32.691385], [-17.096492, 32.691389], [-17.096774, 32.69151], [-17.096868, 32.691668], [-17.096901, 32.691832], [-17.09686, 32.692044], [-17.096826, 32.692259], [-17.096797, 32.692459], [-17.096762, 32.692714], [-17.096788, 32.692754], [-17.096967, 32.693039], [-17.097054, 32.693324], [-17.097101, 32.693357], [-17.097255, 32.693465], [-17.097383, 32.6936], [-17.097554, 32.693727], [-17.097772, 32.693826], [-17.097963, 32.693849], [-17.098201, 32.693964], [-17.098396, 32.693987], [-17.098651, 32.693917], [-17.098852, 32.693756], [-17.099136, 32.693582], [-17.099382, 32.693405], [-17.099523, 32.693372], [-17.099704, 32.69338], [-17.099748, 32.693401], [-17.099826, 32.693432], [-17.099862, 32.693453], [-17.099912, 32.693476], [-17.100227, 32.69384], [-17.100439, 32.694055], [-17.100563, 32.694264], [-17.10061, 32.694385], [-17.100814, 32.694354], [-17.100895, 32.694266], [-17.100939, 32.69425], [-17.100979, 32.694094], [-17.101056, 32.693948], [-17.101056, 32.693815], [-17.10112, 32.693679], [-17.101227, 32.693603], [-17.101344, 32.693572], [-17.101561, 32.693565], [-17.101968, 32.693552], [-17.102436, 32.693547], [-17.102448, 32.69355], [-17.102507, 32.693331], [-17.102531, 32.693279], [-17.102549, 32.693274], [-17.102608, 32.693252], [-17.103025, 32.692816], [-17.103166, 32.692683], [-17.103297, 32.692629], [-17.103444, 32.692587], [-17.103595, 32.692584], [-17.103617, 32.692267], [-17.103634, 32.692257], [-17.103654, 32.692247], [-17.103894, 32.692296], [-17.104226, 32.692386], [-17.104415, 32.692456]]]}}, {"type": "Feature", "properties": {"name": "Levada do Pico Ruivo", "length_km": 2.39, "hasTunnel": true}, "geometry": {"type": "MultiLineString", "coordinates": [[[-16.943538, 32.770444], [-16.924336, 32.756156]]]}}, {"type": "Feature", "properties": {"name": "Levada Fajã do Rodrigues", "length_km": 2.11, "hasTunnel": true}, "geometry": {"type": "MultiLineString", "coordinates": [[[-17.049269, 32.778997], [-17.049165, 32.779004], [-17.048687, 32.779002], [-17.048481, 32.77895], [-17.048237, 32.778855], [-17.048051, 32.77874], [-17.047811, 32.778572], [-17.047583, 32.778401], [-17.047338, 32.778265], [-17.047193, 32.778162], [-17.047051, 32.77807], [-17.046944, 32.777907], [-17.046873, 32.777708], [-17.046812, 32.7772], [-17.046735, 32.777014], [-17.046585, 32.77688], [-17.046136, 32.77664], [-17.045985, 32.776539], [-17.045937, 32.776509], [-17.04571, 32.776401], [-17.045513, 32.776409], [-17.045275, 32.776349], [-17.044986, 32.776303], [-17.044579, 32.775968], [-17.044463, 32.775803], [-17.044373, 32.775674], [-17.044134, 32.775529], [-17.043984, 32.775413], [-17.043789, 32.775115], [-17.043625, 32.774921], [-17.043639, 32.774809], [-17.043767, 32.774718], [-17.043771, 32.774654], [-17.043674, 32.774527], [-17.043644, 32.774486], [-17.043612, 32.774469], [-17.04356, 32.774455], [-17.043479, 32.774454], [-17.043254, 32.774531], [-17.042982, 32.774354], [-17.042682, 32.774301], [-17.042387, 32.774443], [-17.041974, 32.774549], [-17.041826, 32.774505], [-17.041756, 32.77445], [-17.041715, 32.774291], [-17.041601, 32.774076], [-17.041471, 32.773882], [-17.041522, 32.773718], [-17.041594, 32.773571], [-17.041555, 32.773433], [-17.041437, 32.773191], [-17.041261, 32.77322], [-17.041124, 32.773195], [-17.04111, 32.773134], [-17.04117, 32.773002], [-17.041177, 32.77286], [-17.041049, 32.772739], [-17.040878, 32.772513], [-17.040859, 32.772302], [-17.040869, 32.772109], [-17.040792, 32.771998], [-17.040777, 32.77189], [-17.040693, 32.771807], [-17.040483, 32.771715], [-17.040274, 32.771478], [-17.040129, 32.771299], [-17.039865, 32.771059], [-17.039355, 32.770859], [-17.038746, 32.770738], [-17.038671, 32.770519], [-17.038556, 32.770379], [-17.03853, 32.77024], [-17.038637, 32.770102], [-17.038702, 32.769987], [-17.038722, 32.769869], [-17.038644, 32.769736], [-17.038445, 32.769403], [-17.038432, 32.769343], [-17.038411, 32.769294], [-17.038377, 32.76925], [-17.038019, 32.768985], [-17.037979, 32.76894], [-17.037939, 32.768894], [-17.03788, 32.768856], [-17.037818, 32.768833], [-17.036748, 32.768538], [-17.036657, 32.768513], [-17.036634, 32.768459], [-17.036655, 32.768388], [-17.03663, 32.768282], [-17.036582, 32.768211], [-17.036608, 32.768061], [-17.036571, 32.767921], [-17.036535, 32.767719], [-17.036507, 32.767636], [-17.036602, 32.767472], [-17.036493, 32.767322], [-17.036428, 32.767228], [-17.036314, 32.767102]]]}}, {"type": "Feature", "properties": {"name": "Levada dos Pombais", "length_km": 1.95, "hasTunnel": false}, "geometry": {"type": "MultiLineString", "coordinates": [[[-17.198604, 32.854984], [-17.198795, 32.855137], [-17.198923, 32.855326], [-17.199082, 32.855526], [-17.199186, 32.855676], [-17.199285, 32.855795], [-17.199467, 32.85593], [-17.199796, 32.856105], [-17.200173, 32.85624], [-17.200499, 32.856359], [-17.200765, 32.856451], [-17.20092, 32.856474], [-17.201023, 32.85646], [-17.201143, 32.856417], [-17.201193, 32.856386], [-17.201296, 32.856363], [-17.201362, 32.856361], [-17.201426, 32.8565], [-17.20145, 32.856599], [-17.201521, 32.856719], [-17.201639, 32.856801], [-17.201682, 32.856844], [-17.201697, 32.857024], [-17.201656, 32.857329], [-17.201596, 32.857558], [-17.201579, 32.857653], [-17.201547, 32.857735], [-17.20156, 32.857772], [-17.201569, 32.857796], [-17.201521, 32.857846], [-17.201508, 32.85786], [-17.201491, 32.857878], [-17.201408, 32.85791], [-17.201331, 32.857943], [-17.201262, 32.85799], [-17.201253, 32.857983], [-17.201222, 32.857962]], [[-17.201156, 32.858116], [-17.200912, 32.858147], [-17.200873, 32.858138], [-17.200694, 32.858024], [-17.20044, 32.857943], [-17.200336, 32.857952], [-17.200267, 32.858081], [-17.200251, 32.858185], [-17.200231, 32.858228], [-17.200196, 32.858261], [-17.200083, 32.858342], [-17.199927, 32.858417], [-17.199919, 32.858457], [-17.199924, 32.858531], [-17.1999, 32.858557], [-17.199864, 32.858572], [-17.199808, 32.858578], [-17.199708, 32.858568], [-17.199611, 32.858578], [-17.199519, 32.858602], [-17.199367, 32.858655], [-17.199217, 32.85872], [-17.199133, 32.858766], [-17.199085, 32.858806], [-17.199055, 32.858922], [-17.199033, 32.859068], [-17.199024, 32.859104], [-17.198976, 32.859209], [-17.198912, 32.859298], [-17.198848, 32.859357], [-17.198763, 32.859419], [-17.198693, 32.859436], [-17.198633, 32.859449], [-17.198469, 32.859446], [-17.198441, 32.859449], [-17.198431, 32.859512], [-17.198451, 32.859604], [-17.19847, 32.85966], [-17.198509, 32.859725], [-17.198508, 32.859803], [-17.198485, 32.859869], [-17.198455, 32.859926], [-17.198418, 32.859982], [-17.198368, 32.86001], [-17.198301, 32.86002], [-17.198227, 32.860033], [-17.19815, 32.860026], [-17.198056, 32.860024], [-17.19793, 32.860001], [-17.19769, 32.860017], [-17.197512, 32.860015], [-17.197447, 32.860061], [-17.197388, 32.860112], [-17.197285, 32.860241], [-17.197227, 32.860249], [-17.197129, 32.860283], [-17.196932, 32.860348], [-17.196731, 32.860414], [-17.196567, 32.860475], [-17.196591, 32.860619], [-17.196579, 32.860633], [-17.196548, 32.860696], [-17.196552, 32.860726], [-17.196611, 32.860838], [-17.196625, 32.860894], [-17.196608, 32.860926]], [[-17.196551, 32.861022], [-17.196534, 32.861064], [-17.196523, 32.861105], [-17.196503, 32.861151], [-17.196432, 32.86118], [-17.196387, 32.861175], [-17.196208, 32.861168], [-17.196056, 32.861221], [-17.195914, 32.861273], [-17.19577, 32.861337], [-17.195551, 32.86144], [-17.195375, 32.861595], [-17.195249, 32.86164], [-17.195065, 32.8617], [-17.19496, 32.86174], [-17.194929, 32.861758], [-17.194876, 32.861735], [-17.194791, 32.861701], [-17.194708, 32.861694], [-17.19464, 32.861695], [-17.194606, 32.861693], [-17.194437, 32.861531], [-17.194278, 32.861379], [-17.194276, 32.861247], [-17.194252, 32.861192], [-17.194197, 32.861099], [-17.194056, 32.861012], [-17.194022, 32.860901], [-17.193955, 32.860778], [-17.193832, 32.860796], [-17.193702, 32.86086], [-17.193657, 32.860923], [-17.193621, 32.861072], [-17.193659, 32.861205], [-17.193605, 32.861309], [-17.193634, 32.861391], [-17.193617, 32.861718], [-17.193539, 32.861824], [-17.193482, 32.862012], [-17.193505, 32.862148], [-17.193543, 32.862255], [-17.19346, 32.862387], [-17.193343, 32.862415], [-17.193174, 32.86249], [-17.19311, 32.862544], [-17.192901, 32.862832], [-17.192778, 32.862895], [-17.192734, 32.862896], [-17.192515, 32.862961], [-17.192347, 32.86294], [-17.192211, 32.862975], [-17.192107, 32.863001], [-17.192078, 32.863047], [-17.191862, 32.863099], [-17.191725, 32.863105], [-17.191576, 32.863098], [-17.191529, 32.863092]]]}}, {"type": "Feature", "properties": {"name": "Levada do Vimieiro", "length_km": 1.82, "hasTunnel": false}, "geometry": {"type": "MultiLineString", "coordinates": [[[-17.056652, 32.785618], [-17.056603, 32.785657], [-17.056558, 32.785694], [-17.056517, 32.785719], [-17.056498, 32.785736], [-17.056479, 32.78576], [-17.056477, 32.785773], [-17.056451, 32.785803], [-17.056437, 32.785832], [-17.056381, 32.785865], [-17.056354, 32.785889], [-17.056238, 32.785913], [-17.056165, 32.785924], [-17.055995, 32.785938], [-17.055852, 32.785931], [-17.055702, 32.785919], [-17.055618, 32.785978], [-17.055595, 32.786025], [-17.055522, 32.786079], [-17.055382, 32.786174], [-17.055302, 32.786225], [-17.055235, 32.786251], [-17.055148, 32.786254], [-17.055056, 32.786234], [-17.054949, 32.786179], [-17.05491, 32.786177], [-17.054879, 32.786195], [-17.054761, 32.786398], [-17.054719, 32.78653], [-17.054709, 32.786562], [-17.054741, 32.786664], [-17.054709, 32.786773], [-17.054715, 32.786897], [-17.054704, 32.786995], [-17.054679, 32.787075], [-17.054692, 32.787227], [-17.054717, 32.787467], [-17.054752, 32.787585], [-17.054852, 32.787675], [-17.055004, 32.787768], [-17.05535, 32.787788], [-17.055537, 32.787809], [-17.055661, 32.787814], [-17.05591, 32.787939], [-17.055939, 32.78803], [-17.055941, 32.788202], [-17.055999, 32.788366], [-17.056072, 32.788437], [-17.056146, 32.788509], [-17.056177, 32.78855], [-17.056221, 32.788625], [-17.056261, 32.788653], [-17.056299, 32.788674], [-17.056307, 32.788701], [-17.056317, 32.788766], [-17.056271, 32.788788], [-17.056229, 32.788802], [-17.056182, 32.788788], [-17.056059, 32.788785], [-17.055984, 32.788796], [-17.055876, 32.788848], [-17.055688, 32.7889], [-17.055463, 32.788958], [-17.055392, 32.788973], [-17.055331, 32.788981], [-17.055221, 32.78901], [-17.055165, 32.789015], [-17.055155, 32.789025], [-17.055116, 32.789046], [-17.055055, 32.789058], [-17.055041, 32.789072], [-17.055021, 32.789129], [-17.055016, 32.789188], [-17.054867, 32.789319], [-17.054854, 32.789425], [-17.054798, 32.789557], [-17.054762, 32.789574], [-17.054702, 32.789551], [-17.05462, 32.789557], [-17.054508, 32.789621], [-17.054457, 32.789637], [-17.054382, 32.789655], [-17.054289, 32.789631], [-17.054248, 32.789656], [-17.054198, 32.789783], [-17.054138, 32.789822], [-17.054018, 32.789862], [-17.053871, 32.789913], [-17.053835, 32.789975], [-17.053829, 32.790066], [-17.053755, 32.790156], [-17.053739, 32.790259], [-17.05371, 32.790314], [-17.053659, 32.790412], [-17.05361, 32.790464], [-17.053561, 32.790491], [-17.053496, 32.790532], [-17.053487, 32.790589], [-17.05344, 32.790636], [-17.053365, 32.790667], [-17.053316, 32.790702], [-17.053236, 32.790723], [-17.053074, 32.790731], [-17.053038, 32.790758], [-17.052983, 32.790855], [-17.05288, 32.790926], [-17.052866, 32.791025], [-17.05291, 32.791123], [-17.052943, 32.791196], [-17.052939, 32.791259], [-17.052919, 32.791286], [-17.052876, 32.791301], [-17.052815, 32.791307], [-17.052736, 32.7913], [-17.052663, 32.791325], [-17.052535, 32.791355], [-17.052492, 32.791359], [-17.05241, 32.79139], [-17.052371, 32.791399], [-17.052352, 32.791417], [-17.052342, 32.791481], [-17.052329, 32.791517], [-17.052303, 32.791557], [-17.052284, 32.79158], [-17.052161, 32.791659], [-17.051924, 32.791779], [-17.051889, 32.791804], [-17.051864, 32.791815], [-17.05182, 32.791862], [-17.051758, 32.791918], [-17.051733, 32.791937], [-17.051672, 32.791949], [-17.051655, 32.791951], [-17.051643, 32.791947], [-17.051595, 32.791915], [-17.051537, 32.791882], [-17.05148, 32.791857], [-17.051421, 32.791813], [-17.051342, 32.791754], [-17.051344, 32.791731], [-17.051321, 32.791702], [-17.051222, 32.791628], [-17.051169, 32.791598], [-17.051131, 32.791588], [-17.051095, 32.791597], [-17.051076, 32.791616], [-17.051037, 32.79176], [-17.051011, 32.791839], [-17.050965, 32.791903], [-17.050961, 32.791914], [-17.050796, 32.792129], [-17.050681, 32.79207], [-17.050673, 32.792064], [-17.050611, 32.792125], [-17.050497, 32.792235], [-17.050442, 32.792291], [-17.050411, 32.792354], [-17.050394, 32.792464], [-17.050375, 32.792534], [-17.050357, 32.792581], [-17.050283, 32.792683], [-17.050202, 32.792745], [-17.050116, 32.79281], [-17.050004, 32.792847], [-17.049827, 32.792911], [-17.049759, 32.792936], [-17.049678, 32.792942], [-17.049649, 32.792937], [-17.049616, 32.792929], [-17.049577, 32.792903], [-17.049459, 32.792882], [-17.049313, 32.79289], [-17.049223, 32.792911], [-17.049105, 32.79296], [-17.048865, 32.793077], [-17.048789, 32.793114], [-17.048729, 32.793123], [-17.048634, 32.793137], [-17.048403, 32.793183], [-17.048341, 32.793204], [-17.048289, 32.793232], [-17.048234, 32.793295], [-17.048167, 32.79342], [-17.048125, 32.793577]], [[-17.047247, 32.794242], [-17.04724, 32.794278], [-17.047222, 32.794316], [-17.047196, 32.794383], [-17.047146, 32.794536], [-17.047128, 32.794589], [-17.047121, 32.794646], [-17.047145, 32.794763], [-17.047162, 32.794874], [-17.047213, 32.794992], [-17.047226, 32.795059], [-17.047225, 32.795072], [-17.047225, 32.795083], [-17.047211, 32.795087], [-17.047169, 32.79509], [-17.047151, 32.795098], [-17.047112, 32.795143], [-17.047094, 32.795152], [-17.047073, 32.795157], [-17.047055, 32.795171], [-17.047031, 32.79518], [-17.047011, 32.795183]]]}}, {"type": "Feature", "properties": {"name": "Levada da Penha de Águia", "length_km": 1.78, "hasTunnel": false}, "geometry": {"type": "MultiLineString", "coordinates": [[[-16.843739, 32.771263], [-16.843668, 32.771345], [-16.843673, 32.771362], [-16.843664, 32.771392], [-16.843635, 32.771434], [-16.843641, 32.771479], [-16.84364, 32.771504], [-16.843626, 32.771551], [-16.843609, 32.771582], [-16.84343, 32.771805], [-16.843387, 32.771863], [-16.843379, 32.771892], [-16.84338, 32.771905], [-16.843391, 32.771932], [-16.843405, 32.771947], [-16.843433, 32.771961], [-16.843608, 32.77203], [-16.843634, 32.772045], [-16.843656, 32.772064], [-16.843672, 32.772086], [-16.843686, 32.772117], [-16.84369, 32.772149], [-16.843687, 32.772173], [-16.843678, 32.772197], [-16.843664, 32.772218], [-16.843506, 32.772332], [-16.843484, 32.772362], [-16.843474, 32.772399], [-16.843483, 32.772425], [-16.8435, 32.772443], [-16.843572, 32.772491], [-16.843593, 32.772515], [-16.843608, 32.772571], [-16.843606, 32.772603], [-16.843594, 32.772641], [-16.843573, 32.772669], [-16.843528, 32.772704], [-16.843342, 32.772765], [-16.843268, 32.772827], [-16.84324, 32.772896], [-16.843189, 32.773037], [-16.843105, 32.773162], [-16.843035, 32.773252], [-16.842968, 32.773288], [-16.84289, 32.773308], [-16.84275, 32.773313], [-16.84261, 32.773294], [-16.842511, 32.773313], [-16.842473, 32.773335], [-16.842438, 32.77338], [-16.842413, 32.773446], [-16.842378, 32.773518], [-16.842323, 32.773577], [-16.842283, 32.773596], [-16.842203, 32.773606], [-16.842093, 32.773617], [-16.841987, 32.773685], [-16.841964, 32.773687], [-16.841923, 32.773667], [-16.84187, 32.773627], [-16.841812, 32.773575], [-16.841772, 32.773554], [-16.841694, 32.77353], [-16.841585, 32.773483], [-16.841509, 32.773459], [-16.841452, 32.773457], [-16.841364, 32.77348], [-16.841348, 32.773488], [-16.841331, 32.773484], [-16.841248, 32.773451], [-16.841174, 32.773433], [-16.84112, 32.773443], [-16.841085, 32.773455], [-16.841068, 32.773479], [-16.841016, 32.77354], [-16.84099, 32.773557], [-16.840951, 32.77356], [-16.840924, 32.773555], [-16.840726, 32.773424], [-16.84065, 32.773348], [-16.840574, 32.773288], [-16.840469, 32.773244], [-16.840399, 32.773228], [-16.840354, 32.773054], [-16.840326, 32.773027], [-16.840291, 32.773014], [-16.840214, 32.773098], [-16.840186, 32.773147], [-16.84015, 32.773284], [-16.840128, 32.773309], [-16.840065, 32.773384], [-16.840053, 32.77347], [-16.840027, 32.773578], [-16.840073, 32.773694], [-16.840071, 32.773734], [-16.840055, 32.773775], [-16.84001, 32.773847], [-16.839981, 32.773861], [-16.839941, 32.773866], [-16.839896, 32.773862], [-16.839767, 32.773814], [-16.839748, 32.773812], [-16.839734, 32.773825], [-16.839727, 32.773844], [-16.839694, 32.773961], [-16.839661, 32.774017], [-16.839621, 32.774048], [-16.8396, 32.774076], [-16.839598, 32.774094], [-16.839602, 32.774132], [-16.839624, 32.774228], [-16.839621, 32.774355], [-16.839592, 32.774426], [-16.839581, 32.774434], [-16.839563, 32.774438], [-16.839444, 32.774431], [-16.83929, 32.774395], [-16.839249, 32.774391], [-16.839227, 32.774395], [-16.839207, 32.774404], [-16.839153, 32.77444], [-16.839093, 32.774469], [-16.839055, 32.774478], [-16.839028, 32.774477], [-16.839003, 32.774471], [-16.838987, 32.774462], [-16.838931, 32.774387], [-16.838913, 32.774374], [-16.838871, 32.774365], [-16.838863, 32.774358], [-16.838859, 32.774353], [-16.838863, 32.774326], [-16.838885, 32.774293], [-16.838884, 32.774272], [-16.838857, 32.77421], [-16.838853, 32.774164], [-16.838858, 32.774023], [-16.838851, 32.774001], [-16.838839, 32.773981], [-16.838804, 32.773964], [-16.83874, 32.773934], [-16.838704, 32.773898], [-16.838584, 32.773814], [-16.838562, 32.773787], [-16.838539, 32.773739], [-16.838523, 32.773725], [-16.838506, 32.773716], [-16.838488, 32.773709], [-16.838427, 32.773698], [-16.838297, 32.773684], [-16.838203, 32.773679], [-16.83818, 32.773675], [-16.838063, 32.773624], [-16.838037, 32.773608], [-16.837968, 32.773546], [-16.837943, 32.773533], [-16.837835, 32.773479], [-16.837775, 32.773443], [-16.837756, 32.773435], [-16.837735, 32.773436], [-16.837679, 32.773461], [-16.8376, 32.773503], [-16.837422, 32.773576], [-16.837311, 32.773614], [-16.837254, 32.773645], [-16.837221, 32.773671], [-16.837167, 32.77373], [-16.837041, 32.773811], [-16.836994, 32.773842], [-16.836792, 32.773905], [-16.836709, 32.773918], [-16.836628, 32.773922], [-16.836587, 32.773913], [-16.836525, 32.773891], [-16.836411, 32.773801], [-16.836337, 32.77376], [-16.836123, 32.773661], [-16.836058, 32.773609], [-16.835975, 32.773547], [-16.835758, 32.773472], [-16.835731, 32.773469], [-16.835694, 32.773479], [-16.835452, 32.773579], [-16.835421, 32.773613], [-16.835369, 32.773681], [-16.83535, 32.773715], [-16.835314, 32.773742], [-16.835191, 32.773807], [-16.835126, 32.773825], [-16.835014, 32.773835], [-16.834701, 32.773866], [-16.83457, 32.773854], [-16.834538, 32.773856], [-16.834519, 32.773869], [-16.834497, 32.773902], [-16.834487, 32.773925], [-16.834469, 32.773934], [-16.834456, 32.773927], [-16.834448, 32.773919], [-16.834456, 32.773848], [-16.83445, 32.773834], [-16.834435, 32.773824], [-16.834412, 32.77382], [-16.83435, 32.773823], [-16.834318, 32.773828], [-16.834254, 32.773824], [-16.834197, 32.773809], [-16.833893, 32.77372], [-16.833829, 32.773707], [-16.833819, 32.773706], [-16.833578, 32.773694], [-16.833585, 32.773759], [-16.833634, 32.773812], [-16.833685, 32.773825], [-16.833713, 32.773837], [-16.833858, 32.774018], [-16.833982, 32.77408], [-16.834072, 32.77411], [-16.834186, 32.774211], [-16.834375, 32.774342], [-16.834452, 32.774439], [-16.834472, 32.774492], [-16.834631, 32.774646], [-16.834637, 32.774673], [-16.834603, 32.774713], [-16.834559, 32.774713], [-16.834503, 32.7747], [-16.834288, 32.774706], [-16.834112, 32.77474], [-16.833716, 32.774903], [-16.833653, 32.774951], [-16.833594, 32.774987], [-16.833535, 32.774943], [-16.83354, 32.77491], [-16.833516, 32.774892]]]}}, {"type": "Feature", "properties": {"name": "Levada Faja", "length_km": 1.71, "hasTunnel": false}, "geometry": {"type": "MultiLineString", "coordinates": [[[-17.233811, 32.787762], [-17.233774, 32.787778], [-17.233484, 32.78755], [-17.233244, 32.787373], [-17.233174, 32.787346], [-17.233107, 32.787332], [-17.233035, 32.787328], [-17.232613, 32.787335], [-17.232093, 32.787338], [-17.232055, 32.78733], [-17.232034, 32.787305], [-17.232003, 32.787247], [-17.231954, 32.787215], [-17.231739, 32.787136], [-17.231574, 32.787068], [-17.231546, 32.787068], [-17.231522, 32.787078], [-17.231389, 32.787206], [-17.231325, 32.787254], [-17.231261, 32.787286], [-17.230971, 32.787337], [-17.230719, 32.787349], [-17.230588, 32.787332], [-17.23051, 32.787335], [-17.230449, 32.787355], [-17.230406, 32.787352], [-17.230122, 32.787277], [-17.22993, 32.78719], [-17.229715, 32.787099], [-17.229629, 32.787042], [-17.22958, 32.787031], [-17.229511, 32.787035], [-17.229056, 32.787198], [-17.228629, 32.787314], [-17.228365, 32.787392], [-17.228298, 32.787411], [-17.228002, 32.787379], [-17.2279, 32.787396], [-17.227855, 32.787388], [-17.227754, 32.787349], [-17.22756, 32.78721], [-17.227513, 32.787173], [-17.227311, 32.786958], [-17.227146, 32.786849], [-17.226573, 32.786725], [-17.226504, 32.786719], [-17.226274, 32.786732], [-17.226043, 32.786784], [-17.225918, 32.786835], [-17.225812, 32.786915], [-17.225703, 32.787078], [-17.225614, 32.787253], [-17.225588, 32.787289], [-17.225535, 32.787309], [-17.225464, 32.78729]], [[-17.220589, 32.776842], [-17.220625, 32.776879], [-17.220853, 32.776648], [-17.221038, 32.776174], [-17.221062, 32.776142], [-17.221136, 32.776084], [-17.221371, 32.775988], [-17.221427, 32.775967], [-17.221471, 32.775915], [-17.221598, 32.775665], [-17.22163, 32.775575], [-17.221655, 32.775312], [-17.221676, 32.775227], [-17.221697, 32.77519], [-17.2217, 32.775058], [-17.221766, 32.774829], [-17.221841, 32.774679], [-17.22193, 32.774568], [-17.222032, 32.774485], [-17.222147, 32.774439], [-17.222239, 32.774408], [-17.222708, 32.774347], [-17.223264, 32.774299], [-17.223474, 32.774251], [-17.223552, 32.77424], [-17.223615, 32.77424], [-17.22374, 32.774259], [-17.223828, 32.774284], [-17.223913, 32.774325], [-17.224041, 32.774396], [-17.224177, 32.774491], [-17.224192, 32.774498], [-17.224207, 32.774502], [-17.224228, 32.774504], [-17.224249, 32.774501], [-17.224308, 32.774491], [-17.224339, 32.774491], [-17.224384, 32.774495], [-17.224544, 32.774528], [-17.224662, 32.774588], [-17.224909, 32.774784], [-17.224933, 32.774797], [-17.224959, 32.774805], [-17.224987, 32.774807], [-17.225016, 32.774805], [-17.225143, 32.774787], [-17.225201, 32.774785], [-17.225236, 32.774788], [-17.225415, 32.774822], [-17.225463, 32.77482], [-17.225493, 32.774814], [-17.225522, 32.774804], [-17.225689, 32.774709], [-17.225715, 32.774701], [-17.225743, 32.774698], [-17.225764, 32.774698], [-17.225784, 32.774702], [-17.226218, 32.774876], [-17.226283, 32.774901], [-17.226354, 32.774932], [-17.226395, 32.774952], [-17.226485, 32.775009], [-17.226516, 32.775032], [-17.226647, 32.775265], [-17.226709, 32.775374]]]}}, {"type": "Feature", "properties": {"name": "Levada das Rabaças", "length_km": 1.47, "hasTunnel": false}, "geometry": {"type": "MultiLineString", "coordinates": [[[-17.077053, 32.742714], [-17.077024, 32.742686], [-17.076915, 32.742647], [-17.076827, 32.742641], [-17.076781, 32.742647], [-17.076706, 32.742672], [-17.076622, 32.742699], [-17.076583, 32.742727], [-17.076558, 32.742792], [-17.076578, 32.74283], [-17.076642, 32.742895], [-17.076659, 32.742975], [-17.07666, 32.743079], [-17.076625, 32.74313], [-17.076548, 32.743203], [-17.076469, 32.743409]], [[-17.075482, 32.743173], [-17.075536, 32.743134], [-17.075536, 32.74308], [-17.075503, 32.74304], [-17.07544, 32.742979], [-17.075356, 32.742914], [-17.075225, 32.742701], [-17.075238, 32.742607], [-17.075256, 32.742442], [-17.075236, 32.742297], [-17.075274, 32.742205], [-17.075318, 32.742148], [-17.075421, 32.742084], [-17.075586, 32.742019], [-17.075628, 32.742004], [-17.075637, 32.741978], [-17.075619, 32.741928], [-17.07552, 32.741852], [-17.075461, 32.741792], [-17.075378, 32.74172], [-17.075242, 32.741681], [-17.075143, 32.741645], [-17.075104, 32.741606], [-17.075107, 32.74156], [-17.075168, 32.741506], [-17.075267, 32.741445], [-17.075439, 32.741346], [-17.075594, 32.741266], [-17.075744, 32.741276], [-17.075779, 32.741274], [-17.0758, 32.741242], [-17.075827, 32.741203], [-17.075828, 32.741138], [-17.075735, 32.741073], [-17.07562, 32.74103], [-17.075545, 32.740983], [-17.075476, 32.74091], [-17.075462, 32.74057], [-17.075549, 32.740203], [-17.075639, 32.739998], [-17.075643, 32.739913], [-17.07557, 32.739793], [-17.075563, 32.739736], [-17.075582, 32.739686], [-17.075651, 32.739624], [-17.07568, 32.739566], [-17.075704, 32.73951], [-17.075703, 32.739467], [-17.075669, 32.739433], [-17.075588, 32.739378], [-17.075484, 32.739298], [-17.075427, 32.73926], [-17.075402, 32.739217], [-17.075404, 32.739154], [-17.075439, 32.739072], [-17.07545, 32.738987], [-17.075413, 32.738922], [-17.07537, 32.738892], [-17.075278, 32.738883], [-17.075227, 32.738892], [-17.075204, 32.738915], [-17.075152, 32.739106], [-17.075115, 32.739166], [-17.075041, 32.739214], [-17.074952, 32.739251], [-17.074823, 32.739279], [-17.074717, 32.739276], [-17.074625, 32.739258], [-17.074464, 32.739233], [-17.074349, 32.739185], [-17.074241, 32.739127], [-17.074148, 32.739111], [-17.074072, 32.739141], [-17.074003, 32.739202], [-17.073951, 32.739306], [-17.073864, 32.739368], [-17.073754, 32.739422], [-17.073722, 32.739472], [-17.073715, 32.739528], [-17.073748, 32.739589], [-17.073829, 32.739682], [-17.073866, 32.739729], [-17.073893, 32.739846], [-17.073872, 32.739968], [-17.073854, 32.740082], [-17.073854, 32.740125], [-17.073827, 32.740152], [-17.073788, 32.740159], [-17.073686, 32.740122], [-17.073619, 32.740131], [-17.073432, 32.740272], [-17.0734, 32.740269], [-17.073345, 32.740212], [-17.073264, 32.740191], [-17.073186, 32.740193], [-17.072954, 32.740311], [-17.072903, 32.740311], [-17.072864, 32.740294], [-17.072681, 32.740147], [-17.07256, 32.740036], [-17.072514, 32.740012], [-17.072478, 32.740044], [-17.072437, 32.740212], [-17.072395, 32.740265], [-17.07234, 32.740306], [-17.072085, 32.740368], [-17.07191, 32.740361], [-17.07183, 32.740403], [-17.071747, 32.740409], [-17.071704, 32.740428], [-17.071618, 32.740543], [-17.071591, 32.740543], [-17.071488, 32.740501], [-17.071424, 32.740515], [-17.071399, 32.740545], [-17.07137, 32.740587], [-17.07136, 32.740613], [-17.071327, 32.740682], [-17.071288, 32.740701], [-17.071242, 32.740704], [-17.071235, 32.740689], [-17.071204, 32.740684], [-17.071181, 32.740685], [-17.071118, 32.740746], [-17.071031, 32.740754], [-17.070857, 32.740772], [-17.070694, 32.740825], [-17.070598, 32.740845], [-17.070421, 32.741039], [-17.070397, 32.741053], [-17.070193, 32.740989], [-17.070149, 32.74094], [-17.070142, 32.740932]]]}}, {"type": "Feature", "properties": {"name": "Levada das Voltas", "length_km": 1.42, "hasTunnel": false}, "geometry": {"type": "MultiLineString", "coordinates": [[[-17.074233, 32.691547], [-17.074238, 32.69153], [-17.074259, 32.691511], [-17.074277, 32.691502], [-17.074306, 32.69149], [-17.07432, 32.69148], [-17.074328, 32.691467], [-17.074359, 32.691431], [-17.074382, 32.691415], [-17.074414, 32.691408], [-17.074469, 32.691397], [-17.074518, 32.691375], [-17.07457, 32.69132], [-17.074585, 32.691289], [-17.07461, 32.691251], [-17.074672, 32.691163], [-17.074732, 32.691116], [-17.074782, 32.691048], [-17.074813, 32.691012], [-17.074866, 32.690968], [-17.074901, 32.690928], [-17.074934, 32.69088], [-17.075019, 32.690724], [-17.075086, 32.690615], [-17.075101, 32.690603], [-17.075134, 32.69058], [-17.07517, 32.690533], [-17.075186, 32.690469], [-17.075226, 32.690359], [-17.075258, 32.690283], [-17.07529, 32.690199], [-17.075302, 32.690184], [-17.075342, 32.690161], [-17.075425, 32.69013], [-17.075429, 32.690127], [-17.075448, 32.690089], [-17.075474, 32.690068], [-17.075506, 32.690033], [-17.075529, 32.690003], [-17.075586, 32.689949], [-17.07561, 32.689921], [-17.075671, 32.689841], [-17.075723, 32.689748], [-17.075765, 32.689669], [-17.075799, 32.689596], [-17.075799, 32.689582], [-17.075791, 32.689565], [-17.075785, 32.689531], [-17.07579, 32.689502], [-17.075819, 32.689381], [-17.075841, 32.689317], [-17.075845, 32.689281], [-17.075861, 32.689222], [-17.075869, 32.689184], [-17.075867, 32.689104], [-17.075863, 32.689012], [-17.075874, 32.688963], [-17.075888, 32.688859], [-17.075886, 32.688794], [-17.075889, 32.68875], [-17.075902, 32.688671], [-17.075922, 32.688598], [-17.075955, 32.688536], [-17.075984, 32.688488], [-17.076011, 32.688449], [-17.076029, 32.688418], [-17.076052, 32.688376], [-17.076071, 32.688355], [-17.076088, 32.688331], [-17.076097, 32.688307], [-17.076114, 32.688248], [-17.076145, 32.688196], [-17.076155, 32.688176], [-17.076159, 32.68816], [-17.076158, 32.688124], [-17.076155, 32.687899], [-17.076148, 32.68787], [-17.076132, 32.687843], [-17.076096, 32.687796], [-17.076088, 32.687778], [-17.076078, 32.687721], [-17.076074, 32.6877], [-17.076033, 32.68761], [-17.075993, 32.687539], [-17.075977, 32.687495], [-17.075972, 32.687475], [-17.075982, 32.687327], [-17.076004, 32.687202], [-17.07604, 32.687124], [-17.076078, 32.687058], [-17.07608, 32.687034], [-17.076079, 32.687001], [-17.076067, 32.686951], [-17.076067, 32.686927], [-17.076075, 32.686855], [-17.07608, 32.686819], [-17.076094, 32.686766], [-17.076087, 32.686746], [-17.076057, 32.686704], [-17.076048, 32.686678], [-17.076048, 32.68663], [-17.076044, 32.68661], [-17.07603, 32.686599], [-17.076009, 32.686563], [-17.076007, 32.686536], [-17.076018, 32.6864], [-17.076014, 32.68637], [-17.076, 32.686325], [-17.075994, 32.68629], [-17.076002, 32.686191], [-17.075997, 32.686173], [-17.075988, 32.686149], [-17.075986, 32.686126], [-17.075999, 32.686062], [-17.075999, 32.686035], [-17.076007, 32.685924], [-17.076016, 32.685851], [-17.076034, 32.685795], [-17.076044, 32.685742], [-17.076044, 32.685671], [-17.076028, 32.685588], [-17.076001, 32.685502], [-17.07598, 32.685449], [-17.075979, 32.685419], [-17.075971, 32.685397], [-17.075962, 32.68538], [-17.075934, 32.68532], [-17.075925, 32.685297], [-17.075919, 32.685267], [-17.075927, 32.6852], [-17.075926, 32.685174], [-17.0759, 32.685092], [-17.07585, 32.684953], [-17.075829, 32.684865], [-17.07581, 32.684854], [-17.075775, 32.684758], [-17.075747, 32.684731], [-17.075665, 32.684571], [-17.075575, 32.684435], [-17.075569, 32.684422], [-17.075564, 32.684408], [-17.075563, 32.684388], [-17.075567, 32.684368], [-17.075575, 32.684349], [-17.075592, 32.684328], [-17.075659, 32.68427], [-17.075688, 32.684251], [-17.075792, 32.684206], [-17.075818, 32.684189], [-17.075858, 32.684182], [-17.076003, 32.684129], [-17.076062, 32.684101], [-17.076132, 32.684047], [-17.076228, 32.683957], [-17.076275, 32.683913], [-17.076354, 32.683802], [-17.076372, 32.683766], [-17.076426, 32.683705], [-17.076542, 32.683645], [-17.076585, 32.68363], [-17.076692, 32.683546], [-17.076711, 32.683521], [-17.076726, 32.683478], [-17.076814, 32.683407], [-17.0769, 32.683335], [-17.076973, 32.683298], [-17.076992, 32.683282], [-17.077, 32.68327], [-17.077034, 32.683201], [-17.077049, 32.683186], [-17.077125, 32.683127], [-17.077151, 32.683103], [-17.077192, 32.683053], [-17.077195, 32.683044], [-17.077196, 32.683009], [-17.077203, 32.682995], [-17.077215, 32.682986], [-17.077262, 32.682966], [-17.077273, 32.682958], [-17.077297, 32.682937], [-17.077348, 32.682914], [-17.077411, 32.682911], [-17.077427, 32.682905], [-17.077461, 32.682874], [-17.077495, 32.682848], [-17.077562, 32.682813], [-17.077603, 32.682809], [-17.077618, 32.682802], [-17.077671, 32.682755], [-17.077779, 32.682698], [-17.077796, 32.682681], [-17.077851, 32.682589], [-17.077915, 32.682515], [-17.078007, 32.682437], [-17.078029, 32.682401], [-17.078042, 32.682383], [-17.078116, 32.68233], [-17.078182, 32.682271], [-17.078324, 32.682202], [-17.078357, 32.682172], [-17.078391, 32.682141], [-17.078413, 32.682128], [-17.078482, 32.682098], [-17.078501, 32.682078], [-17.078544, 32.682045], [-17.078579, 32.682027], [-17.078635, 32.68197], [-17.078743, 32.681851], [-17.078754, 32.681828], [-17.078757, 32.681807], [-17.078801, 32.681757], [-17.078811, 32.681732], [-17.078816, 32.681712], [-17.078824, 32.681694], [-17.078908, 32.681612], [-17.078948, 32.681587], [-17.079012, 32.681507], [-17.079037, 32.68145], [-17.079092, 32.681368], [-17.079106, 32.681328], [-17.079111, 32.681303], [-17.079123, 32.681193], [-17.079144, 32.681072], [-17.079201, 32.680913], [-17.079228, 32.680836]]]}}, {"type": "Feature", "properties": {"name": "Levada do Bom Sucesso", "length_km": 1.42, "hasTunnel": false}, "geometry": {"type": "MultiLineString", "coordinates": [[[-16.895523, 32.669182], [-16.895484, 32.66902], [-16.895492, 32.668983], [-16.895506, 32.668903], [-16.895551, 32.668856], [-16.89583, 32.668694], [-16.895884, 32.668643], [-16.895918, 32.668593], [-16.895949, 32.668415], [-16.895953, 32.668339], [-16.895939, 32.668202], [-16.895951, 32.668041], [-16.895965, 32.667992], [-16.895994, 32.667961], [-16.896006, 32.667928], [-16.896021, 32.667816], [-16.896065, 32.667729], [-16.8962, 32.667481], [-16.896652, 32.667105], [-16.896722, 32.667026], [-16.896757, 32.666968], [-16.896831, 32.666839], [-16.896906, 32.666719], [-16.896966, 32.666672], [-16.896979, 32.666649], [-16.896977, 32.666626], [-16.896962, 32.666572], [-16.896908, 32.666491], [-16.896903, 32.66647], [-16.896889, 32.666412], [-16.896877, 32.666398], [-16.896837, 32.666343], [-16.896775, 32.666296], [-16.896722, 32.666265], [-16.896673, 32.66623], [-16.896621, 32.666188], [-16.89659, 32.666154], [-16.896463, 32.665974], [-16.896435, 32.66592], [-16.896366, 32.665793], [-16.89633, 32.665667], [-16.896316, 32.665646], [-16.896263, 32.665594], [-16.89623, 32.665565], [-16.896175, 32.665537], [-16.896129, 32.665524], [-16.896072, 32.665522], [-16.896033, 32.665525], [-16.895995, 32.665541], [-16.895925, 32.665596], [-16.895813, 32.665684], [-16.89572, 32.665678], [-16.895741, 32.665477], [-16.895748, 32.665379], [-16.895739, 32.665309], [-16.895737, 32.665254], [-16.895764, 32.665183], [-16.895775, 32.665147], [-16.8958, 32.665115], [-16.895909, 32.665014], [-16.8961, 32.664892], [-16.896162, 32.664862], [-16.896221, 32.664852], [-16.896255, 32.664856], [-16.896275, 32.664869], [-16.896307, 32.66494], [-16.896333, 32.664946], [-16.896361, 32.664939], [-16.896515, 32.664778], [-16.896711, 32.664626], [-16.896793, 32.664544], [-16.896836, 32.664459], [-16.896902, 32.664306], [-16.896909, 32.664274], [-16.896923, 32.664169], [-16.896954, 32.664027], [-16.896987, 32.663877], [-16.896987, 32.663808], [-16.896976, 32.663764], [-16.896929, 32.663679], [-16.896922, 32.663639], [-16.896922, 32.663605], [-16.896958, 32.663523], [-16.897059, 32.663383], [-16.897067, 32.663349], [-16.897065, 32.663232], [-16.897125, 32.662906], [-16.897143, 32.66274], [-16.897156, 32.662556], [-16.897154, 32.662484], [-16.897142, 32.662434], [-16.897152, 32.662292], [-16.897173, 32.662245], [-16.89733, 32.66198], [-16.897516, 32.661772], [-16.897667, 32.661623], [-16.897866, 32.661426], [-16.897902, 32.661382], [-16.897921, 32.661327], [-16.897973, 32.661267], [-16.898148, 32.661132], [-16.898227, 32.661061], [-16.898265, 32.66104], [-16.898306, 32.661025], [-16.898393, 32.661007], [-16.898442, 32.660986], [-16.898497, 32.660939], [-16.898529, 32.660894], [-16.898572, 32.660856], [-16.898595, 32.660836], [-16.89865, 32.660805], [-16.898808, 32.660754], [-16.899008, 32.660742], [-16.899034, 32.660738], [-16.899067, 32.660714], [-16.89908, 32.660705], [-16.899094, 32.660703], [-16.899117, 32.660703], [-16.899231, 32.660728], [-16.899244, 32.660728], [-16.899256, 32.660722], [-16.899262, 32.660713], [-16.89929, 32.66063], [-16.899297, 32.660594], [-16.899299, 32.660534], [-16.899316, 32.660479], [-16.899347, 32.660404], [-16.899348, 32.660389], [-16.899342, 32.660268], [-16.899336, 32.660241], [-16.899324, 32.660213], [-16.899311, 32.660197], [-16.899286, 32.660184], [-16.899208, 32.660149], [-16.899146, 32.660107], [-16.899114, 32.660082], [-16.899109, 32.660077], [-16.899091, 32.660046], [-16.899091, 32.660008], [-16.899092, 32.659988], [-16.899057, 32.659923], [-16.899046, 32.659889], [-16.899003, 32.659838], [-16.898978, 32.659795], [-16.898962, 32.65977], [-16.898945, 32.659757], [-16.898923, 32.659743], [-16.898905, 32.65973], [-16.898898, 32.65972], [-16.898894, 32.659706], [-16.898877, 32.659593], [-16.898867, 32.659574], [-16.898821, 32.659493], [-16.898807, 32.659473], [-16.898762, 32.659475]]]}}, {"type": "Feature", "properties": {"name": "Levada do Pico da Urze", "length_km": 1.42, "hasTunnel": false}, "geometry": {"type": "MultiLineString", "coordinates": [[[-17.106837, 32.759047], [-17.106876, 32.759025], [-17.106928, 32.758986], [-17.10717, 32.758454], [-17.107268, 32.75824], [-17.107429, 32.758072], [-17.107432, 32.75798], [-17.107436, 32.757908], [-17.107575, 32.757774], [-17.107821, 32.757721], [-17.108037, 32.757771], [-17.108276, 32.758032], [-17.108683, 32.758058], [-17.108868, 32.758027], [-17.10931, 32.75782], [-17.109341, 32.757795], [-17.109482, 32.757678], [-17.109491, 32.757417], [-17.109001, 32.757064], [-17.108881, 32.756821], [-17.10885, 32.756436], [-17.108883, 32.756417], [-17.108917, 32.756396], [-17.109027, 32.756454], [-17.109151, 32.756679], [-17.109319, 32.756759], [-17.109432, 32.756771], [-17.109531, 32.75675], [-17.109779, 32.756613], [-17.110075, 32.756555], [-17.110247, 32.756485], [-17.110495, 32.756259], [-17.110764, 32.756136], [-17.111096, 32.756069], [-17.1116, 32.755999], [-17.111949, 32.756012], [-17.112581, 32.75599], [-17.112886, 32.755941], [-17.113076, 32.755844], [-17.113191, 32.755702], [-17.11346, 32.755663], [-17.113681, 32.755499], [-17.113999, 32.755434], [-17.114137, 32.755497], [-17.114353, 32.75552], [-17.114551, 32.755516], [-17.114804, 32.755548], [-17.115066, 32.755699], [-17.115406, 32.755847], [-17.115774, 32.755929], [-17.116022, 32.755893], [-17.116188, 32.755908], [-17.116315, 32.755881], [-17.116484, 32.755726], [-17.11654, 32.755701], [-17.116622, 32.755696], [-17.116802, 32.755589], [-17.116841, 32.755491], [-17.116879, 32.75544], [-17.116966, 32.755362], [-17.117215, 32.755244]]]}}, {"type": "Feature", "properties": {"name": "Trilho da Levada do Bom Sucesso", "length_km": 1.38, "hasTunnel": false}, "geometry": {"type": "MultiLineString", "coordinates": [[[-16.893196, 32.677723], [-16.893252, 32.677649], [-16.893263, 32.677609], [-16.89331, 32.677548], [-16.893376, 32.677444], [-16.893479, 32.677431], [-16.893618, 32.677324], [-16.89377, 32.677247], [-16.893911, 32.67713], [-16.894171, 32.67709], [-16.894331, 32.676986], [-16.894471, 32.676757], [-16.894612, 32.676591], [-16.894743, 32.676459], [-16.894888, 32.676405], [-16.895076, 32.676341], [-16.895202, 32.676308], [-16.895298, 32.676265], [-16.895456, 32.676225], [-16.895609, 32.676159], [-16.895822, 32.676138], [-16.895976, 32.676099], [-16.896127, 32.67605], [-16.896238, 32.675941], [-16.896117, 32.675861], [-16.895979, 32.675877], [-16.895855, 32.675873], [-16.89566, 32.675879], [-16.895524, 32.675815], [-16.89542, 32.675711], [-16.895239, 32.675645], [-16.895097, 32.675575], [-16.894913, 32.675522], [-16.894875, 32.675442], [-16.894777, 32.675384], [-16.894663, 32.675305], [-16.89468, 32.675164], [-16.894678, 32.675015], [-16.894729, 32.674779], [-16.894758, 32.674645], [-16.894786, 32.674571], [-16.894748, 32.674486], [-16.894644, 32.674401], [-16.894668, 32.674215], [-16.894764, 32.674056], [-16.894832, 32.674049], [-16.894983, 32.674052], [-16.895123, 32.674094], [-16.895315, 32.674108], [-16.895346, 32.674025], [-16.895304, 32.673954], [-16.895152, 32.673844], [-16.89494, 32.67361], [-16.894904, 32.673423], [-16.894973, 32.673272], [-16.894979, 32.673141], [-16.895048, 32.673025], [-16.895254, 32.6729], [-16.895291, 32.672746], [-16.895266, 32.672531], [-16.895196, 32.67236], [-16.895155, 32.672075], [-16.895092, 32.671789], [-16.895073, 32.671565], [-16.895102, 32.671426], [-16.895163, 32.67131], [-16.895276, 32.671152], [-16.895381, 32.670981], [-16.895435, 32.670817], [-16.895494, 32.670612], [-16.895529, 32.670469], [-16.895546, 32.670381], [-16.895452, 32.67005], [-16.895181, 32.669825], [-16.89526, 32.669787], [-16.895509, 32.669831], [-16.895628, 32.669803], [-16.895655, 32.669735], [-16.895566, 32.669567], [-16.895524, 32.669185], [-16.895523, 32.669182]]]}}, {"type": "Feature", "properties": {"name": "Levada da Fajã", "length_km": 1.32, "hasTunnel": false}, "geometry": {"type": "MultiLineString", "coordinates": [[[-16.960938, 32.668866], [-16.961383, 32.669029], [-16.961449, 32.669004], [-16.961342, 32.668675], [-16.961395, 32.668429], [-16.961604, 32.667955], [-16.96162, 32.66777], [-16.961526, 32.667548], [-16.961475, 32.667312], [-16.961543, 32.667204], [-16.961439, 32.666996], [-16.96142, 32.666919], [-16.961441, 32.666833], [-16.961507, 32.666727], [-16.961493, 32.666619], [-16.961446, 32.666491], [-16.961427, 32.666444], [-16.961431, 32.666415], [-16.961381, 32.66626], [-16.961368, 32.666124], [-16.961244, 32.665831], [-16.961284, 32.665649], [-16.961323, 32.6655], [-16.961267, 32.665406], [-16.961296, 32.665334], [-16.961358, 32.66521], [-16.961481, 32.66516], [-16.961531, 32.665095], [-16.961617, 32.665043], [-16.961613, 32.664816], [-16.961644, 32.664635], [-16.961583, 32.664568], [-16.961608, 32.664303], [-16.961653, 32.664068], [-16.961783, 32.663863], [-16.961857, 32.663696], [-16.961905, 32.663628], [-16.96186, 32.663473], [-16.961897, 32.663329], [-16.961934, 32.663028], [-16.961973, 32.662973], [-16.961977, 32.662855], [-16.962111, 32.662692], [-16.962182, 32.662418], [-16.962223, 32.661933], [-16.962173, 32.661676], [-16.962101, 32.66141], [-16.962077, 32.661104], [-16.962067, 32.660953], [-16.962091, 32.660868], [-16.962257, 32.660598], [-16.962392, 32.660391], [-16.962612, 32.660211], [-16.96263, 32.660189], [-16.962774, 32.660092], [-16.963133, 32.659643], [-16.96326, 32.659454], [-16.963393, 32.659346], [-16.963436, 32.65925], [-16.963451, 32.65915], [-16.963412, 32.659036], [-16.963336, 32.658772], [-16.9633, 32.658557], [-16.963307, 32.658445], [-16.963342, 32.658382]]]}}, {"type": "Feature", "properties": {"name": "Vereda da Levada do Desembarcadouro", "length_km": 1.15, "hasTunnel": false}, "geometry": {"type": "MultiLineString", "coordinates": [[[-16.775698, 32.733166], [-16.775711, 32.733101], [-16.775675, 32.733061], [-16.775618, 32.733022], [-16.775606, 32.732956], [-16.775602, 32.732861], [-16.77559, 32.732808], [-16.775541, 32.732731], [-16.77549, 32.732693], [-16.775462, 32.732666], [-16.77532, 32.732522], [-16.775283, 32.73245], [-16.775262, 32.732398], [-16.775262, 32.732242], [-16.775263, 32.732134], [-16.775249, 32.732063], [-16.775232, 32.73203], [-16.775211, 32.731988], [-16.775168, 32.731963], [-16.774885, 32.731834], [-16.774755, 32.731769], [-16.774721, 32.731764], [-16.774669, 32.731785], [-16.774605, 32.73181], [-16.774493, 32.731813], [-16.774335, 32.731774], [-16.774251, 32.731767]], [[-16.771887, 32.730914], [-16.771756, 32.730918], [-16.771645, 32.730905], [-16.771552, 32.730879], [-16.771339, 32.730819], [-16.771236, 32.730779], [-16.771142, 32.730778], [-16.770951, 32.730786], [-16.770889, 32.730765]], [[-16.770875, 32.730764], [-16.77088, 32.730741], [-16.770878, 32.730721], [-16.770851, 32.730688], [-16.770848, 32.73068], [-16.770849, 32.730673], [-16.770869, 32.730621], [-16.770886, 32.730603], [-16.770918, 32.730559], [-16.770947, 32.730536], [-16.770978, 32.730489], [-16.770991, 32.730449], [-16.770988, 32.730401], [-16.770977, 32.730351], [-16.770958, 32.730308], [-16.770945, 32.730276], [-16.770935, 32.730226], [-16.770923, 32.730087], [-16.770885, 32.729842], [-16.770872, 32.729794], [-16.770855, 32.729761], [-16.770837, 32.729746], [-16.770806, 32.729731], [-16.770789, 32.729718], [-16.770768, 32.729687], [-16.770749, 32.72964], [-16.770742, 32.729611], [-16.770738, 32.729586], [-16.770729, 32.729547], [-16.770716, 32.729521], [-16.770698, 32.729461], [-16.770684, 32.729438], [-16.770664, 32.729417], [-16.77064, 32.729378], [-16.770631, 32.729349], [-16.770629, 32.729328], [-16.770639, 32.72931], [-16.770651, 32.72929], [-16.770654, 32.729267], [-16.770643, 32.729149], [-16.770616, 32.729107], [-16.770571, 32.729062], [-16.770541, 32.729023], [-16.770487, 32.728994], [-16.770455, 32.728972], [-16.770407, 32.728961], [-16.770346, 32.728956], [-16.770239, 32.728921], [-16.770181, 32.72891], [-16.770128, 32.72889], [-16.770077, 32.72886], [-16.770061, 32.728847], [-16.770019, 32.728812], [-16.769998, 32.728792], [-16.769982, 32.728775], [-16.769969, 32.728745], [-16.769948, 32.728707], [-16.769861, 32.728635], [-16.769741, 32.72856], [-16.769647, 32.728492], [-16.769616, 32.728486], [-16.76953, 32.7285], [-16.769487, 32.728507], [-16.769485, 32.728537], [-16.769483, 32.728556]], [[-16.767992, 32.727687], [-16.768017, 32.727585], [-16.768021, 32.727479], [-16.767999, 32.727372], [-16.767994, 32.727333], [-16.767989, 32.727198], [-16.767951, 32.727025], [-16.767913, 32.726971], [-16.767904, 32.726924], [-16.767892, 32.726832], [-16.767875, 32.726783], [-16.76785, 32.72674], [-16.767828, 32.726686], [-16.767836, 32.726605], [-16.767897, 32.726455], [-16.767916, 32.726367], [-16.767911, 32.726333], [-16.768037, 32.726139], [-16.768142, 32.726034], [-16.768228, 32.725954], [-16.768262, 32.725904], [-16.768271, 32.725848], [-16.768247, 32.725717], [-16.768191, 32.725635], [-16.768169, 32.725587], [-16.768144, 32.725467], [-16.768131, 32.725438], [-16.768085, 32.725384], [-16.76809, 32.725274], [-16.768031, 32.725215], [-16.767955, 32.725151], [-16.767881, 32.725138], [-16.767854, 32.72512], [-16.76775, 32.725091], [-16.767672, 32.725076], [-16.767639, 32.725064], [-16.767616, 32.725035], [-16.767517, 32.725001], [-16.767466, 32.724992], [-16.767399, 32.724944], [-16.767311, 32.724958], [-16.767202, 32.724932], [-16.767105, 32.724887], [-16.767018, 32.724847], [-16.766958, 32.7248], [-16.766927, 32.724772], [-16.766884, 32.724745], [-16.766835, 32.724729], [-16.766698, 32.724671], [-16.766652, 32.724668], [-16.766637, 32.724661], [-16.7666, 32.724616], [-16.766594, 32.724597], [-16.766596, 32.724567], [-16.766595, 32.724533], [-16.766571, 32.724486], [-16.766503, 32.724439]]]}}, {"type": "Feature", "properties": {"name": "Levada do Desembarcadouro", "length_km": 1.14, "hasTunnel": false}, "geometry": {"type": "MultiLineString", "coordinates": [[[-16.788898, 32.735298], [-16.788855, 32.735272], [-16.788817, 32.735218], [-16.788747, 32.735169], [-16.788759, 32.73507], [-16.788809, 32.734977], [-16.788802, 32.73494], [-16.788774, 32.734908], [-16.788749, 32.734886], [-16.7887, 32.734872], [-16.788546, 32.734869], [-16.788493, 32.734882], [-16.788425, 32.734926], [-16.788314, 32.734855], [-16.788273, 32.734844], [-16.788059, 32.734906], [-16.787804, 32.73498], [-16.787508, 32.735039], [-16.787346, 32.735047], [-16.787201, 32.735023], [-16.787079, 32.734996], [-16.78684, 32.734913], [-16.786694, 32.734898], [-16.786625, 32.734878], [-16.786537, 32.73481], [-16.786485, 32.734786], [-16.786462, 32.734753], [-16.786411, 32.734723], [-16.786354, 32.734713], [-16.786319, 32.734688], [-16.786234, 32.734593], [-16.786177, 32.73456], [-16.786146, 32.734517], [-16.786062, 32.734472], [-16.786059, 32.734429], [-16.785996, 32.734383], [-16.785787, 32.734269], [-16.785581, 32.734139], [-16.785562, 32.734102], [-16.785546, 32.734078], [-16.785508, 32.734061], [-16.785341, 32.734042], [-16.7853, 32.73401], [-16.785248, 32.734026], [-16.78521, 32.734016], [-16.78502, 32.733962], [-16.784874, 32.733989], [-16.784727, 32.734032], [-16.784594, 32.734047], [-16.784481, 32.734023], [-16.784337, 32.734001], [-16.784258, 32.734028], [-16.784101, 32.734084], [-16.783848, 32.734164], [-16.783725, 32.734192], [-16.783556, 32.734213], [-16.783458, 32.734246]], [[-16.773691, 32.730965], [-16.773573, 32.730956], [-16.773529, 32.730929], [-16.77337, 32.730825], [-16.773334, 32.730807], [-16.773294, 32.730793], [-16.773267, 32.730776], [-16.77323, 32.730762], [-16.773079, 32.730734], [-16.773035, 32.730716], [-16.772978, 32.7307], [-16.772917, 32.730688], [-16.772857, 32.730682], [-16.772769, 32.730692], [-16.772614, 32.730736], [-16.772533, 32.730762], [-16.77222, 32.73086], [-16.772114, 32.730879], [-16.772001, 32.730888], [-16.771923, 32.730894], [-16.771896, 32.730904], [-16.771887, 32.730914]], [[-16.76047, 32.720263], [-16.760244, 32.720145], [-16.760171, 32.720081], [-16.760133, 32.720023], [-16.76005, 32.719988], [-16.760022, 32.719961], [-16.759963, 32.71994], [-16.75996, 32.719935], [-16.759947, 32.719908], [-16.759907, 32.719879], [-16.759905, 32.719858], [-16.759915, 32.719826], [-16.759902, 32.719795], [-16.759846, 32.719763], [-16.759792, 32.719728], [-16.759719, 32.719682], [-16.759691, 32.719682], [-16.759658, 32.7197], [-16.759626, 32.719758], [-16.759596, 32.719814], [-16.759563, 32.719846], [-16.759521, 32.719865], [-16.759416, 32.719907], [-16.759329, 32.719927], [-16.759242, 32.71998], [-16.759086, 32.720006], [-16.758789, 32.719975], [-16.758582, 32.719932], [-16.758479, 32.719913], [-16.758409, 32.719879], [-16.758269, 32.719775], [-16.758255, 32.719631], [-16.758161, 32.71953], [-16.758112, 32.719495], [-16.758065, 32.719429], [-16.757977, 32.719399], [-16.757967, 32.719381], [-16.757975, 32.719329], [-16.757942, 32.719219], [-16.757927, 32.719203], [-16.757893, 32.719189], [-16.75784, 32.719096], [-16.757841, 32.719081]]]}}, {"type": "Feature", "properties": {"name": "Levada do Caldeirão Verde superior", "length_km": 1.13, "hasTunnel": true}, "geometry": {"type": "MultiLineString", "coordinates": [[[-16.936195, 32.773822], [-16.936302, 32.77406], [-16.936468, 32.774169], [-16.936674, 32.7742], [-16.937189, 32.774377], [-16.93689, 32.774717], [-16.93687, 32.775079], [-16.936949, 32.775311], [-16.937142, 32.775282], [-16.937516, 32.774922], [-16.938414, 32.774386], [-16.939985, 32.774189], [-16.940382, 32.773764], [-16.940745, 32.773731], [-16.940966, 32.773447], [-16.941266, 32.77294], [-16.941244, 32.772551], [-16.94259, 32.770921], [-16.942692, 32.77086], [-16.943066, 32.770817], [-16.943125, 32.770822], [-16.943164, 32.770824], [-16.943164, 32.770831], [-16.943403, 32.770855], [-16.943432, 32.770804], [-16.943436, 32.770798], [-16.9436, 32.770549]]]}}, {"type": "Feature", "properties": {"name": "Levada da Portela", "length_km": 1.07, "hasTunnel": false}, "geometry": {"type": "MultiLineString", "coordinates": [[[-16.812004, 32.750833], [-16.812925, 32.751086], [-16.813652, 32.751594], [-16.813982, 32.751589], [-16.814114, 32.751618], [-16.814295, 32.751776], [-16.814228, 32.751907], [-16.814255, 32.75201], [-16.814394, 32.751977], [-16.814176, 32.752186], [-16.813912, 32.752167], [-16.813877, 32.752219], [-16.813529, 32.752367], [-16.813433, 32.752548], [-16.813451, 32.752659], [-16.813524, 32.752837], [-16.813612, 32.752859], [-16.813736, 32.752808], [-16.813845, 32.752666], [-16.814002, 32.752734], [-16.814165, 32.752849], [-16.814369, 32.752868], [-16.814402, 32.753022], [-16.814502, 32.753293], [-16.814637, 32.753355], [-16.814767, 32.753514], [-16.814983, 32.753374], [-16.815101, 32.753237], [-16.815432, 32.753338], [-16.815527, 32.753393], [-16.815745, 32.753394], [-16.815792, 32.753435], [-16.81592, 32.753439], [-16.816004, 32.753486], [-16.81644, 32.753478], [-16.816445, 32.753605], [-16.816595, 32.753628], [-16.816548, 32.753681], [-16.816501, 32.753752], [-16.816619, 32.753779], [-16.816653, 32.753834], [-16.816663, 32.753903], [-16.8168, 32.754071], [-16.816831, 32.754117], [-16.81708, 32.75448], [-16.817097, 32.754534], [-16.817463, 32.754898], [-16.817653, 32.755003], [-16.817827, 32.754931], [-16.817912, 32.754949], [-16.818064, 32.75488]]]}}, {"type": "Feature", "properties": {"name": "Vereda da Levada da Madalena", "length_km": 1.06, "hasTunnel": false}, "geometry": {"type": "MultiLineString", "coordinates": [[[-17.129461, 32.697087], [-17.129189, 32.697169], [-17.129058, 32.697204], [-17.128935, 32.697289], [-17.128849, 32.697312], [-17.128759, 32.697381], [-17.128672, 32.697447], [-17.128474, 32.69761], [-17.128249, 32.697822], [-17.12805, 32.69803], [-17.127959, 32.698165], [-17.127959, 32.698224], [-17.127857, 32.698346], [-17.127916, 32.698431], [-17.127916, 32.69849], [-17.127851, 32.69854], [-17.127766, 32.698571], [-17.127648, 32.698603], [-17.127557, 32.698653], [-17.127508, 32.698702], [-17.127412, 32.698725], [-17.127319, 32.698789], [-17.127218, 32.698815], [-17.12706, 32.698832], [-17.126946, 32.698763], [-17.126887, 32.698684], [-17.126849, 32.698603], [-17.126818, 32.698487], [-17.126763, 32.698371], [-17.126718, 32.698248], [-17.12667, 32.698086], [-17.126625, 32.697938], [-17.126569, 32.697755], [-17.126569, 32.69763], [-17.126632, 32.697502], [-17.126659, 32.69729], [-17.126611, 32.697179], [-17.126552, 32.697026], [-17.126369, 32.69693], [-17.12629, 32.696874], [-17.126241, 32.696845], [-17.126164, 32.696858], [-17.126103, 32.696869], [-17.125907, 32.696898], [-17.125734, 32.696872], [-17.125561, 32.696802], [-17.125468, 32.69668], [-17.12543, 32.69657], [-17.125165, 32.69634], [-17.124947, 32.696075], [-17.124819, 32.695901], [-17.124788, 32.69573], [-17.124809, 32.695582], [-17.124837, 32.695431], [-17.124778, 32.695303], [-17.124609, 32.695172], [-17.124474, 32.695082], [-17.124333, 32.695004], [-17.124122, 32.694934], [-17.123735, 32.69485], [-17.123494, 32.694754], [-17.12339, 32.694623], [-17.123383, 32.694524], [-17.123373, 32.694417], [-17.123356, 32.694309], [-17.12329, 32.694228], [-17.123193, 32.694183], [-17.123149, 32.694118], [-17.123049, 32.694069]]]}}, {"type": "Feature", "properties": {"name": "Levada do Lanço", "length_km": 1.02, "hasTunnel": false}, "geometry": {"type": "MultiLineString", "coordinates": [[[-17.058896, 32.785117], [-17.058775, 32.785024], [-17.058662, 32.784964], [-17.05854, 32.784922], [-17.058321, 32.784901], [-17.058199, 32.784861], [-17.058033, 32.784808], [-17.057884, 32.784764], [-17.05769, 32.78474], [-17.057572, 32.784786], [-17.057332, 32.784857], [-17.057198, 32.784899], [-17.057039, 32.784956], [-17.056871, 32.78499], [-17.05677, 32.785051], [-17.056672, 32.785131], [-17.056502, 32.785242], [-17.056346, 32.785301], [-17.056255, 32.785291], [-17.05623, 32.785287], [-17.056186, 32.785228], [-17.056089, 32.785192], [-17.056042, 32.785148], [-17.05602, 32.785069], [-17.055973, 32.785023], [-17.055909, 32.784985], [-17.055872, 32.784965], [-17.05581, 32.784821], [-17.055755, 32.784695], [-17.055721, 32.784552], [-17.055721, 32.784518], [-17.055738, 32.784399], [-17.055786, 32.784298], [-17.055815, 32.784189], [-17.05587, 32.784086], [-17.055967, 32.783914], [-17.055851, 32.783945], [-17.0557, 32.784007], [-17.055546, 32.784001], [-17.055436, 32.784001], [-17.055345, 32.784021], [-17.05521, 32.784106], [-17.055097, 32.784195], [-17.054833, 32.784318], [-17.054766, 32.784387], [-17.054754, 32.784528], [-17.054742, 32.784629], [-17.0546, 32.784681], [-17.054543, 32.784661], [-17.054432, 32.784536], [-17.05431, 32.784379], [-17.054286, 32.784245], [-17.054195, 32.78406], [-17.054099, 32.783904], [-17.05406, 32.783866], [-17.054034, 32.783892], [-17.054, 32.783991], [-17.053962, 32.784084], [-17.05388, 32.784187], [-17.053878, 32.78427], [-17.053878, 32.784366], [-17.053856, 32.784411], [-17.053717, 32.784506], [-17.053671, 32.784566], [-17.053626, 32.784726], [-17.053638, 32.784823], [-17.05352, 32.785047], [-17.053489, 32.785089], [-17.053446, 32.785154], [-17.053326, 32.785186], [-17.053105, 32.785232], [-17.052845, 32.785386], [-17.05261, 32.785472], [-17.052476, 32.785479], [-17.052392, 32.785507], [-17.052315, 32.785533], [-17.052084, 32.785622]]]}}, {"type": "Feature", "properties": {"name": "Levada do Poiso", "length_km": 1.01, "hasTunnel": false}, "geometry": {"type": "MultiLineString", "coordinates": [[[-16.9634, 32.74928], [-16.963414, 32.749287], [-16.96355, 32.749174], [-16.963617, 32.749124], [-16.963694, 32.749095], [-16.963774, 32.749057], [-16.963858, 32.748979], [-16.963953, 32.748917], [-16.963972, 32.748907], [-16.964009, 32.748903], [-16.964124, 32.748917], [-16.964147, 32.748911], [-16.964164, 32.748901], [-16.964204, 32.74884], [-16.964243, 32.748797], [-16.964268, 32.748777], [-16.964273, 32.748762], [-16.964269, 32.748747], [-16.964262, 32.748723], [-16.964269, 32.748707], [-16.964285, 32.748691], [-16.964312, 32.748688], [-16.964342, 32.748685], [-16.964366, 32.748674], [-16.964373, 32.74866], [-16.964425, 32.748577], [-16.96446, 32.748539], [-16.964492, 32.748491], [-16.964558, 32.748452], [-16.964583, 32.748438], [-16.964642, 32.748361], [-16.964647, 32.748339], [-16.964643, 32.748328], [-16.964634, 32.748279], [-16.964648, 32.748243], [-16.964667, 32.748216], [-16.964689, 32.748197], [-16.964741, 32.748174], [-16.964758, 32.748154], [-16.964806, 32.748104], [-16.964825, 32.748092], [-16.964849, 32.748084], [-16.964906, 32.748068], [-16.964925, 32.74806], [-16.964935, 32.74805], [-16.96494, 32.748017], [-16.964934, 32.747925], [-16.964941, 32.747888], [-16.964969, 32.747829], [-16.965004, 32.747788], [-16.965038, 32.747759], [-16.965057, 32.747747], [-16.965126, 32.747725], [-16.965164, 32.747708], [-16.965178, 32.747689], [-16.965336, 32.747506], [-16.965386, 32.747453], [-16.965383, 32.747442], [-16.965376, 32.747428], [-16.965299, 32.747375], [-16.965232, 32.747339], [-16.965211, 32.747319], [-16.965204, 32.747295], [-16.965214, 32.747269], [-16.965235, 32.747247], [-16.965276, 32.74722], [-16.965299, 32.747194], [-16.965362, 32.747116], [-16.965382, 32.747091], [-16.965417, 32.747041], [-16.965449, 32.746979], [-16.965456, 32.746947], [-16.965455, 32.746885], [-16.965444, 32.746827], [-16.96545, 32.746798], [-16.965462, 32.746783], [-16.965494, 32.746758], [-16.96551, 32.746744], [-16.965529, 32.746722], [-16.965537, 32.746706], [-16.965556, 32.746685], [-16.965578, 32.746661], [-16.965592, 32.746638], [-16.965602, 32.746605], [-16.965617, 32.74651], [-16.965625, 32.746496], [-16.965643, 32.746488], [-16.965688, 32.746465], [-16.965715, 32.746443], [-16.965767, 32.746388], [-16.96581, 32.746325], [-16.965891, 32.746272], [-16.965894, 32.746259], [-16.965888, 32.746245], [-16.965871, 32.746228], [-16.965836, 32.746203], [-16.965801, 32.746148], [-16.965742, 32.746006], [-16.965714, 32.745911], [-16.965708, 32.745879], [-16.965709, 32.74582], [-16.965714, 32.745744], [-16.965752, 32.745653], [-16.965817, 32.745495], [-16.965831, 32.745467], [-16.965853, 32.745446], [-16.965904, 32.745407], [-16.965939, 32.745368], [-16.965969, 32.745328], [-16.965995, 32.745275], [-16.966009, 32.745264], [-16.966027, 32.745257], [-16.966254, 32.745262], [-16.966297, 32.745255], [-16.96646, 32.745205], [-16.966528, 32.745196], [-16.966578, 32.745196], [-16.966725, 32.745205], [-16.966879, 32.745198], [-16.966946, 32.745182], [-16.96709, 32.745135], [-16.96714, 32.745124], [-16.967186, 32.745118], [-16.967256, 32.745106], [-16.967407, 32.745076], [-16.967438, 32.745066], [-16.967456, 32.745048], [-16.967527, 32.744905], [-16.967553, 32.744879], [-16.967622, 32.744805], [-16.96764, 32.744771], [-16.96764, 32.744749], [-16.967634, 32.744731], [-16.96762, 32.744705], [-16.96762, 32.744689], [-16.967625, 32.744677], [-16.967638, 32.744667], [-16.967663, 32.744649], [-16.967678, 32.744628], [-16.967701, 32.744603], [-16.96772, 32.744593], [-16.967757, 32.744581], [-16.967848, 32.744565], [-16.968055, 32.74455], [-16.968246, 32.744519], [-16.968296, 32.744515], [-16.968321, 32.74451], [-16.968341, 32.744499], [-16.968392, 32.744454], [-16.968408, 32.744439], [-16.968425, 32.744427], [-16.968478, 32.744411], [-16.968498, 32.744398], [-16.968538, 32.744369], [-16.968608, 32.744325], [-16.968683, 32.744275], [-16.968733, 32.744257], [-16.968823, 32.74422], [-16.968869, 32.74421], [-16.969053, 32.744144], [-16.969138, 32.744126], [-16.969167, 32.744113], [-16.969188, 32.744093], [-16.96922, 32.744059], [-16.969262, 32.744032], [-16.969348, 32.74399], [-16.969367, 32.743979], [-16.969412, 32.743932], [-16.969505, 32.743829], [-16.969557, 32.743792], [-16.96963, 32.743732], [-16.969719, 32.743665]]]}}, {"type": "Feature", "properties": {"name": "Levada da Corrida ou da Rouca East", "length_km": 1.0, "hasTunnel": false}, "geometry": {"type": "MultiLineString", "coordinates": [[[-16.989303, 32.701681], [-16.989292, 32.701626], [-16.989453, 32.701358], [-16.989517, 32.701267], [-16.989555, 32.70116], [-16.989657, 32.701013], [-16.989728, 32.700764], [-16.989732, 32.700719], [-16.989723, 32.700663], [-16.989643, 32.70038], [-16.989621, 32.700346], [-16.989544, 32.700332], [-16.989474, 32.700294], [-16.989355, 32.70026], [-16.989261, 32.700261], [-16.989128, 32.700289], [-16.989093, 32.700281], [-16.98905, 32.700273], [-16.989023, 32.700248], [-16.989021, 32.70022], [-16.989091, 32.700091], [-16.989121, 32.700035], [-16.989141, 32.699982], [-16.989132, 32.699928], [-16.989105, 32.69989], [-16.989031, 32.699831], [-16.988915, 32.69978], [-16.988893, 32.699726], [-16.988924, 32.699578], [-16.989027, 32.699499], [-16.989151, 32.699371], [-16.989278, 32.69931], [-16.989309, 32.699278], [-16.989322, 32.699249], [-16.989235, 32.699119], [-16.989138, 32.699016], [-16.989213, 32.698924], [-16.989269, 32.698895], [-16.989441, 32.698845], [-16.989583, 32.698832], [-16.989617, 32.698824], [-16.989641, 32.698812], [-16.989658, 32.698791], [-16.989661, 32.698745], [-16.989649, 32.698711], [-16.989607, 32.698651], [-16.989568, 32.698623], [-16.989474, 32.698528], [-16.989482, 32.698233], [-16.989635, 32.698116], [-16.989685, 32.698084], [-16.989747, 32.698067], [-16.989966, 32.698064], [-16.990087, 32.698017], [-16.990147, 32.697983], [-16.990169, 32.697936], [-16.990159, 32.697894], [-16.990095, 32.697728], [-16.990081, 32.697657], [-16.9901, 32.697515], [-16.990104, 32.697462], [-16.990087, 32.697432], [-16.989931, 32.697273], [-16.989914, 32.697241], [-16.989896, 32.697041], [-16.989874, 32.696919], [-16.989842, 32.696868], [-16.989801, 32.696843], [-16.989736, 32.696836], [-16.989659, 32.696834], [-16.989581, 32.696852], [-16.98945, 32.696913], [-16.989357, 32.696942], [-16.989222, 32.696913], [-16.989131, 32.696873], [-16.989132, 32.69681], [-16.989187, 32.696685], [-16.989193, 32.696297], [-16.989167, 32.696062], [-16.989131, 32.695943], [-16.989149, 32.695734], [-16.989175, 32.695625], [-16.989172, 32.695569], [-16.989156, 32.695487], [-16.989079, 32.695431], [-16.989007, 32.695392]], [[-16.989236, 32.70196], [-16.989246, 32.701939], [-16.989265, 32.701911], [-16.9893, 32.701882], [-16.989301, 32.70187], [-16.98923, 32.701765], [-16.989192, 32.701704]]]}}, {"type": "Feature", "properties": {"name": "Levada das Casinhas", "length_km": 1.0, "hasTunnel": false}, "geometry": {"type": "MultiLineString", "coordinates": [[[-16.935218, 32.786962], [-16.935012, 32.786799], [-16.934705, 32.786423], [-16.934279, 32.785905], [-16.933892, 32.785695], [-16.933538, 32.785409], [-16.93291, 32.784942], [-16.932847, 32.784747], [-16.932856, 32.784609], [-16.932879, 32.784547], [-16.932943, 32.78449], [-16.933387, 32.784238], [-16.933723, 32.783956], [-16.93406, 32.783663], [-16.934307, 32.783453], [-16.934601, 32.783159], [-16.93484, 32.782955], [-16.934977, 32.782885], [-16.935177, 32.782848], [-16.935326, 32.782841], [-16.935335, 32.782825], [-16.935194, 32.782655], [-16.935264, 32.782512], [-16.935231, 32.782365], [-16.935186, 32.782249], [-16.935174, 32.78217], [-16.935218, 32.782108], [-16.935591, 32.781774], [-16.935735, 32.781595], [-16.935806, 32.781302], [-16.935802, 32.781109], [-16.935964, 32.780688], [-16.936066, 32.780403], [-16.936166, 32.780218], [-16.936215, 32.780109]]]}}, {"type": "Feature", "properties": {"name": "Levada do Pico Furão", "length_km": 1.0, "hasTunnel": false}, "geometry": {"type": "MultiLineString", "coordinates": [[[-16.956879, 32.747591], [-16.956906, 32.747579], [-16.956882, 32.747501], [-16.956911, 32.747437], [-16.956949, 32.747369], [-16.957007, 32.747269], [-16.957112, 32.747246], [-16.957229, 32.747203], [-16.957318, 32.747116], [-16.957443, 32.746952], [-16.957495, 32.746909], [-16.957578, 32.746864], [-16.957644, 32.74685], [-16.9577, 32.746828], [-16.957729, 32.746782], [-16.95784, 32.746699], [-16.957939, 32.746671], [-16.957981, 32.746638], [-16.958059, 32.746564], [-16.958087, 32.746482], [-16.958147, 32.746436], [-16.95828, 32.746378], [-16.958368, 32.746324], [-16.958482, 32.74616], [-16.958543, 32.746125], [-16.958605, 32.746031], [-16.958727, 32.745976], [-16.958839, 32.745928], [-16.958972, 32.745897], [-16.959129, 32.745887], [-16.959208, 32.745895], [-16.959303, 32.745895], [-16.959478, 32.745913], [-16.959696, 32.745965], [-16.960051, 32.746015], [-16.960246, 32.746059], [-16.960389, 32.746047], [-16.960461, 32.74609], [-16.960927, 32.746169], [-16.961069, 32.746189], [-16.961166, 32.746175], [-16.961271, 32.746165], [-16.961376, 32.746147], [-16.961448, 32.746119], [-16.961664, 32.746042], [-16.961873, 32.746028], [-16.962107, 32.746085], [-16.962155, 32.746116], [-16.962296, 32.746154], [-16.962528, 32.746264], [-16.962685, 32.74639], [-16.962875, 32.746528], [-16.963058, 32.746636], [-16.963253, 32.746694], [-16.963457, 32.746706], [-16.963587, 32.746721], [-16.963631, 32.746777], [-16.963705, 32.746851], [-16.963719, 32.746953], [-16.963694, 32.747062], [-16.963672, 32.747196], [-16.963696, 32.747295], [-16.963681, 32.747354], [-16.963617, 32.747462], [-16.963607, 32.747515], [-16.963623, 32.747584], [-16.963664, 32.747816], [-16.963638, 32.748025], [-16.963689, 32.748366], [-16.963746, 32.748444], [-16.963822, 32.748415], [-16.963844, 32.7485], [-16.963789, 32.74866], [-16.963695, 32.748745]]]}}, {"type": "Feature", "properties": {"name": "Levada do Pico da Torre", "length_km": 0.94, "hasTunnel": false}, "geometry": {"type": "MultiLineString", "coordinates": [[[-16.972355, 32.653296], [-16.972329, 32.653396], [-16.972329, 32.653404], [-16.972456, 32.653427], [-16.972707, 32.653485], [-16.97308, 32.65353], [-16.973486, 32.653585], [-16.973801, 32.653728], [-16.973901, 32.653743], [-16.974041, 32.653688], [-16.974451, 32.653461], [-16.974621, 32.653339], [-16.974769, 32.653237], [-16.974798, 32.653217], [-16.974852, 32.653211], [-16.974948, 32.653187], [-16.974996, 32.653172], [-16.974985, 32.653147], [-16.974968, 32.65311], [-16.975045, 32.653081], [-16.97521, 32.653002], [-16.975701, 32.65266], [-16.975926, 32.652463], [-16.976098, 32.652301], [-16.976241, 32.652245], [-16.976298, 32.65221], [-16.976333, 32.652177], [-16.976351, 32.652129], [-16.976351, 32.652077], [-16.97621, 32.651764], [-16.976147, 32.651644], [-16.97592, 32.651345], [-16.975827, 32.651282], [-16.975716, 32.651249], [-16.974718, 32.651292], [-16.97456, 32.651277], [-16.974548, 32.651309], [-16.974026, 32.651219], [-16.973798, 32.651137], [-16.973722, 32.651088], [-16.973651, 32.651044], [-16.973322, 32.650819], [-16.973207, 32.650758], [-16.973067, 32.6507], [-16.973011, 32.650686], [-16.972951, 32.650681], [-16.97286, 32.650694], [-16.972784, 32.650721], [-16.972478, 32.651074], [-16.972427, 32.651143]]]}}, {"type": "Feature", "properties": {"name": "Levada da Ribeira da Caixa", "length_km": 0.92, "hasTunnel": false}, "geometry": {"type": "MultiLineString", "coordinates": [[[-16.982373, 32.660672], [-16.982383, 32.660787], [-16.98245, 32.66089], [-16.982536, 32.660993], [-16.982547, 32.661076], [-16.982615, 32.661172], [-16.982662, 32.661273], [-16.982701, 32.661379], [-16.982786, 32.661672], [-16.9829, 32.66187], [-16.983024, 32.661938], [-16.983265, 32.661948], [-16.983345, 32.662065], [-16.983458, 32.662199], [-16.983564, 32.662313], [-16.98362, 32.66244], [-16.983645, 32.662646], [-16.983734, 32.662705], [-16.983766, 32.66277], [-16.983828, 32.662776], [-16.983997, 32.662858], [-16.984159, 32.662991], [-16.984156, 32.663055], [-16.98418, 32.663184], [-16.984244, 32.663291], [-16.984359, 32.663528], [-16.984392, 32.663914], [-16.984367, 32.664136], [-16.984394, 32.664283], [-16.984495, 32.664344], [-16.98462, 32.66438], [-16.984959, 32.664419], [-16.985072, 32.664466], [-16.985302, 32.664636], [-16.985382, 32.664756], [-16.985341, 32.664941], [-16.98542, 32.665008], [-16.9854, 32.665063], [-16.985588, 32.665192], [-16.985595, 32.665241], [-16.98555, 32.665277], [-16.985486, 32.665282], [-16.985299, 32.665253], [-16.985214, 32.665181], [-16.985093, 32.665153], [-16.984925, 32.665191], [-16.984796, 32.665278], [-16.984731, 32.665399], [-16.984695, 32.665496], [-16.984555, 32.665847], [-16.984506, 32.666085], [-16.984467, 32.666353], [-16.984383, 32.666525], [-16.984316, 32.6666], [-16.984211, 32.666681], [-16.984112, 32.666759]]]}}, {"type": "Feature", "properties": {"name": "Levada do Meio", "length_km": 0.91, "hasTunnel": false}, "geometry": {"type": "MultiLineString", "coordinates": [[[-17.042127, 32.689235], [-17.042205, 32.689151], [-17.042295, 32.68902], [-17.042247, 32.6889], [-17.042267, 32.688787], [-17.042297, 32.688636], [-17.042381, 32.688441], [-17.042394, 32.688263], [-17.042502, 32.688178], [-17.042643, 32.688056], [-17.042768, 32.687933], [-17.042819, 32.687772], [-17.042878, 32.687705], [-17.042953, 32.687592], [-17.04302, 32.68743], [-17.043113, 32.687225], [-17.043221, 32.68705], [-17.043295, 32.686879], [-17.043288, 32.686757], [-17.043234, 32.686663], [-17.043199, 32.686577], [-17.043266, 32.686489], [-17.043403, 32.686388], [-17.043365, 32.686231], [-17.043339, 32.686102], [-17.043348, 32.686005], [-17.043495, 32.685971], [-17.043636, 32.685948], [-17.043746, 32.685901], [-17.043819, 32.685835], [-17.04388, 32.685755], [-17.04395, 32.685611], [-17.044043, 32.685499], [-17.044174, 32.68535], [-17.0443, 32.685207], [-17.044457, 32.685094], [-17.044577, 32.684973], [-17.044546, 32.684873], [-17.044503, 32.684718], [-17.044552, 32.684426], [-17.044642, 32.684249], [-17.044738, 32.684086], [-17.044762, 32.68394], [-17.044794, 32.68382], [-17.044848, 32.683729], [-17.044883, 32.683568], [-17.044883, 32.68341], [-17.044841, 32.683303], [-17.044812, 32.683235], [-17.044732, 32.68318], [-17.044513, 32.683122], [-17.04423, 32.683152], [-17.043587, 32.683291], [-17.043471, 32.683286], [-17.043477, 32.683219], [-17.043487, 32.683152]]]}}, {"type": "Feature", "properties": {"name": "Vereda da Levada do Pico do Rancho", "length_km": 0.91, "hasTunnel": false}, "geometry": {"type": "MultiLineString", "coordinates": [[[-16.992821, 32.655098], [-16.992901, 32.655112], [-16.993027, 32.655152], [-16.993086, 32.655123], [-16.993231, 32.654988], [-16.993239, 32.654949]], [[-16.989623, 32.6543], [-16.989702, 32.654323], [-16.989743, 32.654333], [-16.989811, 32.654358], [-16.989886, 32.654387], [-16.989957, 32.654401], [-16.990106, 32.654445], [-16.990358, 32.654493], [-16.990619, 32.654545], [-16.990758, 32.654608], [-16.990832, 32.654623], [-16.990975, 32.654638], [-16.99123, 32.654701], [-16.991455, 32.654787], [-16.991579, 32.654818], [-16.991683, 32.654879], [-16.991898, 32.654938], [-16.992131, 32.65501], [-16.992386, 32.655074], [-16.99256, 32.655098], [-16.992581, 32.655248], [-16.992678, 32.655392], [-16.992919, 32.655493], [-16.993302, 32.655525], [-16.9936, 32.65549], [-16.993616, 32.655549], [-16.993748, 32.655581], [-16.993754, 32.655678], [-16.993694, 32.655878], [-16.993629, 32.656057], [-16.993574, 32.656116], [-16.993539, 32.656152], [-16.993462, 32.656155], [-16.993387, 32.656332], [-16.993307, 32.656414], [-16.993235, 32.656482], [-16.993115, 32.656708], [-16.992981, 32.656614], [-16.992787, 32.656774], [-16.992743, 32.656749], [-16.992657, 32.65681], [-16.992528, 32.656864], [-16.992521, 32.656967]], [[-16.989466, 32.653591], [-16.989494, 32.653821], [-16.989453, 32.654105], [-16.989389, 32.654267]], [[-16.989389, 32.654267], [-16.989374, 32.654391]], [[-16.989389, 32.654267], [-16.989248, 32.654224], [-16.989007, 32.654216], [-16.988659, 32.65413], [-16.988502, 32.654091], [-16.988343, 32.653943]]]}}, {"type": "Feature", "properties": {"name": "Vereda da Levada do Facho", "length_km": 0.89, "hasTunnel": false}, "geometry": {"type": "MultiLineString", "coordinates": [[[-17.00208, 32.663236], [-17.00206, 32.663173], [-17.00206, 32.663143], [-17.001981, 32.662831], [-17.002055, 32.662655], [-17.002229, 32.66248], [-17.002275, 32.662296], [-17.002294, 32.662093], [-17.002404, 32.661734], [-17.00242, 32.66136], [-17.002412, 32.66128], [-17.002423, 32.661226], [-17.002426, 32.661124], [-17.00253, 32.660968], [-17.002553, 32.660918], [-17.002543, 32.660822], [-17.002475, 32.660681], [-17.002427, 32.660451], [-17.002388, 32.660358], [-17.002059, 32.659923], [-17.001831, 32.659586], [-17.001618, 32.659341], [-17.001524, 32.659243], [-17.001113, 32.659002], [-17.001036, 32.658945], [-17.000995, 32.658859], [-17.000923, 32.65869], [-17.000904, 32.658456], [-17.000899, 32.658203], [-17.000977, 32.658064], [-17.00124, 32.657644], [-17.00128, 32.657601], [-17.001351, 32.657557]], [[-17.001647, 32.657744], [-17.001555, 32.657722], [-17.001505, 32.657737], [-17.001464, 32.657735], [-17.00143, 32.657713], [-17.001414, 32.657675], [-17.00138, 32.657606], [-17.001351, 32.657557]], [[-17.001351, 32.657557], [-17.001196, 32.657278], [-17.001037, 32.65694], [-17.000932, 32.656747], [-17.000883, 32.656607], [-17.000846, 32.656509], [-17.000828, 32.656343]]]}}, {"type": "Feature", "properties": {"name": "Antiga Levada do Norte", "length_km": 0.85, "hasTunnel": false}, "geometry": {"type": "MultiLineString", "coordinates": [[[-17.018883, 32.743695], [-17.018772, 32.743631], [-17.018726, 32.743581], [-17.018704, 32.743521], [-17.018677, 32.743356], [-17.018743, 32.74325], [-17.01873, 32.743156], [-17.018622, 32.743039], [-17.018604, 32.742935], [-17.018494, 32.742904], [-17.018432, 32.742829], [-17.018328, 32.742784], [-17.018201, 32.742663], [-17.01808, 32.742622], [-17.017931, 32.742601], [-17.017763, 32.742508], [-17.017587, 32.742346], [-17.01739, 32.742402], [-17.017174, 32.742594], [-17.016738, 32.742629], [-17.016555, 32.74271], [-17.016368, 32.742854], [-17.01598, 32.743043]], [[-17.014653, 32.743177], [-17.01428, 32.742866], [-17.014247, 32.742839], [-17.014072, 32.742859], [-17.013865, 32.742814], [-17.013565, 32.742935], [-17.013262, 32.742874], [-17.012883, 32.743076], [-17.01256, 32.743265], [-17.012452, 32.743353], [-17.012403, 32.743577], [-17.012336, 32.743625], [-17.012229, 32.743653], [-17.01203, 32.743701], [-17.011919, 32.743727], [-17.011809, 32.743791], [-17.011652, 32.743786], [-17.011522, 32.743704], [-17.011582, 32.743568], [-17.011472, 32.743498], [-17.011383, 32.7434], [-17.011319, 32.743311], [-17.011241, 32.743115], [-17.011287, 32.743029], [-17.011286, 32.74292]]]}}, {"type": "Feature", "properties": {"name": "Levada das 25 Fontes", "length_km": 0.85, "hasTunnel": false}, "geometry": {"type": "MultiLineString", "coordinates": [[[-17.136233, 32.762416], [-17.135787, 32.76274], [-17.135495, 32.763015], [-17.135323, 32.763022], [-17.13519, 32.763013], [-17.135014, 32.763072], [-17.134581, 32.763051], [-17.134405, 32.763015], [-17.134379, 32.763332], [-17.134259, 32.763405], [-17.134173, 32.763534], [-17.134173, 32.763679], [-17.13401, 32.763737], [-17.133778, 32.763751], [-17.133684, 32.76396], [-17.133366, 32.764213], [-17.133169, 32.764148], [-17.132722, 32.763866], [-17.132551, 32.763953], [-17.132371, 32.763975], [-17.132044, 32.763758], [-17.131461, 32.763744], [-17.131234, 32.76365], [-17.131163, 32.763459], [-17.131159, 32.763272], [-17.131047, 32.763219], [-17.130978, 32.763078], [-17.130653, 32.762975], [-17.130458, 32.762791], [-17.130435, 32.76274], [-17.130339, 32.762798], [-17.130066, 32.762815], [-17.12992, 32.762798], [-17.129494, 32.762562]]]}}, {"type": "Feature", "properties": {"name": "Levada do Cabouco", "length_km": 0.79, "hasTunnel": false}, "geometry": {"type": "MultiLineString", "coordinates": [[[-16.993516, 32.821683], [-16.993648, 32.821619], [-16.993747, 32.821573], [-16.993815, 32.821502], [-16.993885, 32.821456], [-16.993995, 32.821415], [-16.994067, 32.821406], [-16.99416, 32.821408], [-16.994318, 32.821429], [-16.994482, 32.821424], [-16.994592, 32.821429], [-16.994795, 32.821414], [-16.994839, 32.821353], [-16.994899, 32.8213], [-16.99494, 32.821278], [-16.995009, 32.821257], [-16.995065, 32.821265], [-16.995189, 32.821311], [-16.995241, 32.821328], [-16.995274, 32.821348], [-16.99547, 32.821273], [-16.995783, 32.821216], [-16.995935, 32.821211], [-16.99616, 32.821196], [-16.996485, 32.821169], [-16.996548, 32.821139], [-16.996687, 32.821063], [-16.99679, 32.821049], [-16.996828, 32.821039], [-16.99708, 32.821016], [-16.997165, 32.820995], [-16.997508, 32.820894], [-16.997559, 32.820859], [-16.997651, 32.820843], [-16.997731, 32.820827], [-16.997802, 32.820799], [-16.998111, 32.82071], [-16.998252, 32.820711], [-16.998455, 32.820712], [-16.998624, 32.820722], [-16.998842, 32.820765], [-16.99918, 32.820781], [-16.999454, 32.820743], [-16.9998, 32.820773], [-16.999922, 32.820815], [-16.99993, 32.820828], [-16.999959, 32.820852], [-17.0, 32.820853], [-17.000334, 32.820741], [-17.000534, 32.820741], [-17.000601, 32.820739], [-17.000638, 32.82072], [-17.000653, 32.820668], [-17.000657, 32.820573], [-17.000594, 32.820447], [-17.000516, 32.820326], [-17.000487, 32.820212], [-17.00048, 32.820075], [-17.000443, 32.819981]]]}}, {"type": "Feature", "properties": {"name": "Vereda da Levada das Romeiras", "length_km": 0.72, "hasTunnel": false}, "geometry": {"type": "MultiLineString", "coordinates": [[[-16.947966, 32.666381], [-16.947952, 32.66634], [-16.947786, 32.666383], [-16.947624, 32.666421], [-16.947359, 32.666473], [-16.947262, 32.666476], [-16.947124, 32.666422], [-16.946999, 32.666377], [-16.946923, 32.666309], [-16.946888, 32.666263], [-16.946841, 32.666064], [-16.946772, 32.665812], [-16.9467, 32.665581], [-16.946685, 32.665532], [-16.946676, 32.665508], [-16.94663, 32.665363], [-16.94659, 32.665166], [-16.946569, 32.665115], [-16.946545, 32.665073], [-16.946537, 32.665028], [-16.946456, 32.664902], [-16.946377, 32.664792], [-16.946344, 32.664708], [-16.946275, 32.664627], [-16.946086, 32.664525], [-16.945853, 32.664414], [-16.945786, 32.6644], [-16.945712, 32.664395], [-16.945648, 32.66437], [-16.945494, 32.664302], [-16.945405, 32.664278]], [[-16.945749, 32.664297], [-16.945724, 32.66433], [-16.945718, 32.664338], [-16.945604, 32.664287], [-16.945416, 32.664248], [-16.945405, 32.664278]], [[-16.945405, 32.664278], [-16.945387, 32.664273], [-16.945384, 32.664286], [-16.945161, 32.664249], [-16.94513, 32.664223], [-16.945081, 32.664127], [-16.944939, 32.663855], [-16.944884, 32.663755], [-16.944874, 32.663704], [-16.944871, 32.663665], [-16.944859, 32.663637], [-16.94485, 32.663622], [-16.94484, 32.663597], [-16.944819, 32.663557], [-16.944718, 32.663389], [-16.944681, 32.663235], [-16.944667, 32.663158], [-16.944636, 32.662847], [-16.944555, 32.662812], [-16.944612, 32.662714], [-16.94467, 32.662648], [-16.944692, 32.662629]], [[-16.945203, 32.662677], [-16.945167, 32.662658], [-16.9449, 32.662501], [-16.944868, 32.662509], [-16.944857, 32.662545], [-16.944829, 32.662572], [-16.944789, 32.6626], [-16.944721, 32.662647]]]}}, {"type": "Feature", "properties": {"name": "Levada do Lombo", "length_km": 0.67, "hasTunnel": true}, "geometry": {"type": "MultiLineString", "coordinates": [[[-17.002723, 32.811996], [-17.002904, 32.812285], [-17.002922, 32.812389], [-17.002958, 32.812593], [-17.002957, 32.812733], [-17.00294, 32.812785], [-17.002969, 32.812803], [-17.002938, 32.812869], [-17.002885, 32.81285], [-17.002872, 32.812855], [-17.002871, 32.812905], [-17.002864, 32.81296], [-17.002844, 32.812996], [-17.002835, 32.813031], [-17.002832, 32.813109], [-17.002828, 32.813166], [-17.002803, 32.813234], [-17.002764, 32.813358], [-17.002718, 32.813447], [-17.00262, 32.813537], [-17.002464, 32.813685], [-17.002432, 32.813726], [-17.002389, 32.813781], [-17.002345, 32.813896], [-17.002339, 32.813921], [-17.002339, 32.813947], [-17.002342, 32.813972], [-17.00237, 32.814065], [-17.002414, 32.814185], [-17.002417, 32.814243], [-17.0024, 32.814324], [-17.002384, 32.81438], [-17.002364, 32.814434], [-17.002332, 32.814475], [-17.002308, 32.814515], [-17.002279, 32.814555], [-17.002244, 32.814598], [-17.002219, 32.814619], [-17.002185, 32.81463], [-17.002102, 32.814678], [-17.002024, 32.814703], [-17.001949, 32.814686], [-17.001767, 32.814735], [-17.001712, 32.814841], [-17.001397, 32.814756], [-17.001369, 32.814758], [-17.001327, 32.814778], [-17.001303, 32.814822], [-17.001292, 32.81485], [-17.0013, 32.814877], [-17.001307, 32.814895], [-17.001321, 32.814915], [-17.00138, 32.81498], [-17.001433, 32.815033], [-17.001455, 32.815048], [-17.001496, 32.815062], [-17.001538, 32.815075], [-17.001561, 32.815078], [-17.001588, 32.815085], [-17.001616, 32.815096], [-17.00167, 32.815132], [-17.001689, 32.815153], [-17.001702, 32.815174], [-17.001711, 32.815198], [-17.001716, 32.815222], [-17.001715, 32.815255], [-17.001701, 32.815281], [-17.001623, 32.815393], [-17.00156, 32.815456], [-17.001501, 32.815522], [-17.001457, 32.815573], [-17.001424, 32.815685], [-17.001394, 32.815828], [-17.001359, 32.815968], [-17.001307, 32.816067], [-17.001282, 32.816118], [-17.001257, 32.816147], [-17.001234, 32.816181], [-17.001184, 32.81628], [-17.001175, 32.816307], [-17.001173, 32.816334], [-17.001177, 32.816359], [-17.001184, 32.816378], [-17.001199, 32.81641], [-17.001228, 32.816453], [-17.001248, 32.816478], [-17.001263, 32.816495], [-17.001305, 32.816609], [-17.001323, 32.816696]]]}}, {"type": "Feature", "properties": {"name": "Levada do Pico do Cardo de Dentro", "length_km": 0.65, "hasTunnel": false}, "geometry": {"type": "MultiLineString", "coordinates": [[[-16.950569, 32.672094], [-16.950883, 32.672586], [-16.95096, 32.672731], [-16.951024, 32.672869], [-16.95105, 32.672991], [-16.951058, 32.673107], [-16.951109, 32.673147], [-16.951124, 32.673159], [-16.951197, 32.673189], [-16.951275, 32.673222], [-16.951372, 32.673355], [-16.951401, 32.673426], [-16.951456, 32.673564], [-16.951511, 32.673737], [-16.951515, 32.67388], [-16.95146, 32.674184], [-16.951411, 32.674528], [-16.951387, 32.6747], [-16.951381, 32.674751]], [[-16.950278, 32.671714], [-16.950423, 32.671857], [-16.950534, 32.672006], [-16.95053, 32.672058]], [[-16.950278, 32.671714], [-16.950209, 32.671743]], [[-16.950054, 32.669462], [-16.950107, 32.669562], [-16.950047, 32.669721], [-16.949972, 32.66991], [-16.9499, 32.670199], [-16.949853, 32.670378], [-16.949858, 32.67057], [-16.949946, 32.670706], [-16.950051, 32.670761], [-16.950264, 32.670867], [-16.950343, 32.671018], [-16.950344, 32.671028], [-16.950364, 32.671201], [-16.950346, 32.671351], [-16.950322, 32.671569], [-16.950271, 32.671647], [-16.950275, 32.671685], [-16.950278, 32.671714]]]}}, {"type": "Feature", "properties": {"name": "Levada da Ginjas ou da Passada", "length_km": 0.64, "hasTunnel": false}, "geometry": {"type": "MultiLineString", "coordinates": [[[-17.04618, 32.783916], [-17.046528, 32.783941], [-17.046685, 32.783877], [-17.046728, 32.783822], [-17.047066, 32.783885], [-17.047251, 32.783981], [-17.047475, 32.784209], [-17.047567, 32.784212], [-17.047718, 32.784057], [-17.047994, 32.784024], [-17.048152, 32.783854], [-17.048442, 32.783698], [-17.048766, 32.783568], [-17.048925, 32.783658], [-17.049106, 32.783676], [-17.049235, 32.783698], [-17.049435, 32.783833], [-17.049723, 32.783927], [-17.049931, 32.784025], [-17.050053, 32.784259], [-17.050182, 32.784505], [-17.050319, 32.784671], [-17.050366, 32.784686], [-17.05058, 32.784746], [-17.050737, 32.784643], [-17.050869, 32.784548], [-17.050974, 32.7844], [-17.051153, 32.784238], [-17.051575, 32.784031]]]}}, {"type": "Feature", "properties": {"name": "Caminho da Levada do Rancho", "length_km": 0.61, "hasTunnel": false}, "geometry": {"type": "MultiLineString", "coordinates": [[[-16.987745, 32.653964], [-16.987821, 32.654028], [-16.987889, 32.654082], [-16.988071, 32.654205], [-16.988218, 32.654308], [-16.988349, 32.654439], [-16.988496, 32.654571], [-16.988664, 32.654707], [-16.988725, 32.654796], [-16.988815, 32.654962], [-16.98893, 32.655166], [-16.989008, 32.655236], [-16.989053, 32.655302], [-16.989285, 32.655417], [-16.989435, 32.655611], [-16.989452, 32.655819], [-16.989449, 32.655849], [-16.989702, 32.655905], [-16.990096, 32.655943], [-16.990431, 32.656049], [-16.990702, 32.656239], [-16.99089, 32.656573], [-16.991139, 32.656751], [-16.991492, 32.656845], [-16.991566, 32.656864], [-16.991938, 32.656917]], [[-16.988106, 32.653485], [-16.988079, 32.653628], [-16.987745, 32.653882]]]}}, {"type": "Feature", "properties": {"name": "Vereda da Levada da Achadinha", "length_km": 0.6, "hasTunnel": false}, "geometry": {"type": "MultiLineString", "coordinates": [[[-17.025506, 32.736586], [-17.025522, 32.736592], [-17.025612, 32.736444], [-17.025814, 32.736541], [-17.025899, 32.736664], [-17.025867, 32.736766], [-17.025955, 32.737], [-17.02594, 32.737114], [-17.026017, 32.737172], [-17.026081, 32.737225], [-17.026139, 32.737599], [-17.026943, 32.737911], [-17.027286, 32.737932], [-17.027669, 32.737896], [-17.027835, 32.737975], [-17.027954, 32.738191], [-17.027976, 32.738503], [-17.028311, 32.738524], [-17.028513, 32.73847], [-17.028755, 32.738461], [-17.028979, 32.738634], [-17.029224, 32.738688], [-17.029275, 32.738867], [-17.029484, 32.739031], [-17.029595, 32.739282]]]}}, {"type": "Feature", "properties": {"name": "Levada dos Ilhéus", "length_km": 0.58, "hasTunnel": false}, "geometry": {"type": "MultiLineString", "coordinates": [[[-16.923133, 32.646341], [-16.923151, 32.646348], [-16.923168, 32.646369], [-16.923193, 32.646426], [-16.923223, 32.646567], [-16.923254, 32.646656], [-16.923305, 32.646736], [-16.923347, 32.64682], [-16.923397, 32.646932], [-16.923422, 32.646979], [-16.923459, 32.64701], [-16.923567, 32.647066], [-16.923685, 32.647143], [-16.923768, 32.647183], [-16.92383, 32.647201], [-16.923913, 32.647249], [-16.924137, 32.647476], [-16.924185, 32.647524], [-16.924239, 32.647608], [-16.924397, 32.647737], [-16.924444, 32.647788], [-16.92459, 32.647882], [-16.924674, 32.647939], [-16.924819, 32.647988], [-16.924974, 32.64806], [-16.925055, 32.648127], [-16.925103, 32.648147], [-16.925146, 32.648162], [-16.92521, 32.648194], [-16.925329, 32.648268], [-16.925422, 32.648304], [-16.925618, 32.648375], [-16.925739, 32.648396], [-16.925866, 32.648436], [-16.925925, 32.648456], [-16.926001, 32.648496], [-16.926058, 32.648564], [-16.92608, 32.648614], [-16.926226, 32.648764], [-16.926322, 32.648865], [-16.926368, 32.648885]], [[-16.923227, 32.645815], [-16.923237, 32.645949], [-16.923264, 32.646052], [-16.923292, 32.646106], [-16.923253, 32.646195], [-16.923245, 32.646304], [-16.923233, 32.646329], [-16.923173, 32.646348], [-16.923151, 32.646337], [-16.923141, 32.646337], [-16.923133, 32.646341]], [[-16.923133, 32.646341], [-16.923116, 32.646337], [-16.92294, 32.646202], [-16.922899, 32.646177], [-16.922872, 32.646164], [-16.922837, 32.646166], [-16.922801, 32.64616], [-16.922777, 32.64615], [-16.922752, 32.646127], [-16.922726, 32.646079], [-16.922702, 32.646026], [-16.922648, 32.645908], [-16.922636, 32.645874], [-16.922625, 32.645871], [-16.922603, 32.645872]]]}}, {"type": "Feature", "properties": {"name": "Vereda da Levada da Serra", "length_km": 0.57, "hasTunnel": false}, "geometry": {"type": "MultiLineString", "coordinates": [[[-16.999327, 32.655982], [-16.999179, 32.65596], [-16.999068, 32.655778], [-16.998949, 32.655561], [-16.998889, 32.655453], [-16.998651, 32.655198], [-16.998467, 32.655088], [-16.998331, 32.65506], [-16.998254, 32.655043], [-16.997973, 32.655008], [-16.99769, 32.654935], [-16.997523, 32.654924], [-16.997324, 32.654911], [-16.997108, 32.654968], [-16.997389, 32.655107], [-16.997014, 32.655224], [-16.996677, 32.655366], [-16.99653, 32.65541], [-16.996305, 32.655417], [-16.996052, 32.655364], [-16.995842, 32.655274], [-16.995657, 32.655138], [-16.995586, 32.655209]], [[-16.995761, 32.655289], [-16.995666, 32.655429], [-16.995538, 32.655601], [-16.995398, 32.655731], [-16.995285, 32.655917]]]}}, {"type": "Feature", "properties": {"name": "Levada dos Louros", "length_km": 0.54, "hasTunnel": false}, "geometry": {"type": "MultiLineString", "coordinates": [[[-16.984545, 32.776607], [-16.984523, 32.776877], [-16.984435, 32.777098], [-16.984207, 32.777289], [-16.983838, 32.777536], [-16.983505, 32.777666], [-16.983165, 32.777686], [-16.982805, 32.777739], [-16.982547, 32.777793], [-16.98221, 32.777924], [-16.982026, 32.778037], [-16.981857, 32.778139], [-16.981427, 32.778237], [-16.981194, 32.778411], [-16.980997, 32.778641], [-16.980843, 32.778878], [-16.980689, 32.779112], [-16.980611, 32.779323], [-16.980553, 32.779486]]]}}, {"type": "Feature", "properties": {"name": "Vereda da Levada do Poço Barral", "length_km": 0.52, "hasTunnel": false}, "geometry": {"type": "MultiLineString", "coordinates": [[[-16.946819, 32.654969], [-16.946615, 32.654928], [-16.94632, 32.654879], [-16.946201, 32.654858], [-16.945942, 32.654882], [-16.945675, 32.654916], [-16.945592, 32.654921], [-16.945543, 32.654916], [-16.945347, 32.654849], [-16.945287, 32.654823], [-16.945154, 32.65469], [-16.945108, 32.654661], [-16.945027, 32.65463], [-16.944916, 32.654597], [-16.944823, 32.654581], [-16.944642, 32.654585], [-16.944262, 32.654583], [-16.944215, 32.6546], [-16.944175, 32.654615], [-16.944046, 32.654636], [-16.943901, 32.654664], [-16.943626, 32.654666], [-16.943225, 32.654678], [-16.943009, 32.654693], [-16.942688, 32.654612], [-16.942669, 32.654607], [-16.942604, 32.654589], [-16.942526, 32.65456], [-16.941875, 32.654258], [-16.941795, 32.654227], [-16.941709, 32.654217], [-16.941553, 32.654221], [-16.941529, 32.654221]]]}}, {"type": "Feature", "properties": {"name": "Levada do Pico de Gaula", "length_km": 0.51, "hasTunnel": false}, "geometry": {"type": "MultiLineString", "coordinates": [[[-16.835292, 32.685302], [-16.835292, 32.685282], [-16.835254, 32.685212], [-16.835222, 32.685143], [-16.835192, 32.685068], [-16.835155, 32.685004], [-16.834968, 32.684813], [-16.834885, 32.684713], [-16.834776, 32.684493], [-16.834601, 32.684314], [-16.834519, 32.684064], [-16.834526, 32.683975], [-16.834443, 32.683853], [-16.834365, 32.683685], [-16.834346, 32.683534], [-16.834346, 32.683295], [-16.834357, 32.683123], [-16.834281, 32.682947], [-16.834137, 32.682799], [-16.833893, 32.682574], [-16.833776, 32.682367], [-16.83374, 32.68211], [-16.833667, 32.682013], [-16.83356, 32.681945], [-16.833397, 32.681914], [-16.833177, 32.681839], [-16.832949, 32.681723], [-16.832928, 32.681714], [-16.832867, 32.681549], [-16.83287, 32.681484]]]}}]}